-- phpMyAdmin SQL Dump
-- version 4.6.0deb1.trusty~ppa.1
-- http://www.phpmyadmin.net
--
-- Host: localhost
-- Generation Time: Aug 29, 2016 at 04:23 PM
-- Server version: 5.5.50-0ubuntu0.14.04.1
-- PHP Version: 5.5.9-1ubuntu4.19

SET SQL_MODE = "NO_AUTO_VALUE_ON_ZERO";
SET time_zone = "+00:00";


/*!40101 SET @OLD_CHARACTER_SET_CLIENT=@@CHARACTER_SET_CLIENT */;
/*!40101 SET @OLD_CHARACTER_SET_RESULTS=@@CHARACTER_SET_RESULTS */;
/*!40101 SET @OLD_COLLATION_CONNECTION=@@COLLATION_CONNECTION */;
/*!40101 SET NAMES utf8mb4 */;

--
-- Database: `base-app-live`
--

-- --------------------------------------------------------

--
-- Table structure for table `admins`
--

CREATE TABLE `admins` (
  `admin_id` int(11) NOT NULL,
  `admin_full_name` varchar(150) COLLATE utf8_unicode_ci NOT NULL,
  `admin_email` varchar(100) COLLATE utf8_unicode_ci NOT NULL,
  `admin_password` varchar(50) COLLATE utf8_unicode_ci NOT NULL,
  `admin_hash` varchar(50) COLLATE utf8_unicode_ci NOT NULL,
  `admin_type` int(11) NOT NULL,
  `admin_status` enum('active','inactive') COLLATE utf8_unicode_ci NOT NULL,
  `admin_last_login` timestamp NOT NULL DEFAULT CURRENT_TIMESTAMP,
  `admin_language` varchar(10) COLLATE utf8_unicode_ci NOT NULL,
  `created_at` timestamp NOT NULL DEFAULT '0000-00-00 00:00:00',
  `updated_at` timestamp NOT NULL DEFAULT '0000-00-00 00:00:00',
  `updated_by` int(11) NOT NULL,
  `updated_on` datetime NOT NULL
) ENGINE=InnoDB DEFAULT CHARSET=utf8 COLLATE=utf8_unicode_ci;

-- --------------------------------------------------------

--
-- Table structure for table `admin_logs`
--

CREATE TABLE `admin_logs` (
  `AL_id` int(11) NOT NULL,
  `AL_admin_id` int(11) NOT NULL,
  `AL_ip_address` varchar(100) COLLATE utf8_unicode_ci NOT NULL,
  `created_at` timestamp NOT NULL DEFAULT '0000-00-00 00:00:00',
  `updated_at` timestamp NOT NULL DEFAULT '0000-00-00 00:00:00',
  `is_locked` int(11) NOT NULL,
  `updated_by` int(11) NOT NULL,
  `updated_on` datetime NOT NULL
) ENGINE=InnoDB DEFAULT CHARSET=utf8 COLLATE=utf8_unicode_ci;

-- --------------------------------------------------------

--
-- Table structure for table `admin_permission`
--

CREATE TABLE `admin_permission` (
  `AP_id` int(11) NOT NULL,
  `AP_AT_id` int(11) NOT NULL,
  `AP_module_name` varchar(255) COLLATE utf8_unicode_ci NOT NULL,
  `AP_action_name` varchar(255) COLLATE utf8_unicode_ci NOT NULL,
  `created_at` timestamp NOT NULL DEFAULT '0000-00-00 00:00:00',
  `updated_at` timestamp NOT NULL DEFAULT '0000-00-00 00:00:00',
  `updated_by` int(11) NOT NULL,
  `updated_on` datetime NOT NULL
) ENGINE=InnoDB DEFAULT CHARSET=utf8 COLLATE=utf8_unicode_ci;

-- --------------------------------------------------------

--
-- Table structure for table `admin_types`
--

CREATE TABLE `admin_types` (
  `AT_id` int(11) NOT NULL,
  `AT_type` varchar(255) COLLATE utf8_unicode_ci NOT NULL,
  `AT_details` text COLLATE utf8_unicode_ci NOT NULL,
  `AT_event_permission` enum('all','selected','created') COLLATE utf8_unicode_ci NOT NULL DEFAULT 'created',
  `AT_sales_report` enum('yes','no') COLLATE utf8_unicode_ci NOT NULL DEFAULT 'no',
  `AT_profit_report` enum('yes','no') COLLATE utf8_unicode_ci NOT NULL DEFAULT 'no',
  `AT_event_report` enum('yes','no') COLLATE utf8_unicode_ci NOT NULL DEFAULT 'no',
  `AT_user_report` enum('yes','no') COLLATE utf8_unicode_ci NOT NULL DEFAULT 'no',
  `created_at` timestamp NOT NULL DEFAULT '0000-00-00 00:00:00',
  `updated_at` timestamp NOT NULL DEFAULT '0000-00-00 00:00:00',
  `updated_by` int(11) NOT NULL,
  `updated_on` datetime NOT NULL
) ENGINE=InnoDB DEFAULT CHARSET=utf8 COLLATE=utf8_unicode_ci;

-- --------------------------------------------------------

--
-- Table structure for table `apps_details`
--

CREATE TABLE `apps_details` (
  `app_id` int(10) UNSIGNED NOT NULL,
  `tracking_number` varchar(255) COLLATE utf8_unicode_ci NOT NULL,
  `app_status` int(11) NOT NULL,
  `company_id` int(11) NOT NULL,
  `user_id` int(11) NOT NULL,
  `submitted_by` varchar(255) CHARACTER SET utf8 NOT NULL,
  `submitted_contact` varchar(255) CHARACTER SET utf8 NOT NULL,
  `discount_price` float DEFAULT NULL,
  `total_discount_price` float DEFAULT NULL,
  `total_price` float NOT NULL,
  `total_vat` float NOT NULL DEFAULT '0',
  `tentative_duration` int(11) NOT NULL,
  `payable` float NOT NULL,
  `created_at` timestamp NOT NULL DEFAULT '0000-00-00 00:00:00',
  `updated_at` timestamp NOT NULL DEFAULT '0000-00-00 00:00:00',
  `is_locked` int(11) NOT NULL,
  `updated_by` int(11) NOT NULL
) ENGINE=InnoDB DEFAULT CHARSET=utf8 COLLATE=utf8_unicode_ci;

--
-- Dumping data for table `apps_details`
--

INSERT INTO `apps_details` (`app_id`, `tracking_number`, `app_status`, `company_id`, `user_id`, `submitted_by`, `submitted_contact`, `discount_price`, `total_discount_price`, `total_price`, `total_vat`, `tentative_duration`, `payable`, `created_at`, `updated_at`, `is_locked`, `updated_by`) VALUES
(1, 'May2016000001', 0, 112, 563, 'Samir Paul', '01713413359', NULL, NULL, 0, 0, 0, 0, '2016-05-26 04:11:44', '2016-05-26 04:11:44', 0, 563),
(2, 'Jun2016000002', 2, 9, 345, 'Mr. Nazmul', '015445454564', NULL, 0, 6000, 0, 0, 0, '2016-06-04 02:47:12', '2016-08-23 22:41:58', 0, 89),
(3, 'Jun2016000003', 2, 9, 345, 'Mr. Nazmul', '015445454564', NULL, 0, 6000, 0, 0, 0, '2016-06-04 02:48:18', '2016-08-23 21:37:37', 0, 89),
(4, 'Jun2016000004', 2, 9, 345, 'Mr. Nazmul', '015445454564', NULL, 0, 6000, 0, 0, 0, '2016-06-04 03:47:19', '2016-08-23 21:34:36', 0, 89),
(5, 'Jun2016000005', 2, 9, 345, 'Mr. Nazmul', '015445454564', NULL, 0, 10000, 0, 0, 0, '2016-06-04 21:55:36', '2016-08-23 06:15:38', 0, 89),
(6, 'Jun2016000006', 2, 9, 345, 'Mr. Nazmul', '015445454564', NULL, 0, 6000, 0, 0, 0, '2016-06-04 22:00:04', '2016-08-23 05:42:49', 0, 89),
(7, 'Jun2016000007', 2, 9, 345, 'Mr. Nazmul', '015445454564', NULL, 0, 6000, 0, 0, 0, '2016-06-04 22:27:23', '2016-08-23 05:40:05', 0, 89),
(11, 'Aug2016000011', 2, 27, 70, 'Khaleda', '01722393251', NULL, 0, 6000, 0, 0, 0, '2016-08-23 05:29:55', '2016-08-23 05:32:50', 0, 89),
(12, 'Aug2016000012', 2, 27, 70, 'Khaleda', '01722393251', NULL, 0, 6000, 0, 0, 0, '2016-08-23 22:44:25', '2016-08-23 22:45:48', 0, 89),
(13, 'Aug2016000013', 2, 27, 70, 'Khaleda', '01722393251', NULL, 0, 3000, 0, 0, 0, '2016-08-23 22:46:33', '2016-08-23 22:47:52', 0, 89),
(14, 'Aug2016000014', 2, 27, 70, 'Khaleda', '01722393251', NULL, 6000, 6000, 900, 0, 0, '2016-08-23 22:47:11', '2016-08-23 22:50:40', 0, 89),
(15, 'Aug2016000015', 2, 27, 70, 'Khaleda', '01722393251', NULL, 0, 6000, 0, 0, 0, '2016-08-23 22:55:50', '2016-08-23 22:56:30', 0, 89),
(16, 'Aug2016000016', 2, 27, 70, 'Khaleda', '01722393251', NULL, 0, 3000, 0, 0, 0, '2016-08-23 22:57:39', '2016-08-23 22:58:54', 0, 89),
(17, 'Aug2016000017', 2, 27, 70, 'Khaleda', '01722393251', NULL, 0, 3000, 0, 0, 0, '2016-08-23 23:00:07', '2016-08-23 23:00:53', 0, 89),
(18, 'Aug2016000018', 2, 27, 70, 'Khaleda', '01722393251', NULL, 0, 6000, 0, 0, 0, '2016-08-23 23:32:34', '2016-08-23 23:33:18', 0, 89),
(19, 'Aug2016000019', 2, 27, 70, 'Khaleda', '01722393251', NULL, 6000, 6000, 900, 0, 0, '2016-08-23 23:35:40', '2016-08-23 23:36:03', 0, 89),
(20, 'Aug2016000020', 2, 27, 70, 'Khaleda', '01722393251', NULL, 0, 6500, 0, 0, 0, '2016-08-24 01:15:03', '2016-08-24 01:16:05', 0, 89),
(21, 'Aug2016000021', 2, 27, 70, 'Khaleda', '01722393251', NULL, 6000, 6000, 900, 0, 0, '2016-08-28 02:58:59', '2016-08-28 03:00:43', 0, 89),
(28, 'Aug2016000028', 0, 27, 70, 'Khaleda', '01722393251', NULL, NULL, 0, 0, 0, 0, '2016-08-28 05:14:31', '2016-08-28 11:17:45', 0, 70),
(29, 'Aug2016000029', 6, 27, 70, 'Khaleda', '01722393251', 0, 3000, 3000, 450, 0, 0, '2016-08-28 11:19:44', '2016-08-28 12:24:04', 0, 89),
(30, 'Aug2016000030', 2, 27, 70, 'Khaleda', '01722393251', NULL, 6000, 6000, 900, 0, 0, '2016-08-29 08:21:28', '2016-08-29 08:25:06', 0, 89),
(31, 'Aug2016000031', 2, 27, 70, 'Khaleda', '01722393251', NULL, 6000, 6000, 900, 0, 0, '2016-08-29 08:29:48', '2016-08-29 08:43:37', 0, 89);

-- --------------------------------------------------------

--
-- Table structure for table `apps_job`
--

CREATE TABLE `apps_job` (
  `job_id` int(10) UNSIGNED NOT NULL,
  `job_name` varchar(255) COLLATE utf8_unicode_ci NOT NULL,
  `app_id` int(11) NOT NULL,
  `tst_id` int(11) NOT NULL,
  `lab_incharge_id` int(11) NOT NULL,
  `lab_reference_no` varchar(50) COLLATE utf8_unicode_ci NOT NULL,
  `lab_id` int(11) NOT NULL,
  `test_sample_id` varchar(50) COLLATE utf8_unicode_ci NOT NULL,
  `remarks` varchar(255) CHARACTER SET utf8 NOT NULL,
  `test_status` int(11) NOT NULL DEFAULT '4',
  `test_start` datetime NOT NULL,
  `test_end` datetime NOT NULL,
  `created_at` timestamp NOT NULL DEFAULT '0000-00-00 00:00:00',
  `updated_at` timestamp NOT NULL DEFAULT '0000-00-00 00:00:00',
  `is_locked` int(11) NOT NULL,
  `updated_by` int(11) NOT NULL
) ENGINE=InnoDB DEFAULT CHARSET=utf8 COLLATE=utf8_unicode_ci;

--
-- Dumping data for table `apps_job`
--

INSERT INTO `apps_job` (`job_id`, `job_name`, `app_id`, `tst_id`, `lab_incharge_id`, `lab_reference_no`, `lab_id`, `test_sample_id`, `remarks`, `test_status`, `test_start`, `test_end`, `created_at`, `updated_at`, `is_locked`, `updated_by`) VALUES
(1, 'Sample: Skimmed Milk Powder, Sample No:OLU 690; Production Date: 250/04/2016, Origin: Ukraine, Producer: PE"Bilotserkivska Agropromyslova Grupa" ; Supplier: Olam Ukraine LLC, 20 Metallstov Str., Klev, 03057, Ukraine', 1, 3, 0, '', 0, '', '', 4, '0000-00-00 00:00:00', '0000-00-00 00:00:00', '2016-05-26 04:11:44', '2016-05-26 04:11:44', 0, 563),
(16, ' Sample Description', 8, 89, 0, '', 4, '', '', 4, '0000-00-00 00:00:00', '0000-00-00 00:00:00', '2016-08-23 03:10:19', '2016-08-23 03:10:19', 0, 89),
(19, 'sdfsdf', 9, 88, 0, '', 4, '', '', 4, '0000-00-00 00:00:00', '0000-00-00 00:00:00', '2016-08-23 05:07:38', '2016-08-23 05:07:38', 0, 89),
(20, 'Check', 10, 88, 0, '', 0, '', '', 4, '0000-00-00 00:00:00', '0000-00-00 00:00:00', '2016-08-23 05:27:21', '2016-08-23 05:27:21', 0, 70),
(23, 'Check', 11, 88, 0, '', 4, '', '', 4, '0000-00-00 00:00:00', '0000-00-00 00:00:00', '2016-08-23 05:31:25', '2016-08-23 05:31:25', 0, 89),
(24, 'ddf', 7, 88, 0, '', 4, '', '', 4, '0000-00-00 00:00:00', '0000-00-00 00:00:00', '2016-08-23 05:35:26', '2016-08-23 05:35:26', 0, 89),
(25, 'sdfsdf', 6, 88, 0, '', 4, '', '', 4, '0000-00-00 00:00:00', '0000-00-00 00:00:00', '2016-08-23 05:42:36', '2016-08-23 05:42:36', 0, 89),
(26, 'sdfdsf', 5, 89, 0, '', 4, '', '', 4, '0000-00-00 00:00:00', '0000-00-00 00:00:00', '2016-08-23 06:15:31', '2016-08-23 06:15:31', 0, 89),
(27, 'sdfgdsfg', 4, 88, 0, '', 4, '', '', 4, '0000-00-00 00:00:00', '0000-00-00 00:00:00', '2016-08-23 21:34:25', '2016-08-23 21:34:25', 0, 89),
(28, 'sdfsdf', 3, 88, 0, '', 4, '', '', 4, '0000-00-00 00:00:00', '0000-00-00 00:00:00', '2016-08-23 21:37:34', '2016-08-23 21:37:34', 0, 89),
(29, 'sedfs', 2, 88, 0, '', 4, '', '', 4, '0000-00-00 00:00:00', '0000-00-00 00:00:00', '2016-08-23 22:41:54', '2016-08-23 22:41:54', 0, 89),
(32, 'sf', 12, 88, 0, '', 4, '', '', 4, '0000-00-00 00:00:00', '0000-00-00 00:00:00', '2016-08-23 22:45:42', '2016-08-23 22:45:42', 0, 89),
(36, 'dgdf', 13, 91, 0, '', 4, '', '', 4, '0000-00-00 00:00:00', '0000-00-00 00:00:00', '2016-08-23 22:47:49', '2016-08-23 22:47:49', 0, 89),
(38, 'gdfgdfg', 14, 88, 0, '', 4, '', '', 4, '0000-00-00 00:00:00', '0000-00-00 00:00:00', '2016-08-23 22:50:37', '2016-08-23 22:50:37', 0, 89),
(41, 'dfgdfg', 15, 88, 0, '', 4, '', '', 4, '0000-00-00 00:00:00', '0000-00-00 00:00:00', '2016-08-23 22:56:26', '2016-08-23 22:56:26', 0, 89),
(44, 'fghgfh', 16, 95, 0, '', 4, '', '', 4, '0000-00-00 00:00:00', '0000-00-00 00:00:00', '2016-08-23 22:58:49', '2016-08-23 22:58:49', 0, 89),
(47, 'fghfgh', 17, 95, 0, '', 4, '', '', 4, '0000-00-00 00:00:00', '0000-00-00 00:00:00', '2016-08-23 23:00:41', '2016-08-23 23:00:41', 0, 89),
(50, 'sdfsdf', 18, 88, 0, '', 4, '', '', 4, '0000-00-00 00:00:00', '0000-00-00 00:00:00', '2016-08-23 23:33:05', '2016-08-23 23:33:05', 0, 89),
(53, 'sdfsdf', 19, 88, 0, '', 4, '', '', 4, '0000-00-00 00:00:00', '0000-00-00 00:00:00', '2016-08-23 23:36:00', '2016-08-23 23:36:00', 0, 89),
(56, 'Check', 20, 19, 0, '', 3, '', '', 4, '0000-00-00 00:00:00', '0000-00-00 00:00:00', '2016-08-24 01:16:02', '2016-08-24 01:16:02', 0, 89),
(59, 'yrdy', 21, 88, 0, '', 4, '', '', 4, '0000-00-00 00:00:00', '0000-00-00 00:00:00', '2016-08-28 03:00:38', '2016-08-28 03:00:38', 0, 89),
(62, 'test by jakir', 22, 93, 0, '', 4, '', '', 4, '0000-00-00 00:00:00', '0000-00-00 00:00:00', '2016-08-28 03:34:01', '2016-08-28 03:34:01', 0, 89),
(63, 'jak2', 23, 94, 0, '', 0, '', '', 4, '0000-00-00 00:00:00', '0000-00-00 00:00:00', '2016-08-28 03:45:33', '2016-08-28 03:45:33', 0, 70),
(67, 'fasdf', 24, 90, 0, '', 0, '', '', 4, '0000-00-00 00:00:00', '0000-00-00 00:00:00', '2016-08-28 04:45:07', '2016-08-28 04:45:07', 0, 70),
(68, 'test by jak', 25, 98, 0, '', 0, '', '', 4, '0000-00-00 00:00:00', '0000-00-00 00:00:00', '2016-08-28 04:49:14', '2016-08-28 04:49:14', 0, 70),
(69, 'asdfasdf', 26, 90, 0, '', 0, '', '', 4, '0000-00-00 00:00:00', '0000-00-00 00:00:00', '2016-08-28 04:51:25', '2016-08-28 04:51:25', 0, 70),
(70, 'fasdadf', 27, 101, 0, '', 0, '', '', 4, '0000-00-00 00:00:00', '0000-00-00 00:00:00', '2016-08-28 04:53:42', '2016-08-28 04:53:42', 0, 70),
(72, 'fasdf', 28, 99, 0, '', 0, '', '', 4, '0000-00-00 00:00:00', '0000-00-00 00:00:00', '2016-08-28 11:17:45', '2016-08-28 11:17:45', 0, 70),
(75, 'asdfadf', 29, 90, 0, '', 4, '', '', 4, '0000-00-00 00:00:00', '0000-00-00 00:00:00', '2016-08-28 12:24:04', '2016-08-28 12:24:04', 0, 89),
(78, 'asdasd', 30, 88, 0, '', 4, '', '', 4, '0000-00-00 00:00:00', '0000-00-00 00:00:00', '2016-08-29 08:22:16', '2016-08-29 08:22:16', 0, 89),
(81, 'asdsad', 31, 88, 0, '', 4, '', '', 4, '0000-00-00 00:00:00', '0000-00-00 00:00:00', '2016-08-29 08:30:32', '2016-08-29 08:30:32', 0, 89);

-- --------------------------------------------------------

--
-- Table structure for table `apps_payment`
--

CREATE TABLE `apps_payment` (
  `payment_id` bigint(11) NOT NULL,
  `app_id` int(11) NOT NULL,
  `due_payment` double NOT NULL,
  `new_payment` double NOT NULL,
  `user_id` int(11) NOT NULL,
  `is_locked` int(11) NOT NULL,
  `updated_by` int(11) NOT NULL,
  `created_at` timestamp NOT NULL DEFAULT CURRENT_TIMESTAMP ON UPDATE CURRENT_TIMESTAMP,
  `updated_at` timestamp NOT NULL DEFAULT '0000-00-00 00:00:00'
) ENGINE=InnoDB DEFAULT CHARSET=latin1;

-- --------------------------------------------------------

--
-- Table structure for table `apps_result`
--

CREATE TABLE `apps_result` (
  `rs_id` int(11) NOT NULL,
  `ts_id` int(11) NOT NULL,
  `status` varchar(20) COLLATE utf8_unicode_ci NOT NULL,
  `remarks` varchar(255) COLLATE utf8_unicode_ci NOT NULL,
  `description` text COLLATE utf8_unicode_ci NOT NULL,
  `iso_logo` int(5) DEFAULT NULL,
  `results_file` varchar(80) COLLATE utf8_unicode_ci NOT NULL,
  `created_at` timestamp NULL DEFAULT NULL,
  `updated_at` timestamp NOT NULL DEFAULT '0000-00-00 00:00:00',
  `updated_by` int(11) NOT NULL,
  `is_locked` int(11) NOT NULL
) ENGINE=InnoDB DEFAULT CHARSET=utf8 COLLATE=utf8_unicode_ci;

-- --------------------------------------------------------

--
-- Table structure for table `apps_status`
--

CREATE TABLE `apps_status` (
  `status_id` int(11) NOT NULL,
  `status_name` varchar(30) NOT NULL,
  `status_color` varchar(15) NOT NULL
) ENGINE=InnoDB DEFAULT CHARSET=utf8;

--
-- Dumping data for table `apps_status`
--

INSERT INTO `apps_status` (`status_id`, `status_name`, `status_color`) VALUES
(0, 'Draft', '#C9CFD1'),
(1, 'Submited', '#50C0E6'),
(2, 'Sent to Lab', '#8DEB7C'),
(3, 'Published Result', '#8DEBBB'),
(4, 'Received in Lab', '#8DEBAA'),
(5, 'Sent to bank', '#8DEBAA'),
(6, 'Waiting for sample', '#8DEBAA'),
(7, 'Updated', '#C9CFD1');

-- --------------------------------------------------------

--
-- Table structure for table `apps_test_sample`
--

CREATE TABLE `apps_test_sample` (
  `ts_id` int(10) UNSIGNED NOT NULL,
  `job_id` int(11) NOT NULL,
  `method_id` int(11) NOT NULL,
  `lab_id` int(11) NOT NULL,
  `lab_incharge_id` int(11) DEFAULT NULL,
  `test_status` tinyint(4) NOT NULL DEFAULT '0',
  `scientist_id` int(11) NOT NULL,
  `price` double(8,2) NOT NULL,
  `unit` varchar(50) COLLATE utf8_unicode_ci DEFAULT NULL,
  `limit` varchar(50) COLLATE utf8_unicode_ci DEFAULT NULL,
  `duration` int(11) NOT NULL,
  `remarks` varchar(255) CHARACTER SET utf8 NOT NULL,
  `created_at` timestamp NOT NULL DEFAULT '0000-00-00 00:00:00',
  `updated_at` timestamp NOT NULL DEFAULT '0000-00-00 00:00:00',
  `is_locked` int(11) NOT NULL,
  `updated_by` int(11) NOT NULL
) ENGINE=InnoDB DEFAULT CHARSET=utf8 COLLATE=utf8_unicode_ci;

--
-- Dumping data for table `apps_test_sample`
--

INSERT INTO `apps_test_sample` (`ts_id`, `job_id`, `method_id`, `lab_id`, `lab_incharge_id`, `test_status`, `scientist_id`, `price`, `unit`, `limit`, `duration`, `remarks`, `created_at`, `updated_at`, `is_locked`, `updated_by`) VALUES
(15, 16, 748, 4, NULL, 0, 0, 10000.00, NULL, NULL, 7, '', '2016-08-23 03:10:20', '2016-08-23 03:10:20', 0, 89),
(18, 19, 747, 4, NULL, 0, 0, 6000.00, NULL, NULL, 7, '', '2016-08-23 05:07:38', '2016-08-23 05:07:38', 0, 89),
(19, 20, 747, 0, NULL, 0, 0, 0.00, NULL, NULL, 0, '', '2016-08-23 05:27:21', '2016-08-23 05:27:21', 0, 70),
(22, 23, 747, 4, NULL, 0, 0, 6000.00, NULL, NULL, 7, '', '2016-08-23 05:31:25', '2016-08-23 05:31:25', 0, 89),
(23, 24, 747, 4, NULL, 0, 0, 6000.00, NULL, NULL, 7, '', '2016-08-23 05:35:26', '2016-08-23 05:35:26', 0, 89),
(24, 25, 747, 4, NULL, 0, 0, 6000.00, NULL, NULL, 7, '', '2016-08-23 05:42:36', '2016-08-23 05:42:36', 0, 89),
(25, 26, 748, 4, NULL, 0, 0, 10000.00, NULL, NULL, 7, '', '2016-08-23 06:15:31', '2016-08-23 06:15:31', 0, 89),
(26, 27, 747, 4, NULL, 0, 0, 6000.00, NULL, NULL, 7, '', '2016-08-23 21:34:25', '2016-08-23 21:34:25', 0, 89),
(27, 28, 747, 4, NULL, 0, 0, 6000.00, NULL, NULL, 7, '', '2016-08-23 21:37:34', '2016-08-23 21:37:34', 0, 89),
(28, 29, 747, 4, NULL, 0, 0, 6000.00, NULL, NULL, 7, '', '2016-08-23 22:41:54', '2016-08-23 22:41:54', 0, 89),
(31, 32, 747, 4, NULL, 0, 0, 6000.00, NULL, NULL, 7, '', '2016-08-23 22:45:42', '2016-08-23 22:45:42', 0, 89),
(35, 36, 779, 4, NULL, 0, 0, 3000.00, NULL, NULL, 7, '', '2016-08-23 22:47:49', '2016-08-23 22:47:49', 0, 89),
(37, 38, 747, 4, NULL, 0, 0, 6000.00, NULL, NULL, 7, '', '2016-08-23 22:50:37', '2016-08-23 22:50:37', 0, 89),
(40, 41, 747, 4, NULL, 0, 0, 6000.00, NULL, NULL, 7, '', '2016-08-23 22:56:27', '2016-08-23 22:56:27', 0, 89),
(43, 44, 818, 4, NULL, 0, 0, 3000.00, NULL, NULL, 7, '', '2016-08-23 22:58:49', '2016-08-23 22:58:49', 0, 89),
(46, 47, 820, 4, NULL, 0, 0, 3000.00, NULL, NULL, 7, '', '2016-08-23 23:00:41', '2016-08-23 23:00:41', 0, 89),
(49, 50, 747, 4, NULL, 0, 0, 6000.00, NULL, NULL, 7, '', '2016-08-23 23:33:05', '2016-08-23 23:33:05', 0, 89),
(52, 53, 747, 4, NULL, 0, 0, 6000.00, NULL, NULL, 7, '', '2016-08-23 23:36:00', '2016-08-23 23:36:00', 0, 89),
(55, 56, 155, 3, NULL, 0, 0, 6500.00, NULL, NULL, 7, '', '2016-08-24 01:16:02', '2016-08-24 01:16:02', 0, 89),
(58, 59, 747, 4, NULL, 0, 0, 6000.00, NULL, NULL, 7, '', '2016-08-28 03:00:38', '2016-08-28 03:00:38', 0, 89),
(61, 62, 800, 4, NULL, 0, 0, 3000.00, NULL, NULL, 7, '', '2016-08-28 03:34:01', '2016-08-28 03:34:01', 0, 89),
(62, 63, 809, 0, NULL, 0, 0, 0.00, NULL, NULL, 0, '', '2016-08-28 03:45:33', '2016-08-28 03:45:33', 0, 70),
(66, 67, 756, 0, NULL, 0, 0, 0.00, NULL, NULL, 0, '', '2016-08-28 04:45:07', '2016-08-28 04:45:07', 0, 70),
(67, 68, 844, 0, NULL, 0, 0, 0.00, NULL, NULL, 0, '', '2016-08-28 04:49:14', '2016-08-28 04:49:14', 0, 70),
(68, 69, 766, 0, NULL, 0, 0, 0.00, NULL, NULL, 0, '', '2016-08-28 04:51:25', '2016-08-28 04:51:25', 0, 70),
(69, 70, 874, 0, NULL, 0, 0, 0.00, NULL, NULL, 0, '', '2016-08-28 04:53:43', '2016-08-28 04:53:43', 0, 70),
(71, 72, 855, 0, NULL, 0, 0, 0.00, NULL, NULL, 0, '', '2016-08-28 11:17:45', '2016-08-28 11:17:45', 0, 70),
(72, 75, 749, 4, NULL, 0, 0, 3000.00, NULL, NULL, 7, '', '2016-08-28 12:24:04', '2016-08-28 12:24:04', 0, 89),
(75, 78, 747, 4, NULL, 0, 0, 6000.00, NULL, NULL, 7, '', '2016-08-29 08:22:16', '2016-08-29 08:22:16', 0, 89),
(78, 81, 747, 4, NULL, 0, 0, 6000.00, NULL, NULL, 7, '', '2016-08-29 08:30:32', '2016-08-29 08:30:32', 0, 89);

-- --------------------------------------------------------

--
-- Table structure for table `companies`
--

CREATE TABLE `companies` (
  `company_id` int(11) NOT NULL,
  `company_name` varchar(80) COLLATE utf8_unicode_ci NOT NULL,
  `company_type` varchar(40) COLLATE utf8_unicode_ci NOT NULL,
  `company_house_no` varchar(40) COLLATE utf8_unicode_ci NOT NULL,
  `company_flat_no` varchar(40) COLLATE utf8_unicode_ci DEFAULT NULL,
  `company_street` varchar(80) COLLATE utf8_unicode_ci NOT NULL,
  `company_area` varchar(80) COLLATE utf8_unicode_ci NOT NULL,
  `company_city` varchar(50) COLLATE utf8_unicode_ci NOT NULL,
  `company_zip` varchar(40) COLLATE utf8_unicode_ci DEFAULT NULL,
  `company_fax` varchar(80) COLLATE utf8_unicode_ci DEFAULT NULL,
  `company_web` varchar(120) COLLATE utf8_unicode_ci NOT NULL,
  `company_status` varchar(32) COLLATE utf8_unicode_ci NOT NULL,
  `incorporation_certificate` text COLLATE utf8_unicode_ci,
  `partnership_deed` text COLLATE utf8_unicode_ci,
  `com_trade_license` text COLLATE utf8_unicode_ci,
  `company_tin` varchar(64) COLLATE utf8_unicode_ci DEFAULT NULL,
  `head_email` text COLLATE utf8_unicode_ci,
  `head_contact` varchar(30) COLLATE utf8_unicode_ci DEFAULT NULL,
  `head_of_org` varchar(100) COLLATE utf8_unicode_ci DEFAULT NULL,
  `phone_no` varchar(30) COLLATE utf8_unicode_ci NOT NULL,
  `contact_phone` varchar(30) COLLATE utf8_unicode_ci NOT NULL,
  `contact_email` text COLLATE utf8_unicode_ci NOT NULL,
  `contact_person` varchar(100) COLLATE utf8_unicode_ci NOT NULL,
  `fax_no` varchar(30) COLLATE utf8_unicode_ci DEFAULT NULL,
  `created_at` timestamp NOT NULL DEFAULT '0000-00-00 00:00:00',
  `updated_at` timestamp NOT NULL DEFAULT '0000-00-00 00:00:00',
  `is_locked` int(11) NOT NULL,
  `updated_by` int(11) NOT NULL
) ENGINE=InnoDB DEFAULT CHARSET=utf8 COLLATE=utf8_unicode_ci;

--
-- Dumping data for table `companies`
--

INSERT INTO `companies` (`company_id`, `company_name`, `company_type`, `company_house_no`, `company_flat_no`, `company_street`, `company_area`, `company_city`, `company_zip`, `company_fax`, `company_web`, `company_status`, `incorporation_certificate`, `partnership_deed`, `com_trade_license`, `company_tin`, `head_email`, `head_contact`, `head_of_org`, `phone_no`, `contact_phone`, `contact_email`, `contact_person`, `fax_no`, `created_at`, `updated_at`, `is_locked`, `updated_by`) VALUES
(9, 'National Curriculum & Textbook Board', '4', '69-70, Motijheel', NULL, 'Motijheel', 'Motijheel', 'Dhaka', '1223', '', '', '1', NULL, NULL, NULL, '', 'gahidbinmatin@yahoo.com', '9585039', 'Chairman', '9585039', '01711947278', 'gahidbinmatin@yahoo.com', 'Gahid Bin Matin', '', '2015-12-08 01:22:44', '2015-12-08 01:22:44', 0, 0),
(22, 'BCSIR Common Test', '4', 'Dr. Qdrat-I Khuda Road', NULL, 'Dhanmondi', 'Elephant Road', 'Dhaka', '1205', '', 'www.bcsir.gov.bd', '1', NULL, NULL, NULL, '', 'bcsir2016@gmail.com', '01552636715', 'Monzur Morshed Ahmed', '01552636715', '01552636715', 'bcsir2016@gmail.com', 'Monzur Morshed Ahmed', '', '2016-01-11 01:54:00', '2016-01-11 01:54:00', 0, 0),
(27, 'BEXIMCO', '1', '32,Karwanbazar', NULL, 'Karwanbazar', 'Dhaka', 'Dhaka', '1217', '', '', '1', '56a8a1040cf6bpdf.pdf', NULL, NULL, '', '', '', '', '0266558', '01712609980', 'khaleda4sabina@gmail.com', 'Khaleda', '', '2016-01-27 04:50:44', '2016-01-27 04:50:44', 0, 0),
(28, 'MARINE FISHERES ACADEMY', '6', '359', NULL, 'Dohalia', 'Rajnogor', 'Sherpur', '2111', '', '', '1', NULL, NULL, NULL, NULL, NULL, NULL, NULL, '', '01949950934', 'dohalia@yahoo.com', 'ABDULLAH AL MAMUN', NULL, '2016-01-27 09:56:19', '2016-01-27 09:56:19', 0, 404),
(29, 'Daffodil International University', '3', '102', NULL, 'Sukrabad', 'Dhanmondi', 'Dhaka', '1209', '', 'www.daffodilvarsity.edu.bd', '1', NULL, NULL, '56aa0fa366ac7DIU Approval from Education Ministry.jpg', '', 'info@daffodilvarsity.edu.bd', '01711526230', 'Md. Sabur Khan', '+88 02 9138234-5', '01847027527', 'mdmaruf@daffodilvarsity.edu.bd', 'Md. Maruf Chowdhury', '', '2016-01-28 06:54:59', '2016-01-28 06:55:47', 0, 405),
(30, 'Self Employed', '7', '35 no,plot 01', NULL, 'strret dhaka', 'Area', 'Dhaka', '1216', '', '', '1', NULL, NULL, NULL, NULL, NULL, NULL, NULL, '', '01823070092', 'khaleda@queue-pro.com', 'litonocpl', NULL, '2016-01-29 22:12:47', '2016-01-29 22:12:47', 0, 407),
(31, 'Self Employed', '7', 'house # 7, Ft # C/24,', NULL, '', 'BCSIR, Stuff Quarter, Dhanmondi', 'Dhaka', '', '', '', '1', NULL, NULL, NULL, NULL, NULL, NULL, NULL, '', '01912575088', 'bcsirestt_1@yahoo.com', 'Md. Shafiqul Islam', NULL, '2016-01-30 21:46:24', '2016-01-30 21:46:24', 0, 409),
(32, 'Self Employed', '7', 'A-13, BCSIR Residential Area', NULL, 'Dr. Qudrat-E-Khuda Road', 'Dhanmondi', 'Dhaka', 'Dhaka-1205', '', '', '1', NULL, NULL, NULL, NULL, NULL, NULL, NULL, '', '01720121525', 'mhsohrab69@gmail.com', 'Dr. Md. Hosain Sohrab', NULL, '2016-01-30 22:16:43', '2016-01-30 22:16:43', 0, 410),
(33, 'Summit Meghnaghat power Company Ltd.', '1', 'Meghna Ghat, Sonargaon, Narayanganj', NULL, 'Mongalergaon', 'Sonargaon,Narayanganj', 'Narayanganj', '1212', '', '', '1', '56adba1d06b48pdf.pdf', NULL, NULL, '', '', '', '', '01813084175', '01813084175', 'hossainmoktar35@yahoo.com', 'Moktar Hossain', '', '2016-01-31 01:39:09', '2016-01-31 01:39:09', 0, 0),
(34, 'Premier Lubricant Services', '2', '341/1,East Kazipara, Mirpur', NULL, 'Kazipara', 'Mirpur', 'Dhaka', '1216', '', '', '1', NULL, '56adbfe8d4b0cpdf.pdf', NULL, '', '', '', '', '9020836-7', '01765100221', 'nazim@premierlubricant.com', 'Md. Nazim Uddin', '', '2016-01-31 02:03:52', '2016-01-31 02:03:52', 0, 0),
(35, 'Century Agro Ltd.', '1', '52/2,(3rd Floor), New Easkaton Road', NULL, 'Easkaton Road', 'Banglamator', 'Dhaka', '1207', '', '', '1', '56adcbc432203pdf.pdf', NULL, NULL, '', '', '', '', '02-8350493', '01755635218', 'century.audit@gmail.com', 'Md. obaydul Haque', '', '2016-01-31 02:54:28', '2016-01-31 02:54:28', 0, 0),
(36, 'Epyllion Knitwears Ltd', '1', 'Plotr# I/6, Road# 06, Section# 07', NULL, 'Mirpur ', 'Mirpur I/A', 'Dhaka', '1216', '', '', '1', '56ade87b61236pdf.pdf', NULL, NULL, '', '', '', '', '01730-725866', '01853-605537', 'hasanridwan885@gmail.com', 'Md. Ridwanul Hasan', '', '2016-01-31 04:56:59', '2016-01-31 04:56:59', 0, 0),
(37, 'ACI Limited (Fertilizer)', '1', '245, Tejgaon', NULL, 'Tejgaon', 'Tejgaon Industrial Area', 'Dhaka', '1208', '', '', '1', NULL, NULL, NULL, '351375603516', '', '', '', '8878603', '01733831757', 'jahidkhanpstu@gmail.com', 'Md. Jahidul Islam', '8878619', '2016-02-02 22:57:36', '2016-02-02 22:57:36', 0, 0),
(38, 'MST Group (Eeta & Tiles Ltd.)', '1', 'House#20, Road#05,', NULL, 'Dhanmondi', 'Dhanmondi R/A', 'Dhaka', '1205', '', '', '1', NULL, NULL, NULL, '', '', '', 'Nowsherul Islam', '8652473', '01841381627', 'mstpharma.jkliton@gmail.com', 'Jakir Khan Liton', '', '2016-02-03 00:21:33', '2016-02-03 00:21:33', 0, 0),
(39, 'Secura Bangladesh Ltd.', '1', 'Rahman Chember, (1st Floor),12-13 Motijh', NULL, 'Motijheel', 'Motijheel C/A', 'Dhaka', '1000', '', '', '1', NULL, NULL, NULL, '', '', '', '', '9586343', '01755534696', 'quyyum@ngglgroup.com', 'Abu Nesar Md. Quyyum', '', '2016-02-03 23:08:06', '2016-02-03 23:08:06', 0, 0),
(40, 'Clean Energy Alternatives Inc.', '1', '61', NULL, '1/A', 'Block-J, Baridhara', 'Dhaka', '1212', '', '', '1', NULL, NULL, NULL, '', '', '', 'Iftikhar Hussain', '88029882022', '01938700397', 'masroor166@gmail.com', 'Md Masroor Abedin', '', '2016-02-05 22:00:56', '2016-02-05 22:01:25', 0, 435),
(41, 'Gastro Liver Hospital & Research Institute Ltd. ', '1', '77/A, East Rajabazar', NULL, 'East Rajabajar', 'West Panthapath', 'Dhaka', '1215`', '', '', '1', NULL, NULL, NULL, '', '', '', '', '9131537, 9140333, 9140346', '01709635812', 'akazad111@hotmail.com', 'Abul Kalam Azad', '', '2016-02-07 03:07:35', '2016-02-07 03:07:35', 0, 0),
(42, 'University of Dhaka', '6', '', NULL, '', '', '', '', '', '', '1', NULL, NULL, NULL, NULL, NULL, NULL, NULL, '', '01966639965', 'ar_tusher@yahoo.com', 'Abdur Rahman', NULL, '2016-02-07 03:35:26', '2016-02-07 03:35:26', 0, 438),
(43, 'BCSIR ', '6', '', NULL, 'House No.-14, Hatkhola Road, Dhaka-1203', '', 'Dhaka', '1203', '', '', '1', NULL, NULL, NULL, NULL, NULL, NULL, NULL, '', '01722430790', 'muniraeva37@gmail.com', 'Munira', NULL, '2016-02-07 04:02:02', '2016-02-07 04:02:02', 0, 439),
(44, 'Self Employed', '7', '443', NULL, 'Block - C', 'Khilgaon', 'Dhaka', '1219', '', '', '1', NULL, NULL, NULL, NULL, NULL, NULL, NULL, '', '+8801712103311', 'bahmed73@hotmail.com', 'Bashir Ahmed', NULL, '2016-02-09 05:56:12', '2016-02-09 05:56:12', 0, 440),
(45, 'M/S TANIA TRADERS', '3', 'Bhowjeswar Bazar Kathpatti, P.O: Japsha,', NULL, 'Naria', 'Naria', 'SHARIATPUR', '8021', '', '', '1', NULL, NULL, NULL, '', '', '', '', '01918516347', '01918516347', 'uzzal_sharif@yahoo.com', 'sharif Ohedduzzaman', '', '2016-02-09 21:48:13', '2016-02-09 21:48:13', 0, 0),
(46, 'Test Farzana (DRiCM)', '1', 'B55', NULL, 'BCSIR', 'Dhanmondi R/A', 'Dhaka', '1205', '', '', '1', '56bacc8519fd4pdf.pdf', NULL, NULL, '', '', '', '', '01716899090', '01716899090', 'jhumifarzana@gmail.com', 'Farzana', '', '2016-02-09 23:37:09', '2016-02-09 23:37:09', 0, 0),
(47, 'Taposhi (IFRD)', '1', 'b-61', NULL, 'BCSIR', 'Dhanmondi', 'Dhaka', '1205', '', '', '1', NULL, NULL, NULL, '', '', '', '', '558985545', '01673988896', 'tasfiamohsin@gmail.com', 'Taposhi', '', '2016-02-10 00:22:35', '2016-02-10 00:22:35', 0, 0),
(48, 'Self Employed', '7', '02', NULL, 'Momenbagh Chowrasta', 'konapara', 'Dhaka', '1362', '', '', '1', NULL, NULL, NULL, NULL, NULL, NULL, NULL, '', '01711175184', 'zeesan777@gmail.com', 'Muktadir Hossain', NULL, '2016-02-15 16:29:05', '2016-02-15 16:29:05', 0, 456),
(49, 'Panna Battery Ltd.', '1', 'Nasir Trade Center, Level # 07, 89, Bir ', NULL, 'Banglamotor', 'Banglamotor', 'Dhaka', '1205', '', 'www.pannagroupbd.com', '1', NULL, NULL, NULL, '', 'env01@pannagroupbd.com', '', 'Alhaz Md. Lokman Hossain', '9612087', '01818971788', 'rubel.belchow@gmail.com', 'Md. Rafiqul Islam', '', '2016-02-15 23:48:16', '2016-02-15 23:48:16', 0, 0),
(50, 'Dristy Communication Ltd.', '1', '45, Topkhana Road, Tropicana Tower, Leve', NULL, 'Topkhana Road', 'Purana Paltan', 'Dhaka', '1000', '', '', '1', NULL, NULL, NULL, '', '', '', '', '9568303', '01914225954', 'sahossain80@gmail.com', 'Syed Alamgir Hossain', '', '2016-02-16 00:12:23', '2016-02-16 00:12:23', 0, 0),
(51, 'Cross-world Ltd.', '1', 'NE (O) 06, Road-92', NULL, 'Gulshan-2', 'Gulshan', 'Dhaka', '1212', '', '', '1', NULL, NULL, NULL, '', '', '', '', '880258811858', '01755514720', 'lablusarkar83@gmail.com', 'Nurul Islam Lablu', '', '2016-02-16 00:32:00', '2016-02-16 00:32:00', 0, 0),
(52, 'Hashem Foods ltd', '1', 'Shezan point(5th Floor),2, Indria Road', NULL, 'Indira Road', 'Farmgate', 'Dhaka', '1215', '', '', '1', NULL, NULL, NULL, '', '', '', '', '8150237', '01955530007', 'abusufianjewel@sajeebgroup.com.bd', 'Abu Sufian', '', '2016-02-16 01:42:25', '2016-02-16 01:42:25', 0, 0),
(53, 'Nourish Poultry Diagnostic Lab', '1', 'House#39, Sonargaon', NULL, 'Sonargaon Janapath Road', 'Uttara, Setor#07', 'Dhaka', '1230', '', '', '1', NULL, NULL, NULL, '', '', '', '', '7913023-27', '01744971012', 'biplob.massengers@gmail.com', 'Nasir uddin Biplob', '', '2016-02-16 04:08:50', '2016-02-16 04:08:50', 0, 0),
(54, 'Nourish Poultry & Hatchery Ltd', '1', '39', NULL, 'Sonargaon Jonopath Road', 'Uttara-07', 'Dhaka', '1230', '027913022', 'www.nourish.com.bd', '1', NULL, NULL, NULL, '', '', '', '', '027913023-27', '01711309539', 'mawnalab@yahoo.com', 'Biplob', '', '2016-02-20 01:40:04', '2016-02-20 01:40:04', 0, 0),
(55, 'WIST Bangladesh Pvt. Ltd.', '1', '1/E/A 1st floor Dhanmondi-7A', NULL, 'Dhanmondi', 'Dhanmondi', 'Dhaka', '1209', '', 'www.drinkwellsystems.com', '1', NULL, NULL, NULL, '', '', '', '', '01557274426', '01713008312', 'mizan@drinkwellsystems.com', 'Mizanur rahman', '', '2016-02-21 23:31:34', '2016-02-21 23:31:34', 0, 0),
(56, 'Florence Global Trading Ltd.', '1', '61, Eastern Arzu Complex,  Suit 10/8 ', NULL, 'Bijoy Nagar', 'Kakrail', 'Dhaka', '1000', '', 'www.flogtl.com', '1', NULL, NULL, NULL, '', '', '', '', '01711984196', '01711984196', 'info@flogtl.com', 'Md. Saifur Rahman', '', '2016-02-22 00:10:58', '2016-02-22 00:10:58', 0, 0),
(57, 'BUET', '6', '', NULL, '', '', '', '', '', '', '1', NULL, NULL, NULL, NULL, NULL, NULL, NULL, '', '01613554233', 'laila.ahmed0481@hotmail.com', 'LAILA ARIFUN NAHAR', NULL, '2016-02-22 21:59:18', '2016-02-22 21:59:18', 0, 474),
(58, 'Yoko Food & Agro Limited', '1', '101/1 ', NULL, 'KP Gosh Street (First Floor)', 'Armanitola', 'Dhaka', '1100', '', '', '1', NULL, NULL, NULL, '', '', '01713410382', 'Atiur Rahman', '027395295', '01912989394', 'yokofoodandagro@gmail.com', 'Tarick Aziz', '', '2016-02-22 23:22:24', '2016-02-22 23:22:24', 0, 0),
(59, 'Genesis Asian Power Corporation Ltd.', '1', 'Flat#M-09 (9th Floor), Gulfesha Plaza', NULL, '8, Shahid Sangbadik Selina Parvin Sarak, ', ' Moghbazar', 'Dhaka', '1217', '', '', '1', '56cc3a15b6d66CI.jpg', NULL, '56cc3a15b6d66img525.jpg', '', 'genesisasianpower07@gapcbd.com', '01715191181', 'M. A. Aziz ', '+88029343691', '01751777480', 'monazza.sultana@hotmail.com', 'Monazza Sultana', '', '2016-02-23 04:53:09', '2016-02-23 04:53:09', 0, 0),
(60, 'Genesis Asian Power Corporation Ltd.', '1', 'Flat#M-09 (9th Floor), Gulfesha Plaza', NULL, '8, Shahid Sangbadik Selina Parvin Sarak, ', ' Moghbazar', 'Dhaka', '1217', '', '', '1', '56cc3b2cdc336CI.jpg', NULL, '56cc3b2cdc336img525.jpg', '', 'genesisasianpower07@gapcbd.com', '01715191181', 'M. A. Aziz ', '+88029343691', '01751777480', 'genesisasianpower07@yahoo.com', 'Monazza Sultana', '', '2016-02-23 04:57:17', '2016-02-23 04:57:48', 0, 481),
(61, 'Barapukuria Coal Mining Company Ltd.', '1', 'Chowhati,Parbatipur', NULL, 'Chowhati,Parbatipur', 'Chowhati', 'Dinajpur', '5250', '', '', '1', NULL, NULL, NULL, '', '', '', '', '0532756389', '01716270842', 'anamgm04@yahoo.com', 'Md. Anamul Haque Pramanik', '', '2016-02-23 21:59:39', '2016-02-23 21:59:39', 0, 0),
(62, 'Self Employed', '7', '15', NULL, '5', 'uttara', 'uttara', '230', '', '', '1', NULL, NULL, NULL, NULL, NULL, NULL, NULL, '', '08801713423588', 'bokhtiar@epylliongroup.com', 'Md. Bokhtiar Kamal', NULL, '2016-02-28 04:17:12', '2016-02-28 04:17:12', 0, 491),
(63, 'Self Employed', '7', '', NULL, '', '', '', '', '', '', '1', NULL, NULL, NULL, NULL, NULL, NULL, NULL, '', '01819460524', 'testapplicantbcsir@gmail.com', 'hasan hasan', NULL, '2016-02-29 00:03:04', '2016-02-29 00:03:04', 0, 495),
(64, 'Techno Venture Ltd.', '1', 'Venture Tower', NULL, '3, Mohakhali ', 'Mohakhali C/A', 'Dhaka', '1212', '9852313', 'www.venturegrp.net', '1', NULL, NULL, NULL, '', 'tvl@venturegrp.net', '01711529150', 'AHM. Mahtab Uddin (MD)', '9852315-17', '01713244121', 'yousuf@venturegrp.net', 'Md. Yousuf', '9852313', '2016-03-01 23:40:07', '2016-03-01 23:40:07', 0, 0),
(65, 'Paragon Group', '1', 'Paragon House (10th Floor),', NULL, '5, Mohakhali, ', 'Mohakhali C/A', 'Dhaka', '1212', '880 2 8821394', 'paragongroup-bd.com', '1', NULL, NULL, NULL, '', 'md.julfikerhaider@gmail.com', '', 'Moshiur Rahman (MD)', '029882107', '01740975147', 'md.julfikerhaider@gmail.com', 'Md. Julfiker Haider', '', '2016-03-02 01:01:04', '2016-03-03 01:46:12', 0, 91),
(66, 'Progressive Chemical Industry Ltd.', '1', 'Ideal Melody Tower 1, Flat # C-7, 848/A,', NULL, 'Chittagong', 'Mehdibag', 'Chittagong', '4000', '', 'www.progressivechemical.com', '1', NULL, NULL, NULL, '', '', '01671445555', 'Mashiur Rahman (MD)', '01671445555', '0312859198', 'sales@progressivechemical.com', 'Mashiur Rahman', '', '2016-03-02 04:38:25', '2016-03-02 04:38:25', 0, 0),
(67, 'Alin Foods Products Ltd.', '1', 'Rahmania Int. Complex (11th floor), 28/1', NULL, 'Toyenbee Circular Road', 'Motijheel', 'Dhaka', '1000', '7194380', 'www.alinfoods.com', '1', NULL, NULL, NULL, '', '', '', 'Omar Faruk (MD)', '7162678', '01841918927', 'qc1@alinfoods.com', 'Md. Nozibul Hoque', '', '2016-03-07 00:39:09', '2016-03-07 00:39:09', 0, 0),
(68, 'Raj Lanka Power Company Ltd.', '1', 'Shahara Center, 9th Floor,37/A', NULL, 'Kakrail', 'VIP Road', 'Dhaka', '1000', '', 'www.rlpclbd.com', '1', NULL, NULL, NULL, '', 'thamaka@ltl.lk', '', 'Thamaka', '9335869', '01788445373', 'Shumon.zaman1982@gmail.com', 'Shumon Zaman', '', '2016-03-10 02:09:41', '2016-03-10 02:09:41', 0, 0),
(69, 'Rahimafrooz Superstores Ltd.', '1', '10/2,Block#A, Road#03', NULL, 'Dhaka Uddan', 'Mohammadpur', 'Dhaka', '1207', '', 'www.rahimafrooz.com', '1', NULL, NULL, NULL, '', '', '', 'Niaz Rahim (Chairman)', '9888441,9880316', '01922063743', 'khokon.ahmed28@gmail.com', 'Md. Mohiuddin', '', '2016-03-10 03:38:05', '2016-03-10 03:38:05', 0, 0),
(70, 'Prime Scientific & Chemical Company', '1', '27, Russel Center, Shahid Nazrul Islam (', NULL, 'Shahid Nazrul Islam (Hatkhola Road', 'Shahid Nazrul Islam (Hatkhola Road', 'Dhaka', '1203', '', '', '1', NULL, NULL, NULL, '', '', '', '', '9554997', '01715572940', 'primescc@yahoo.com', 'Md. Jamal Khan', '', '2016-03-13 00:30:04', '2016-03-13 00:30:04', 0, 0),
(71, 'Asia Trade International', '1', 'House# 8, Road # 8, ', NULL, 'Dhanmondi', 'Dhanmondi', 'Dhaka', '1205', '', '', '1', NULL, NULL, NULL, '', '', '', '', '01726244606', '01726244606', 'mimpex2005@yahoo.com', 'Elias Farazi', '', '2016-03-13 03:14:48', '2016-03-13 03:14:48', 0, 0),
(72, 'Corbel International Limited', '1', 'SR. Tower (Level-6), 49, Old Airport Roa', NULL, 'Farngate', 'Tejgaon', 'Dhaka', '1215', '', '', '1', NULL, NULL, NULL, '', 'corbelbd@gmail.com', '02-9114613', 'M Saiful Alam', '01755514903', '01755514903', 'mizan.green@gmail.com', 'Mir Mizanur Rahman', '', '2016-03-15 00:57:29', '2016-03-15 00:57:29', 0, 0),
(73, 'Taiwan Food & Processing Industries Ltd.', '1', 'Katakhali, Ward # 08, Bhaluka Pourasabha', NULL, 'Bhaluka', 'Bhaluka', 'Mamensingh', '2240', '', '', '1', NULL, NULL, NULL, '', '', '', '', '09-022-56122', '01966660311', 'ershad4000@gmail.com', 'Ershad Ahmed Bhuiyan', '', '2016-03-15 01:05:10', '2016-03-15 01:05:10', 0, 0),
(74, 'Partex Beverage Limited', '1', 'Partex Beverage Limited', NULL, 'Bangla Bazar ', 'Gazipur', 'Gazipur', '1708', '', '', '1', NULL, NULL, NULL, '', '', '01730061714', 'Talim Hossan', '01766673871', '01766673871', 'sarif.bd86@gmail.com', 'Sarif Ahamed', '', '2016-03-15 01:40:53', '2016-03-15 01:40:53', 0, 0),
(75, 'Provita Breeders Limited', '1', 'Manannagar, East Shullakia', NULL, 'Nokhali', 'Nokhali', 'Noakhali', '3800', '', '', '1', NULL, NULL, NULL, '', '', '01713172801', 'Dr. Ismail Hossain', '01919872040', '01919872040', 'bashara63@gmail.com', 'Md. Abul Bashar', '', '2016-03-15 02:04:45', '2016-03-15 02:04:45', 0, 0),
(76, 'Bangladesh Standards and Testing Institution', '4', '116/Ka, Tejgaon', NULL, 'Tejgaon', 'Industrial Area ', 'Dhaka', '1208', '', '', '1', NULL, NULL, NULL, '', '', '', '', '9131582', '01912904950', 'bstibcsir@gmail.com', 'Mr. Sharif', '', '2016-03-15 02:52:46', '2016-03-15 02:52:46', 0, 0),
(77, 'Panbo Bangla Mushroom Ltd.', '1', 'Chechuar Moore', NULL, 'Habir Bari', 'Bhaluka', 'Mymensingh', '224', '', 'http://www.orion-group.net', '1', NULL, NULL, NULL, '', '', '', '', '01755521888', '01766684737', 'masfiqur79@gmail.com', 'Md. Masfiqur Rahman', '', '2016-03-15 03:05:22', '2016-03-15 03:05:50', 0, 518),
(78, 'Panbo Bangla Mushroom Ltd.', '1', 'Chechuar Moore', NULL, 'Habir Bari', 'Bhaluka', 'Bhaluka, Mymensingh', '2240', '', '', '1', NULL, NULL, NULL, '', '', '', '', '01755521888', '01766684737', 'arif.pbml@orion-group.net', 'Md. Masfiqur Rahman', '', '2016-03-15 03:12:48', '2016-03-15 03:12:48', 0, 0),
(81, 'Chittagong University (Chemistry)', '6', '350/A, Jahan Ledge', NULL, 'M.M.Ali Road', 'Dampara Wasa', 'Chittagong', '', '', '', '1', NULL, NULL, NULL, NULL, NULL, NULL, NULL, '', '01819050618', 'rabichem07@gmail.com', 'Saswata Rabi', NULL, '2016-03-16 00:08:05', '2016-03-16 00:08:05', 0, 522),
(82, 'RSPL Health BD Ltd', '1', 'House-4', NULL, 'Road-9/a', 'Nikunja-1', 'Dhaka', '1229', '', '', '1', NULL, NULL, NULL, '', '', '', '', '+88-02-8900414', '01984455599', 'shafikul.alam@rsplgroup.com', 'Md.Shafikul Alam', '', '2016-03-16 01:28:59', '2016-03-16 01:28:59', 0, 0),
(83, 'Arifs (Bangladesh) ltd.', '1', 'Lal Bhaban (7th Floor), 18, Rajuk Avenue', NULL, 'Motijheel', 'Motijheel C/A', 'Dhaka', '1000', '', 'www.arifsbd.com', '1', NULL, NULL, NULL, '', '', '', '', '9550544', '01713087087', 'apu@arifsbd.com', 'Pranoy Kumar Datta', '', '2016-03-16 01:39:00', '2016-03-16 01:39:00', 0, 0),
(84, 'Abdul Monem Ltd.', '1', '71/a,71/b ', NULL, 'kadamtali I/A', 'shampur', 'Dhaka', '1204', '', '', '1', NULL, NULL, NULL, '', '', '', '', '01711193185', '01711193185', 'akmreza@amlbd.com', 'A.K.M. Ali Reza', '', '2016-03-16 01:49:28', '2016-03-16 01:49:28', 0, 0),
(85, 'Dhanshiri Food & Agro Ltd.', '1', '1', NULL, 'Foard Nagar', 'Dhamrai', 'Dhaka', '1350', '', '', '1', NULL, NULL, NULL, '', '', '', '', '01678001873', '01678001873', 'hfarhad499@gmail.com', 'Md. Farhad Hossain', '', '2016-03-16 02:33:03', '2016-03-16 02:33:03', 0, 0),
(86, 'Dhanshiri Food & Agro Ltd.', '1', '1', NULL, 'Foard Nagar', 'Dhamrai', 'Dhaka', '1350', '', '', '1', NULL, NULL, NULL, '', '', '', '', '01678001873', '01678001873', 'hfarhad99@gmail.com', 'Md. Farhad Hossain', '', '2016-03-16 02:34:40', '2016-03-16 02:34:40', 0, 0),
(87, 'Zara Zaman Technology Ltd.', '1', 'Sultana Towe (3rd Floor)', NULL, 'Mirpur Road', 'Kalabagan, Dhanmondi', 'Dhaka', '1205', '', '', '1', NULL, NULL, NULL, '', '', '', '', '029133106', '01929990216', 'kowsar.atoz@gmail.com', 'Md. Kowsar Ali Sk', '', '2016-03-16 03:20:45', '2016-03-16 03:20:45', 0, 0),
(88, 'Self Employed', '7', '439', NULL, 'Bangobandu Hall ', 'Rajshahi University', 'Rajshahi', '6205', '', '', '1', NULL, NULL, NULL, NULL, NULL, NULL, NULL, '', '01712671278', 'akulislam74@gmail.com', 'Md. Mofakkharul Islam', NULL, '2016-03-16 04:03:23', '2016-03-16 04:03:23', 0, 529),
(89, 'NEW CITY DYEING (PVT) LTD.', '1', 'malitha industrial zone-3', NULL, 'Lalpur', 'Fatullah', 'Narayangonj', '1000', '', '', '1', NULL, NULL, NULL, '', '', '01711533337', 'ABDUL HAQUE, MD', '7670075', '01611090964', 'mahanuralam@yahoo.com', 'MAHANUR ALAM', '7671435', '2016-03-19 22:06:57', '2016-03-19 22:06:57', 0, 0),
(90, 'Intertek Bangldesh Ltd.', '1', '407, Phoenix Tower(2nd & 3rd floor)', NULL, 'Tejgaon Industrial Area', 'Tejgoan', 'Dhaka', '1208', '', '', '1', NULL, NULL, NULL, '', '', '', '', '9129439', '01711636578', 'info.dhaka.gs@intertek.com', 'Kazi Mamunul Hassan', '', '2016-03-19 22:58:24', '2016-03-19 22:58:24', 0, 0),
(91, 'Bangladesh Stationery Office (BSO)', '4', 'Bangladesh Stationery Office, Tejgaon', NULL, 'Tejgaon', 'Tejgaon Industrial Area', 'Dhaka', '1208', '', '', '1', NULL, NULL, NULL, '', 'hamid18th@gmail.com', '01716008190', 'Md. Hamidul Haque', '8891718', '01727328457', 'delwar1@live.com', 'Md. Rokon', '8891717', '2016-03-19 23:49:18', '2016-03-19 23:49:18', 0, 0),
(92, 'Natural Bio Agro Tech Co. (Pvt.) Ltd.', '1', '35/2 (3rd Floor), Gate-2, ', NULL, 'Monipuripara, Farmgate', 'Tejgoan', 'Dhaka', '1215', '', 'www.nbatbd.com', '1', NULL, NULL, NULL, '', 'm2007rahman@yahoo.com', '+8801938884700', 'Mustafijur Rahman', '+8801937466244', '+8801938884708', 'karim@nbatbd.com', 'Md. Rezaul Karim', '', '2016-03-20 01:15:08', '2016-03-20 01:17:25', 0, 537),
(93, 'Traka Metal', '3', '271/A, Bara Moghbazar', NULL, 'Mogbazar', '2nd', 'Dhaka', '1217', '', '', '1', NULL, NULL, NULL, '', '', '', '', '01674795801', '01674795801', 'nasifmahmud@yahoo.com', 'Nasif', '', '2016-03-20 01:47:22', '2016-03-20 01:47:22', 0, 0),
(94, 'S.M. Enterprises', '3', 'Suite # E-2, Level#05, ', NULL, 'Nahar Mansion,150', 'Motijheel C/A', 'Dhaka', '1000', '', '', '1', NULL, NULL, NULL, '', '', '01552487453', 'Md. Ataur Rahman Pathan', '9554743', '01552487453', 'smepathan@gmail.com', 'Md. Ataur Rahman Pathan', '', '2016-03-20 04:09:45', '2016-03-20 04:09:45', 0, 0),
(95, 'Beacon Pharmaceuticals Ltd', '1', 'Beacon Pharmaceuticals Ltd., ', NULL, 'Kathali', 'Bhaluka', 'Mymensingh', '2240', '', '', '1', NULL, NULL, NULL, '', '', '', 'Md. Ebadul Karim', '01914702712', '01914702712', 'zahidur-qc@beaconpharma.com.bd', 'Md. Zahidur Rahman', '', '2016-03-20 23:26:57', '2016-03-20 23:29:22', 0, 91),
(96, 'Self Employed', '7', '', NULL, '', '', '', '', '', '', '1', NULL, NULL, NULL, NULL, NULL, NULL, NULL, '', '01882067006', 'hanjala28@gmail.com', 'Md. Abu Hanjala', NULL, '2016-03-21 00:47:28', '2016-03-21 00:47:28', 0, 547),
(97, 'Well Accessories Ltd. (Food Division)', '8', 'Serene Apt. Level -01, House # 114, Road', NULL, 'Banani', 'Banani', 'Dhaka', '1213', '', 'www.wellgroupbd.com', '1', NULL, NULL, NULL, '', '', '01711534139', 'Sayed Nurul Islam', '9803857', '01729072614', 'parvezalambcsir@gmail.com', 'Md. Parvez Alam', '', '2016-03-21 00:49:25', '2016-03-21 00:49:25', 0, 0),
(98, 'Well Foods Ltd.', '8', '944, OR Nizam Road, Chittagong', NULL, 'GSC More', 'GSC More', 'Chittagong', '4000', '', '', '1', NULL, NULL, NULL, '', '', '01711534139', 'Sayed Nurul Islam', '031671604', '01729072614', 'parvez1967alam@gmail.com', 'Md. Parvez Alam', '', '2016-03-21 00:53:49', '2016-03-21 00:53:49', 0, 0),
(99, 'Meghna Group of Industries Ltd.', '1', 'Fresh Villa, H-15, R-34, Gulshan-1, dhak', NULL, '34', 'Gulshan', 'Dhaka', '1212', '', '', '1', NULL, NULL, NULL, '', '', '', '', '9889306', '01711683932', 'pabitraft@meghnagroup.biz', 'Pabitra Roy', '', '2016-03-21 02:10:16', '2016-03-21 02:10:16', 0, 0),
(100, 'Jagannath University', '6', '60/2', NULL, 'Uttar Dhanmondi', 'Kalabagan', 'Dhaka', '', '', '', '1', NULL, NULL, NULL, NULL, NULL, NULL, NULL, '', '01719248290', 'ahsanragib@hotmail.com', 'RAGIB AHSAN', NULL, '2016-03-21 03:16:00', '2016-03-21 03:16:00', 0, 549),
(101, 'Self Employed', '7', 'M100', NULL, 'merul', 'Badda', 'Dhaka', '', '', '', '1', NULL, NULL, NULL, NULL, NULL, NULL, NULL, '', '01924602915', 'Nazmul100237@gmail.com', 'Nazmul Hasan', NULL, '2016-03-21 03:25:21', '2016-03-21 03:25:21', 0, 550),
(102, 'Farr Ceramics Ltd.', '1', '52, TMC Building, Level-7', NULL, 'New Eskaton Road', 'Banglamotor', 'Dhaka', '1000', '9337124', 'www.farr.com.bd', '1', '56efcb81bdb58Cer.pdf', NULL, '56efcb81bdb58TL.pdf', '591124671171', 'irfan@farr.com.bd', '01714085862', 'Irfan Uddin', '9340991-3', '01844015 957', 'yahia@farr.com.bd', 'Yahia Zannat', '9337124', '2016-03-21 04:22:57', '2016-03-21 04:22:57', 0, 0),
(103, 'Dhaka University', '6', 'Amar Ekushey Hall', NULL, 'Dhaka University', 'Dhaka University', 'Dhaka', '1000', '', '', '1', NULL, NULL, NULL, NULL, NULL, NULL, NULL, '', '01723219004', 'raju.bmb.du@gmail.com', 'Md. Rejaul Karim', NULL, '2016-03-21 22:10:15', '2016-03-21 22:10:15', 0, 552),
(104, 'Dhaka University', '6', 'Dhaka University', NULL, 'Dhaka University', '', '', '', '', '', '1', NULL, NULL, NULL, NULL, NULL, NULL, NULL, '', '01670265140', 'mirzaashi7@gmail.com', 'Mirza Sharmin Sultana', NULL, '2016-03-21 22:28:47', '2016-03-21 22:28:47', 0, 553),
(105, 'Global Food Company', '2', '74/1', NULL, 'Cresent Road', 'Dhaka', 'DhaDka', '1205', '', '', '1', NULL, '56f0d0f20cebd237.PDF', NULL, '', '', '', '', '01713014493', '01713014493', 'shahariarkhan1966@yahoo.com', 'Shahariar Afsar Khan', '', '2016-03-21 22:58:26', '2016-03-21 23:02:27', 0, 554),
(106, 'Interstoff Apparels Ltd.', '1', 'Chandora, Kaliakoir', NULL, 'Gazipur', 'Chandora', 'Gazipur', '1200', '', '', '1', NULL, NULL, NULL, '', '', '', 'Nazim Uddin Ahmed', '52119-26', '01713142450', 'nath.compliance@gmail.com', 'Pradip Kumar Nath', '', '2016-03-22 00:50:12', '2016-03-22 00:50:12', 0, 0),
(108, 'Concord Group of Companies', '8', '43, Concord Centre', NULL, '52', 'Gulshan-2', 'Dhaka', '1212', '9843552', 'www.concordgroup.net', '1', NULL, NULL, NULL, '', 'shohel3977@concordgroup.net', '58814028', 'S M Kamaluddin', '01922120634', '01922120634', 'shohel3977@concordgroup.net', 'Md. Hasanuzzaman Shohel', '9843552', '2016-03-22 01:37:26', '2016-03-22 01:37:26', 0, 0),
(109, 'Max Power ltd.', '1', 'Polash', NULL, 'Ghorashal', 'Norshingdi', 'Norshingdi', '1239', '', '', '1', NULL, NULL, NULL, '', '', '', '', '01817610026', '01817610026', 'saiful_islam957@yahoo.com', 'Saiful Islam', '', '2016-03-22 01:52:46', '2016-03-22 01:52:46', 0, 0),
(110, 'Pharma Tools Engineering', '3', 'Tangi ', NULL, 'Gazipur', 'Tangi', 'Gazipur', '1239', '', '', '1', NULL, NULL, NULL, '', '', '', '', '01919372149', '0191372149', 'pharmatoolseng@yahoo.com', 'Ashraful Islam Rasel', '', '2016-03-22 03:19:22', '2016-03-22 03:19:22', 0, 0),
(111, 'BISR Consultants Limited', '1', '6/14, Flat-6B', NULL, 'Block A', 'Lalmatia', 'Dhaka', '1207', '', '', '1', NULL, NULL, NULL, '', '', '', '', '01717489503', '01717489503', 'raju_0501@yahoo.com', 'Md. Rajedul Islam', '', '2016-03-22 03:27:13', '2016-03-22 03:27:13', 0, 0),
(112, 'Danish Condensed Milk Bangladesh Ltd.', '8', 'Shanta Western Tower,Level-13,', NULL, 'Bir Uttam Mir Shawkat Road', '186, Tejgaon I/A', 'Dhaka', '1208', '', '', '1', NULL, NULL, NULL, '', '', '', '', '027693038', '01713413359', 'samir@psgbd.com', 'Samir paul', '', '2016-03-22 03:37:29', '2016-03-22 03:37:29', 0, 0),
(113, 'Dhaka University', '6', '', NULL, '', '', '', '', '', '', '1', NULL, NULL, NULL, NULL, NULL, NULL, NULL, '', '01816702021', 'parag_mona2004@yahoo.co.uk', 'Mohammad Moniruzzaman', NULL, '2016-03-22 04:03:43', '2016-03-22 04:03:43', 0, 564),
(114, 'University of Dhaka ', '6', '', NULL, '', '', 'DHAKA', '1000', '', '', '1', NULL, NULL, NULL, NULL, NULL, NULL, NULL, '', '01719814017', 'milon.brac456@gmail.com', 'MD MILON UDDIN ', NULL, '2016-03-22 05:41:52', '2016-03-22 05:41:52', 0, 565),
(115, 'M/S Modern Seafood Ind. Ltd.', '1', '4', NULL, 'T.B boundary Road', 'Khulna', 'Khulna', '9100', '', '', '1', NULL, NULL, NULL, '', '', '', '', '041722221', '01716537212', 'modernbrightqc@gmail.com', 'Md. Reazul islam', '', '2016-03-22 22:48:07', '2016-03-22 22:48:07', 0, 0),
(116, 'Quality Food Products', '3', 'chourhasmore', NULL, 'BSCIC', 'Kushtia', 'Kushtia', '7000', '', '', '1', NULL, NULL, NULL, '', 'qualitybdk@gmail.com', '01820552728', 'Hafizur Rahman (Jantul)', '01820552728', '01741426160', 'qualitybdk@gmail.com', 'yusuf Ali', '', '2016-03-22 23:11:02', '2016-03-22 23:11:02', 0, 0),
(117, 'Survey 2000', '1', 'House#74, Road#21, Block#B', NULL, 'Banani', 'Banani', 'Dhaka', '1213', '', 'www.survey2000.net', '1', NULL, NULL, NULL, '', '', '01711323266', 'Engr. Ariful Islam', '8818386', '01827706071', 'mahabub.fon@gmail.com', 'Md. Mahabubul Islam', '', '2016-03-22 23:47:22', '2016-03-22 23:47:22', 0, 0),
(118, 'Turbo Sports.com', '3', '76/C Modhya Paikpara', NULL, 'Modhyapara', 'Mirpur', 'Dhaka', '1216', '', '', '1', NULL, NULL, NULL, '', 'alamgir012@gmail.com', '01534132785', 'Alamgir Sujaet', '01534132785', '01534132785', 'alamgir012@gmail.com', 'Alamgir Sujaet', '', '2016-03-23 00:12:57', '2016-03-23 00:12:57', 0, 0),
(119, 'ABDUL MONEM SUGAR REFINERY LTD.', '1', 'Protapnagar', NULL, 'Meghnaghat', 'Sonargaon', 'Narayangonj', '1440', '', '', '1', NULL, NULL, NULL, '', '', '', '', '+8801712612253', '+8801712612253', 'imtiaz_amsrl@amlbd.com', 'Md. Lulu Imtiyaz', '', '2016-03-23 01:07:59', '2016-03-23 01:08:21', 0, 573),
(120, 'Self Employed', '7', 'House-20.', NULL, 'Road-6', 'Uttora,11no.', 'DHAKA', '', '', '', '1', NULL, NULL, NULL, NULL, NULL, NULL, NULL, '', '01745791800', 'ariqabrar@yahoo.com', 'Md.Kamruzzaman', NULL, '2016-03-23 03:19:42', '2016-03-23 03:19:42', 0, 574),
(121, 'Fair Inspection Ltd.', '1', '66, New Circular Road', NULL, 'Property Plaza', 'Mouchak', 'Dhaka', '1217', '', '', '1', NULL, NULL, NULL, '', '', '', '', '01725122423', '01725122423', 'info.fairbd@gmail.com', 'Md. Anwor-Ul-Kabir', '', '2016-03-23 04:59:26', '2016-03-23 04:59:26', 0, 0),
(123, 'Dhaka University', '6', '481', NULL, 'Mirpur DOHS', '', '', '', '', '', '1', NULL, NULL, NULL, NULL, NULL, NULL, NULL, '', '01933734404', 'shishirdutta1988@gmail.com', 'Shishir  Dutta', NULL, '2016-03-23 23:56:15', '2016-03-23 23:56:15', 0, 578),
(124, 'Epyllion Ltd.', '1', 'Kutubpur', NULL, 'kanchpur', 'Sonargaon,Narayanganj', 'Narayanganj', '1440', '', '', '1', NULL, NULL, NULL, '', '', '', 'Reaz Uddin Al-Mamoon', '9840223', '01954545812', 'fmhuda@gmail.com', 'Md. Nazmul  Huda', '9855293', '2016-03-24 00:47:27', '2016-03-24 00:47:27', 0, 0),
(125, 'AST Beverage Limited', '1', 'Simrail', NULL, 'Shidhirgong', 'Narayangong', 'Dhaka', '1440', '', '', '1', NULL, NULL, NULL, '', '', '', 'Md. Sohidul Haq', '01920002629', '01920002629', 'munjurul.azam@gmail.com', 'Md. Munjurul Azam', '', '2016-03-24 00:53:18', '2016-03-24 00:55:11', 0, 91),
(126, 'Tanha Corporation', '3', 'Ka -73 / A , shajadpur , Gulshan -2', NULL, 'shajadpur', 'Gulshan', 'Dhaka', '1214', '', '', '1', NULL, NULL, NULL, '', '', '', '', '01911914844', '01911914844', 'towhidmamun@gmail.com', 'Md. Towhid Al Mamun', '', '2016-03-24 01:24:55', '2016-03-24 01:24:55', 0, 0),
(127, 'Center for Environmental and Geographic Information Services', '3', 'House No. 06, ', NULL, 'Road No. 23/C', 'Gulshan-1', 'Dhaka', '1216', '', 'www.cegisbd.com', '1', NULL, NULL, NULL, '', '', '58817648-52', 'Executive Director', '58817648-52', '01711260139', 'mahadi@cegisbd.com', 'Mahadi Hassan', '', '2016-03-28 23:01:11', '2016-03-28 23:01:11', 0, 0),
(128, 'Zaheen Knitwears Ltd.', '1', 'Keodala', NULL, 'Madanpur', 'Bandar', 'Narayangonj', '1414', '02-7648064', '', '1', NULL, NULL, NULL, '', '', '01711524251', 'M. Jamal Uddin, (MD)', '764864', '01813702619', 'kamrulzaheen@gmail.com', 'Md. Kamrul Hasan', '', '2016-03-28 23:11:13', '2016-03-28 23:11:13', 0, 0),
(129, 'Apcco Bangladesh Limited', '1', '1/1 & 1/2 ', NULL, 'Mirpur Industrial Estate, Zoo Road', 'Section-1, Mirpur', 'Dhaka', '1216', '', 'www.apccobgd.com', '1', NULL, NULL, NULL, '', 'apccobd@gmail.com', '01970094500', 'Abrar Mohammad Warish Khan', '01730094505', '01730094506', 'apccobd@gmail.com', 'Md. Abdur Rahim', '', '2016-03-28 23:55:12', '2016-03-29 00:00:48', 0, 91),
(130, 'Self Employed', '7', 'Flat#6A, House#42, Road#18', NULL, 'Niknjo-2', 'Khilkhet', 'Dhaka', '', '', '', '1', NULL, NULL, NULL, NULL, NULL, NULL, NULL, '', '+8801711235180', 'roney-rahman@yahoo.com', 'Md. Anisur Rahman', NULL, '2016-03-29 01:45:25', '2016-03-29 01:45:25', 0, 593),
(131, 'Self Employed', '7', '75', NULL, 'AK Khandakar Road', 'Mohakhali', 'Dhaka', '1212', '9881265', '', '1', NULL, NULL, NULL, NULL, NULL, NULL, NULL, '', '01730347196', 'sirajul.h@brac.net', 'Md. Sirajul Haque', NULL, '2016-03-29 06:58:28', '2016-03-29 06:58:28', 0, 595),
(132, 'NewZealand Dairy Products BD Ltd.', '1', '186,Shanta Western Tower', NULL, 'Tejgaon ', 'Industrial Area', 'Dhaka', '1208', '', 'www.newzealanddairybd.com', '1', NULL, NULL, NULL, '', '', '', 'S A Mallik (MD)', '88787901-03', '01955527749', 'mbosaif@gmail.com', 'Md. Saiful Islam', '', '2016-03-30 22:13:28', '2016-03-30 22:13:28', 0, 0),
(133, 'BRAC Fisheries', '1', '75, A K Khandokar Road, Brac Center', NULL, 'Mohakhali', 'Mohakhali C/A', 'Dhaka', '1212', '', '', '1', NULL, NULL, NULL, '', '', '', 'Sir Fajle Hasan Abed (Chairman)', '9881265', '01730347196', 'sirajul.h69@gmail.com', 'Md. Sirajul Haque', '', '2016-03-31 01:28:17', '2016-03-31 01:28:17', 0, 0),
(134, 'Krishi Pannya Feed Ltd.', '1', '1/13 KA, Sikder Real Estate', NULL, 'Rayer Bazar', 'Rayer Bazar', 'Dhaka', '1209', '', 'www.primecarejs.com', '1', NULL, NULL, NULL, '', '', '01929914950', 'Md. Imdadul Haque', '02-9132134', '01929914994', 'rubelmd617@gmail.com', 'Md. Rubel Ahmed', '', '2016-03-31 01:42:25', '2016-03-31 01:42:25', 0, 0),
(135, 'Nestle Bangladesh Limited', '1', 'NINA KABBO,227/A', NULL, 'Gulshan Tejgaon link road', 'Tejgaon', 'Dhaka', '1208', '', '', '1', NULL, NULL, NULL, '', '', '', '', '09609609222', '01714098608', 'shahazada.imran@bd.nestle.com', 'Md. Shahazada Imran', '', '2016-04-05 00:52:55', '2016-04-05 00:59:31', 0, 605),
(136, 'Pallybodhu Trading Corporation ', '3', '74/3/1', NULL, 'Atish Diponkar Road, Basabo', 'Sabujbag', 'Dhaka', '1214', '', '', '1', NULL, NULL, NULL, '', '', '', 'Md. Abbas Uddin (Chairman)', '01911488535', '01911488535', 'pbks_gaibandha@yahoo.com', 'Monowara Talukder', '', '2016-04-10 00:29:06', '2016-04-10 00:29:06', 0, 0),
(137, 'Self Employed', '7', '75', NULL, 'Arjot para', 'Tejgeon', 'Mohakhali', '1215', 'Geo-solutions', '', '1', NULL, NULL, NULL, NULL, NULL, NULL, NULL, '', '01673242272', 'zamanserrif@gmail.com', 'Md. Sharifuzzaman', NULL, '2016-04-12 00:53:25', '2016-04-12 00:53:25', 0, 612),
(138, 'ISLAMIC UNIVERSITY', '6', '', NULL, 'RAILPARA', 'CHUADANGA', 'CHUADANGA', '7200', '', '', '1', NULL, NULL, NULL, NULL, NULL, NULL, NULL, '', '01717969484', 'amasm08@gmail.com', 'A. M. ABU SAYEM MALIK', NULL, '2016-04-24 21:33:54', '2016-04-24 21:33:54', 0, 614),
(139, 'Bangladesh Science Society', '3', '148', NULL, 'Bagmara Main Road', 'Khulna', 'Khulna', '9100', '', 'www.blog.bss.net.bd', '1', NULL, NULL, '5726de6dcef34Trade Lisance - Copy.jpg', '', 'bss.net.bd@gmail.com', '01711896553', 'Swapan Saha', '01686 395927', '01686395927', 'mrsumansmail@gmail.com', 'Suman Saja', '', '2016-05-01 22:58:21', '2016-05-01 22:58:21', 0, 0),
(140, 'Nexstar Limited', '1', 'House-55 (1st floor)', NULL, 'Shah Makhdum Avenue, Sector-12', 'Uttara', 'Dhaka', '1230', '', 'www.nexstar.com', '1', '57395a3cc750eDigitallySigned_C2016574495.pdf', NULL, NULL, '667376896982', 'ruhul5316@gmail.com', '01972868584', 'Ruhul Amin', '55085601', '0176678114', 'm.a.amin@hotmail.co.uk', 'Muhammad Ashfaque Amin', '', '2016-05-15 23:27:24', '2016-05-15 23:27:24', 0, 0),
(142, 'Bangladesh University of Engineering and Technology', '6', 'House# 6, ', NULL, 'Road# 9', 'Kallyanpur', 'Dhaka', '1207', '', '', '1', NULL, NULL, NULL, NULL, NULL, NULL, NULL, '', '+8801721020016', 'shohelranasust30@gmail.com', 'shohelbuet', NULL, '2016-05-17 11:57:28', '2016-05-17 11:57:28', 0, 626),
(143, 'Noakhali science and Technology University', '6', '', NULL, 'mojlishpur', 'feni', 'chittagong', '3900', '', '', '1', NULL, NULL, NULL, NULL, NULL, NULL, NULL, '', '01919819174', 'meer.nstu22@hotmail.com', 'Meer Hossain', NULL, '2016-05-23 12:36:11', '2016-05-23 12:36:11', 0, 631),
(144, 'Blue Star Engineering & Electronics Ltd', '1', '2nd floor, KRM Plaza,', NULL, '2, Harrington Road, ', 'Chetpet', 'Chennai', '600031', '', 'www.bluestarindia.com/e&e', '1', NULL, NULL, NULL, '', '', '', '', '04442444242', '9500097930', 'phanindrakumarm@bluestarindia.com', 'Phanindra Kumar', '', '2016-05-26 00:34:13', '2016-05-26 00:34:13', 0, 0),
(145, 'bg', '6', '', NULL, '', '', '', '', '', '', '1', NULL, NULL, NULL, NULL, NULL, NULL, NULL, '', '01767957180', 'shahini@batworld.com', 'Shahin', NULL, '2016-08-24 00:08:27', '2016-08-24 00:08:27', 0, 638),
(146, '', '6', '', NULL, '', '', '', '', '', '', '1', NULL, NULL, NULL, NULL, NULL, NULL, NULL, '', '01767957180', 'shahin@batworld.com', 'Shahin', NULL, '2016-08-24 00:11:58', '2016-08-24 00:11:58', 0, 641),
(147, 'Self Employed', '7', '', NULL, '', '', '', '', '', '', '1', NULL, NULL, NULL, NULL, NULL, NULL, NULL, '', '01767957180', 'shahin.fcsi@gmail.com', 'sdfsdf', NULL, '2016-08-24 00:21:00', '2016-08-24 00:21:00', 0, 642),
(148, '', '6', '', NULL, '', '', '', '', '', '', '1', NULL, NULL, NULL, NULL, NULL, NULL, NULL, '', '01767957180', '', 'Shahin', NULL, '2016-08-24 00:35:58', '2016-08-24 00:35:58', 0, 643),
(149, '', '6', '', NULL, '', '', '', '', '', '', '1', NULL, NULL, NULL, NULL, NULL, NULL, NULL, '', '01767957180', '', 'Shahin', NULL, '2016-08-24 00:49:01', '2016-08-24 00:49:01', 0, 648),
(150, 'Self Employed', '7', '', NULL, '', '', '', '', '', '', '1', NULL, NULL, NULL, NULL, NULL, NULL, NULL, '', '01767957180', '', 'Shahin', NULL, '2016-08-24 00:49:38', '2016-08-24 00:49:38', 0, 649),
(151, '', '6', '', NULL, '', '', '', '', '', '', '1', NULL, NULL, NULL, NULL, NULL, NULL, NULL, '', '01767957180', 'shahin@batworld.com', 'Shahin', NULL, '2016-08-24 00:58:32', '2016-08-24 00:58:32', 0, 651),
(152, '', '6', '', NULL, '', '', '', '', '', '', '1', NULL, NULL, NULL, NULL, NULL, NULL, NULL, '', '01767957180', 'shahin@batworld.com', 'Shahin', NULL, '2016-08-24 00:59:45', '2016-08-24 00:59:45', 0, 652),
(153, 'Self Employed', '7', '', NULL, '', '', '', '', '', '', '1', NULL, NULL, NULL, NULL, NULL, NULL, NULL, '', '01767957180', 'shahin@batworld.com', 'Shahin', NULL, '2016-08-24 01:02:33', '2016-08-24 01:02:33', 0, 653),
(154, '', '6', '', NULL, '', '', '', '', '', '', '1', NULL, NULL, NULL, NULL, NULL, NULL, NULL, '', '01767957180', '', 'Shahin', NULL, '2016-08-24 01:03:03', '2016-08-24 01:03:03', 0, 654),
(155, '', '6', '', NULL, '', '', '', '', '', '', '1', NULL, NULL, NULL, NULL, NULL, NULL, NULL, '', '01767957180', 'shahin@batworld.com', 'Shahin', NULL, '2016-08-24 01:03:25', '2016-08-24 01:03:25', 0, 655),
(156, '', '6', '', NULL, '', '', '', '', '', '', '1', NULL, NULL, NULL, NULL, NULL, NULL, NULL, '', '01767957180', '', 'Shahin', NULL, '2016-08-24 01:05:42', '2016-08-24 01:05:42', 0, 656),
(157, '', '6', '', NULL, '', '', '', '', '', '', '1', NULL, NULL, NULL, NULL, NULL, NULL, NULL, '', '01767957180', 'shahin@batworld.com', 'Shahin', NULL, '2016-08-24 01:05:57', '2016-08-24 01:05:57', 0, 657),
(158, '', '6', '', NULL, '', '', '', '', '', '', '1', NULL, NULL, NULL, NULL, NULL, NULL, NULL, '', '01767957180', '', 'Shahin', NULL, '2016-08-24 04:04:54', '2016-08-24 04:04:54', 0, 658),
(159, 'Self Employed', '7', '', NULL, '', '', '', '', '', '', '1', NULL, NULL, NULL, NULL, NULL, NULL, NULL, '', '01767957180', '', 'Shahin', NULL, '2016-08-24 04:13:13', '2016-08-24 04:13:13', 0, 659),
(160, '', '6', '', NULL, '', '', '', '', '', '', '1', NULL, NULL, NULL, NULL, NULL, NULL, NULL, '', '01672880121', '', 'Shahin', NULL, '2016-08-24 04:26:39', '2016-08-24 04:26:39', 0, 660),
(161, '', '6', '', NULL, '', '', '', '', '', '', '1', NULL, NULL, NULL, NULL, NULL, NULL, NULL, '', '01672880121', '', 'Shahin', NULL, '2016-08-24 04:29:49', '2016-08-24 04:29:49', 0, 661),
(162, '', '6', '', NULL, '', '', '', '', '', '', '1', NULL, NULL, NULL, NULL, NULL, NULL, NULL, '', '01767957180', '', 'Shahin', NULL, '2016-08-24 04:31:30', '2016-08-24 04:31:30', 0, 662),
(163, '', '6', '', NULL, '', '', '', '', '', '', '1', NULL, NULL, NULL, NULL, NULL, NULL, NULL, '', '01767957180', '', 'Shahin', NULL, '2016-08-24 04:32:37', '2016-08-24 04:32:37', 0, 663),
(164, '', '6', '', NULL, '', '', '', '', '', '', '1', NULL, NULL, NULL, NULL, NULL, NULL, NULL, '', '01672880121', '', 'Shahin', NULL, '2016-08-24 04:33:34', '2016-08-24 04:33:34', 0, 664),
(165, '', '6', '', NULL, '', '', '', '', '', '', '1', NULL, NULL, NULL, NULL, NULL, NULL, NULL, '', '01767957180', 'shahin@batworld.com', 'Shahin', NULL, '2016-08-24 04:54:20', '2016-08-24 04:54:20', 0, 665);

-- --------------------------------------------------------

--
-- Table structure for table `company_assoc`
--

CREATE TABLE `company_assoc` (
  `ca_id` int(11) NOT NULL,
  `company_id` varchar(40) COLLATE utf8_unicode_ci NOT NULL,
  `member_id` varchar(40) COLLATE utf8_unicode_ci NOT NULL,
  `ca_status` varchar(20) COLLATE utf8_unicode_ci NOT NULL,
  `created_at` timestamp NOT NULL DEFAULT '0000-00-00 00:00:00',
  `updated_at` timestamp NOT NULL DEFAULT '0000-00-00 00:00:00',
  `is_locked` int(11) NOT NULL,
  `updated_by` int(11) NOT NULL
) ENGINE=InnoDB DEFAULT CHARSET=utf8 COLLATE=utf8_unicode_ci;

--
-- Dumping data for table `company_assoc`
--

INSERT INTO `company_assoc` (`ca_id`, `company_id`, `member_id`, `ca_status`, `created_at`, `updated_at`, `is_locked`, `updated_by`) VALUES
(34, '9', '345', '', '2015-12-08 02:05:48', '2015-12-08 02:05:48', 0, 0),
(43, '22', '377', '', '2016-01-12 21:57:52', '2016-01-12 21:57:52', 0, 0),
(48, '27', '70', '', '2016-01-27 04:51:22', '2016-01-27 04:51:22', 0, 0),
(49, '28', '404', '1', '2016-01-27 09:56:19', '2016-01-27 09:56:19', 0, 0),
(50, '30', '407', '1', '2016-01-29 22:12:47', '2016-01-29 22:12:47', 0, 0),
(51, '31', '409', '1', '2016-01-30 21:46:24', '2016-01-30 21:46:24', 0, 0),
(52, '32', '410', '1', '2016-01-30 22:16:43', '2016-01-30 22:16:43', 0, 0),
(53, '33', '413', '', '2016-01-31 01:39:36', '2016-01-31 01:39:36', 0, 0),
(54, '34', '414', '', '2016-01-31 02:04:09', '2016-01-31 02:04:09', 0, 0),
(55, '35', '415', '', '2016-01-31 02:54:41', '2016-01-31 02:54:41', 0, 0),
(56, '36', '418', '', '2016-01-31 04:57:15', '2016-01-31 04:57:15', 0, 0),
(57, '37', '423', '', '2016-02-02 22:58:00', '2016-02-02 22:58:00', 0, 0),
(58, '38', '426', '', '2016-02-03 00:21:44', '2016-02-03 00:21:44', 0, 0),
(59, '39', '430', '', '2016-02-03 23:08:35', '2016-02-03 23:08:35', 0, 0),
(60, '40', '435', '', '2016-02-05 22:03:44', '2016-02-05 22:03:44', 0, 0),
(61, '41', '432', '', '2016-02-07 03:07:47', '2016-02-07 03:07:47', 0, 0),
(62, '42', '438', '1', '2016-02-07 03:35:26', '2016-02-07 03:35:26', 0, 0),
(63, '43', '439', '1', '2016-02-07 04:02:02', '2016-02-07 04:02:02', 0, 0),
(64, '44', '440', '1', '2016-02-09 05:56:12', '2016-02-09 05:56:12', 0, 0),
(65, '45', '441', '', '2016-02-09 21:48:36', '2016-02-09 21:48:36', 0, 0),
(66, '46', '442', '', '2016-02-09 23:37:30', '2016-02-09 23:37:30', 0, 0),
(67, '47', '444', '', '2016-02-10 00:22:48', '2016-02-10 00:22:48', 0, 0),
(68, '48', '456', '1', '2016-02-15 16:29:05', '2016-02-15 16:29:05', 0, 0),
(69, '49', '457', '', '2016-02-15 23:48:30', '2016-02-15 23:48:30', 0, 0),
(70, '50', '458', '', '2016-02-16 00:12:34', '2016-02-16 00:12:34', 0, 0),
(71, '51', '459', '', '2016-02-16 00:32:19', '2016-02-16 00:32:19', 0, 0),
(72, '52', '460', '', '2016-02-16 01:42:58', '2016-02-16 01:42:58', 0, 0),
(73, '53', '465', '', '2016-02-16 04:09:01', '2016-02-16 04:09:01', 0, 0),
(74, '55', '470', '', '2016-02-21 23:31:49', '2016-02-21 23:31:49', 0, 0),
(75, '56', '471', '', '2016-02-22 00:11:10', '2016-02-22 00:11:10', 0, 0),
(76, '57', '474', '1', '2016-02-22 21:59:18', '2016-02-22 21:59:18', 0, 0),
(77, '58', '476', '', '2016-02-22 23:22:48', '2016-02-22 23:22:48', 0, 0),
(78, '59', '481', '', '2016-02-23 04:54:40', '2016-02-23 04:54:40', 0, 0),
(79, '60', '481', '', '2016-02-23 04:58:33', '2016-02-23 04:58:33', 0, 0),
(80, '61', '482', '', '2016-02-23 21:59:55', '2016-02-23 21:59:55', 0, 0),
(81, '62', '491', '1', '2016-02-28 04:17:12', '2016-02-28 04:17:12', 0, 0),
(82, '63', '495', '1', '2016-02-29 00:03:04', '2016-02-29 00:03:04', 0, 0),
(83, '64', '499', '', '2016-03-01 23:40:20', '2016-03-01 23:40:20', 0, 0),
(84, '65', '500', '', '2016-03-02 01:01:16', '2016-03-02 01:01:16', 0, 0),
(85, '66', '502', '', '2016-03-02 04:38:35', '2016-03-02 04:38:35', 0, 0),
(86, '67', '505', '', '2016-03-07 00:39:20', '2016-03-07 00:39:20', 0, 0),
(87, '68', '508', '', '2016-03-10 02:09:53', '2016-03-10 02:09:53', 0, 0),
(88, '69', '509', '', '2016-03-10 03:38:15', '2016-03-10 03:38:15', 0, 0),
(89, '70', '510', '', '2016-03-13 00:30:24', '2016-03-13 00:30:24', 0, 0),
(90, '71', '511', '', '2016-03-13 03:18:09', '2016-03-13 03:18:09', 0, 0),
(91, '72', '513', '', '2016-03-15 00:57:54', '2016-03-15 00:57:54', 0, 0),
(92, '73', '514', '', '2016-03-15 01:07:02', '2016-03-15 01:07:02', 0, 0),
(93, '74', '515', '', '2016-03-15 01:41:39', '2016-03-15 01:41:39', 0, 0),
(94, '75', '516', '', '2016-03-15 02:05:19', '2016-03-15 02:05:19', 0, 0),
(95, '76', '519', '', '2016-03-15 02:53:03', '2016-03-15 02:53:03', 0, 0),
(96, '78', '518', '', '2016-03-15 03:13:59', '2016-03-15 03:13:59', 0, 0),
(99, '81', '522', '1', '2016-03-16 00:08:05', '2016-03-16 00:08:05', 0, 0),
(100, '82', '525', '', '2016-03-16 01:29:23', '2016-03-16 01:29:23', 0, 0),
(101, '83', '523', '', '2016-03-16 01:39:22', '2016-03-16 01:39:22', 0, 0),
(102, '84', '526', '', '2016-03-16 01:49:57', '2016-03-16 01:49:57', 0, 0),
(103, '85', '527', '', '2016-03-16 02:35:13', '2016-03-16 02:35:13', 0, 0),
(104, '87', '528', '', '2016-03-16 03:22:07', '2016-03-16 03:22:07', 0, 0),
(105, '88', '529', '1', '2016-03-16 04:03:23', '2016-03-16 04:03:23', 0, 0),
(106, '89', '533', '', '2016-03-19 22:07:23', '2016-03-19 22:07:23', 0, 0),
(107, '90', '534', '', '2016-03-19 22:59:09', '2016-03-19 22:59:09', 0, 0),
(108, '91', '535', '', '2016-03-19 23:49:29', '2016-03-19 23:49:29', 0, 0),
(109, '92', '537', '', '2016-03-20 01:20:20', '2016-03-20 01:20:20', 0, 0),
(110, '93', '538', '', '2016-03-20 01:49:17', '2016-03-20 01:49:17', 0, 0),
(111, '93', '538', '', '2016-03-20 01:49:43', '2016-03-20 01:49:43', 0, 0),
(112, '94', '542', '', '2016-03-20 04:09:57', '2016-03-20 04:09:57', 0, 0),
(113, '95', '545', '', '2016-03-20 23:29:53', '2016-03-20 23:29:53', 0, 0),
(114, '96', '547', '1', '2016-03-21 00:47:28', '2016-03-21 00:47:28', 0, 0),
(115, '97', '546', '', '2016-03-21 00:49:39', '2016-03-21 00:49:39', 0, 0),
(116, '98', '546', '', '2016-03-21 00:54:12', '2016-03-21 00:54:12', 0, 0),
(117, '99', '548', '', '2016-03-21 02:10:31', '2016-03-21 02:10:31', 0, 0),
(118, '100', '549', '1', '2016-03-21 03:16:00', '2016-03-21 03:16:00', 0, 0),
(119, '101', '550', '1', '2016-03-21 03:25:21', '2016-03-21 03:25:21', 0, 0),
(120, '102', '551', '', '2016-03-21 04:24:29', '2016-03-21 04:24:29', 0, 0),
(121, '103', '552', '1', '2016-03-21 22:10:15', '2016-03-21 22:10:15', 0, 0),
(122, '104', '553', '1', '2016-03-21 22:28:47', '2016-03-21 22:28:47', 0, 0),
(123, '105', '554', '', '2016-03-21 23:08:33', '2016-03-21 23:08:33', 0, 0),
(124, '106', '555', '', '2016-03-22 00:50:24', '2016-03-22 00:50:24', 0, 0),
(125, '108', '558', '', '2016-03-22 01:39:41', '2016-03-22 01:39:41', 0, 0),
(126, '109', '559', '', '2016-03-22 01:53:05', '2016-03-22 01:53:05', 0, 0),
(127, '110', '562', '', '2016-03-22 03:19:39', '2016-03-22 03:19:39', 0, 0),
(128, '111', '561', '', '2016-03-22 03:27:33', '2016-03-22 03:27:33', 0, 0),
(129, '112', '563', '', '2016-03-22 03:37:48', '2016-03-22 03:37:48', 0, 0),
(130, '113', '564', '1', '2016-03-22 04:03:43', '2016-03-22 04:03:43', 0, 0),
(131, '114', '565', '1', '2016-03-22 05:41:52', '2016-03-22 05:41:52', 0, 0),
(132, '115', '569', '', '2016-03-22 22:48:24', '2016-03-22 22:48:24', 0, 0),
(133, '116', '571', '', '2016-03-22 23:11:13', '2016-03-22 23:11:13', 0, 0),
(134, '117', '541', '', '2016-03-22 23:47:38', '2016-03-22 23:47:38', 0, 0),
(135, '118', '572', '', '2016-03-23 00:13:17', '2016-03-23 00:13:17', 0, 0),
(136, '119', '573', '', '2016-03-23 01:09:36', '2016-03-23 01:09:36', 0, 0),
(137, '120', '574', '1', '2016-03-23 03:19:42', '2016-03-23 03:19:42', 0, 0),
(138, '121', '576', '', '2016-03-23 04:59:47', '2016-03-23 04:59:47', 0, 0),
(139, '123', '578', '1', '2016-03-23 23:56:15', '2016-03-23 23:56:15', 0, 0),
(140, '124', '579', '', '2016-03-24 00:47:42', '2016-03-24 00:47:42', 0, 0),
(141, '125', '580', '', '2016-03-24 01:04:29', '2016-03-24 01:04:29', 0, 0),
(142, '126', '581', '', '2016-03-24 01:25:23', '2016-03-24 01:25:23', 0, 0),
(143, '127', '587', '', '2016-03-28 23:04:12', '2016-03-28 23:04:12', 0, 0),
(144, '128', '588', '', '2016-03-28 23:11:39', '2016-03-28 23:11:39', 0, 0),
(145, '129', '589', '', '2016-03-29 00:16:03', '2016-03-29 00:16:03', 0, 0),
(146, '130', '593', '1', '2016-03-29 01:45:25', '2016-03-29 01:45:25', 0, 0),
(147, '131', '595', '1', '2016-03-29 06:58:28', '2016-03-29 06:58:28', 0, 0),
(148, '132', '599', '', '2016-03-30 22:13:46', '2016-03-30 22:13:46', 0, 0),
(149, '133', '601', '', '2016-03-31 01:28:40', '2016-03-31 01:28:40', 0, 0),
(150, '134', '602', '', '2016-03-31 01:42:41', '2016-03-31 01:42:41', 0, 0),
(151, '135', '605', '', '2016-04-05 01:01:09', '2016-04-05 01:01:09', 0, 0),
(152, '136', '609', '', '2016-04-10 00:29:20', '2016-04-10 00:29:20', 0, 0),
(153, '137', '612', '1', '2016-04-12 00:53:25', '2016-04-12 00:53:25', 0, 0),
(154, '138', '614', '1', '2016-04-24 21:33:54', '2016-04-24 21:33:54', 0, 0),
(155, '140', '621', '', '2016-05-16 00:35:33', '2016-05-16 00:35:33', 0, 0),
(156, '27', '625', '1', '2016-01-27 09:56:19', '2016-01-27 09:56:19', 0, 0),
(157, '142', '626', '1', '2016-05-17 11:57:28', '2016-05-17 11:57:28', 0, 0),
(158, '143', '631', '1', '2016-05-23 12:36:11', '2016-05-23 12:36:11', 0, 0),
(159, '145', '638', '1', '2016-08-24 00:08:27', '2016-08-24 00:08:27', 0, 0),
(160, '146', '641', '1', '2016-08-24 00:11:58', '2016-08-24 00:11:58', 0, 0),
(161, '147', '642', '1', '2016-08-24 00:21:01', '2016-08-24 00:21:01', 0, 0),
(162, '148', '643', '1', '2016-08-24 00:35:58', '2016-08-24 00:35:58', 0, 0),
(163, '149', '648', '1', '2016-08-24 00:49:01', '2016-08-24 00:49:01', 0, 0),
(164, '150', '649', '1', '2016-08-24 00:49:38', '2016-08-24 00:49:38', 0, 0),
(165, '151', '651', '1', '2016-08-24 00:58:32', '2016-08-24 00:58:32', 0, 0),
(166, '152', '652', '1', '2016-08-24 00:59:45', '2016-08-24 00:59:45', 0, 0),
(167, '153', '653', '1', '2016-08-24 01:02:33', '2016-08-24 01:02:33', 0, 0),
(168, '154', '654', '1', '2016-08-24 01:03:03', '2016-08-24 01:03:03', 0, 0),
(169, '155', '655', '1', '2016-08-24 01:03:25', '2016-08-24 01:03:25', 0, 0),
(170, '156', '656', '1', '2016-08-24 01:05:42', '2016-08-24 01:05:42', 0, 0),
(171, '157', '657', '1', '2016-08-24 01:05:57', '2016-08-24 01:05:57', 0, 0),
(172, '158', '658', '1', '2016-08-24 04:04:54', '2016-08-24 04:04:54', 0, 0),
(173, '159', '659', '1', '2016-08-24 04:13:13', '2016-08-24 04:13:13', 0, 0),
(174, '160', '660', '1', '2016-08-24 04:26:40', '2016-08-24 04:26:40', 0, 0),
(175, '161', '661', '1', '2016-08-24 04:29:49', '2016-08-24 04:29:49', 0, 0),
(176, '162', '662', '1', '2016-08-24 04:31:30', '2016-08-24 04:31:30', 0, 0),
(177, '163', '663', '1', '2016-08-24 04:32:37', '2016-08-24 04:32:37', 0, 0),
(178, '164', '664', '1', '2016-08-24 04:33:34', '2016-08-24 04:33:34', 0, 0),
(179, '165', '665', '1', '2016-08-24 04:54:20', '2016-08-24 04:54:20', 0, 0);

-- --------------------------------------------------------

--
-- Table structure for table `company_type`
--

CREATE TABLE `company_type` (
  `ct_id` int(11) NOT NULL,
  `ct_name` varchar(64) COLLATE utf8_unicode_ci NOT NULL,
  `ct_status` tinyint(1) DEFAULT NULL
) ENGINE=InnoDB DEFAULT CHARSET=utf8 COLLATE=utf8_unicode_ci;

--
-- Dumping data for table `company_type`
--

INSERT INTO `company_type` (`ct_id`, `ct_name`, `ct_status`) VALUES
(1, 'Limited Company', 1),
(2, 'Partnership', 1),
(3, 'Propertieship', 1),
(4, 'Government', 1),
(5, 'Semi-Government', 1),
(6, 'Student', 1),
(7, 'Self Employed', 1),
(8, 'Group of Company', 1);

-- --------------------------------------------------------

--
-- Table structure for table `config_settings`
--

CREATE TABLE `config_settings` (
  `CS_id` int(11) NOT NULL,
  `CS_option` varchar(100) COLLATE utf8_unicode_ci NOT NULL,
  `CS_value` varchar(500) COLLATE utf8_unicode_ci NOT NULL,
  `CS_type` enum('web','image','email','social') COLLATE utf8_unicode_ci NOT NULL,
  `CS_update_date` timestamp NOT NULL DEFAULT CURRENT_TIMESTAMP,
  `CS_auto_load` enum('yes','no') COLLATE utf8_unicode_ci NOT NULL DEFAULT 'no',
  `created_at` timestamp NOT NULL DEFAULT '0000-00-00 00:00:00',
  `updated_at` timestamp NOT NULL DEFAULT '0000-00-00 00:00:00',
  `updated_by` int(11) NOT NULL,
  `updated_on` datetime NOT NULL
) ENGINE=InnoDB DEFAULT CHARSET=utf8 COLLATE=utf8_unicode_ci;

-- --------------------------------------------------------

--
-- Table structure for table `country_info`
--

CREATE TABLE `country_info` (
  `country_id` double DEFAULT NULL,
  `country_code` varchar(12) COLLATE utf8_unicode_ci DEFAULT NULL,
  `country_name` varchar(300) COLLATE utf8_unicode_ci DEFAULT NULL,
  `nationality` varchar(60) COLLATE utf8_unicode_ci NOT NULL,
  `country_priority` tinyint(1) DEFAULT '2',
  `country_status` varchar(9) COLLATE utf8_unicode_ci DEFAULT NULL
) ENGINE=InnoDB DEFAULT CHARSET=utf8 COLLATE=utf8_unicode_ci;

-- --------------------------------------------------------

--
-- Table structure for table `custom_reports`
--

CREATE TABLE `custom_reports` (
  `report_id` int(11) NOT NULL,
  `report_title` varchar(765) COLLATE utf8_unicode_ci DEFAULT NULL,
  `report_type` int(11) DEFAULT NULL,
  `report_para1` varchar(9000) COLLATE utf8_unicode_ci DEFAULT NULL,
  `report_para2` varchar(5000) COLLATE utf8_unicode_ci DEFAULT NULL,
  `group_id` int(11) DEFAULT NULL,
  `user_id` varchar(20) COLLATE utf8_unicode_ci DEFAULT NULL,
  `status` int(11) DEFAULT NULL,
  `created_at` timestamp NOT NULL DEFAULT '0000-00-00 00:00:00',
  `updated_at` timestamp NOT NULL DEFAULT '0000-00-00 00:00:00',
  `updated_by` int(11) DEFAULT '0',
  `is_locked` int(11) DEFAULT '0'
) ENGINE=InnoDB DEFAULT CHARSET=utf8 COLLATE=utf8_unicode_ci;

--
-- Dumping data for table `custom_reports`
--

INSERT INTO `custom_reports` (`report_id`, `report_title`, `report_type`, `report_para1`, `report_para2`, `group_id`, `user_id`, `status`, `created_at`, `updated_at`, `updated_by`, `is_locked`) VALUES
(1, 'List of Labs', NULL, 'U2VsZWN0ICogZnJvbSB0YmxfbGFi', NULL, NULL, '1', 1, '2015-10-19 05:57:26', '2015-10-19 05:58:13', 1, 0),
(2, 'Company List', NULL, 'U2VsZWN0ICBjb21wYW55X25hbWUsIGNvbXBhbnlfY2l0eSwgaGVhZF9vZl9vcmcsICBjb250YWN0X3BlcnNvbg0KRnJvbSBjb21wYW5pZXMgb3JkZXIgYnkgIGNvbXBhbnlfbmFtZQ0KICAg', NULL, NULL, '1', 1, '2015-10-21 00:16:42', '2015-10-21 00:19:16', 1, 0),
(3, 'Application List', NULL, 'c2VsZWN0ICogZnJvbSBhcHBzX2RldGFpbHM', NULL, NULL, '1', 1, '2015-10-21 05:34:36', '2015-10-21 05:34:36', 0, 0),
(5, 'Application List-2015-11-07 05:55:08', NULL, 'c2VsZWN0ICogZnJvbSBhcHBzX2RldGFpbHM', NULL, NULL, '1', 1, '2015-11-06 23:55:22', '2015-11-06 23:55:22', 0, 0),
(11, 'Lab wise application', NULL, 'U0VMRUNUIGFqLmpvYl9uYW1lLENPVU5UKCdhai5hcHBfaWQnKSBBUyBhcHBsaWNhdGlvbiBGUk9NIGBhcHBzX2pvYmAgQVMgYWogDQpKT0lOIGBhcHBzX3Rlc3Rfc2FtcGxlYCBBUyBhdHMgT04gYXRzLmpvYl9pZCA9IGFqLmpvYl9pZA0KSk9JTiBgdGJsX2xhYmAgQVMgdGwgT04gdGwubGFiX2lkID0gYXRzLmxhYl9pZA0KR1JPVVAgQlkgYXRzLmpvYl9pZA', NULL, NULL, '89', 1, '2016-03-24 02:05:22', '2016-03-24 02:53:20', 286, 0),
(12, 'Scientist-wise Method & Price', NULL, 'U0VMRUNUIG0uYG1lbWJlcl9maXJzdF9uYW1lYCBhcyAnU2NpZW50aXN0IG5hbWUnLCBsYWIuYGxhYl9uYW1lYCBhcyAnTGFiIG5hbWUnLCBDT1VOVChhdHMuYG1ldGhvZF9pZGApIGFzICdOdW1iZXIgb2YgTWV0aG9kJywgU1VNKGF0cy5wcmljZSkgYXMgJ1ByaWNlJyBGUk9NIChgYXBwc190ZXN0X3NhbXBsZWAgYXRzIExFRlQgSk9JTiBgbWVtYmVyc2AgbSBPTiBhdHMuc2NpZW50aXN0X2lkID0gbS5tZW1iZXJfaWQpIExFRlQgSk9JTiBgdGJsX2xhYmAgbGFiIE9OIGxhYi5gbGFiX2lkYCA9IGF0cy5sYWJfaWQgDQpXSEVSRSBhdHMuYHRlc3Rfc3RhdHVzYCA9IDENCkdST1VQIEJZIGF0cy5zY2llbnRpc3RfaWQ', NULL, NULL, '1,3,6,7,8', 1, '2016-04-05 00:17:58', '2016-04-05 01:06:00', 89, 0),
(13, 'Test 2232', NULL, 'U0VMRUNUIGF0cy5zY2llbnRpc3RfaWQsIG0uYG1lbWJlcl9lbWFpbGAsIG0uYG1lbWJlcl9maXJzdF9uYW1lYCwgbGFiLmBsYWJfbmFtZWAsIENPVU5UKGF0cy5gbWV0aG9kX2lkYCksIFNVTShhdHMucHJpY2UpDQoNCkZST00gKGBhcHBzX3Rlc3Rfc2FtcGxlYCBhdHMgTEVGVCBKT0lOIGBtZW1iZXJzYCBtIE9OIGF0cy5zY2llbnRpc3RfaWQgPSBtLm1lbWJlcl9pZCkgTEVGVCBKT0lOIGB0YmxfbGFiYCBsYWIgT04gbGFiLmBsYWJfaWRgID0gYXRzLmxhYl9pZCANCkdST1VQIEJZIGF0cy5zY2llbnRpc3RfaWQ', NULL, NULL, '1,2,3', 1, '2016-04-05 00:24:25', '2016-04-05 00:27:29', 89, 0),
(14, 'Application - Method - Lab-Incharge', NULL, 'U0VMRUNUIGFwcHNfZGV0YWlscy50cmFja2luZ19udW1iZXIgYXMgJ1RyYWNraW5nIE51bWJlcicsDQpHUk9VUF9DT05DQVQobWV0aG9kX25hbWUsICcgKCcsDQpDQVNFDQogICAgV0hFTiBhcHBzX3Rlc3Rfc2FtcGxlLnRlc3Rfc3RhdHVzID0gMCBUSEVOICdQZW5kaW5nJw0KICAgIFdIRU4gYXBwc190ZXN0X3NhbXBsZS50ZXN0X3N0YXR1cyA9IDEgVEhFTiAnQ29tcGxldGVkJyANCkVORA0KLA0KJyknDQpTRVBBUkFUT1IgIlxyXG4iKSBhcyAnTWV0aG9kIChTdGF0dXMpJywNCmNvbmNhdChtZW1iZXJzLm1lbWJlcl9maXJzdF9uYW1lLCAnXG4oJywgbWVtYmVycy5tZW1iZXJfcGhvbmUsICcpJykgYXMgJ0xhYiBJbmNoYXJnZScgLCB0YmxfbGFiLmxhYl9uYW1lIA0KRlJPTSBgYXBwc19kZXRhaWxzYA0KTEVGVCBKT0lOICBgYXBwc19qb2JgIE9OIGFwcHNfZGV0YWlscy5hcHBfaWQgPSBhcHBzX2pvYi5hcHBfaWQNCkxFRlQgSk9JTiBgYXBwc190ZXN0X3NhbXBsZWAgT04gYGFwcHNfdGVzdF9zYW1wbGVgLmpvYl9pZCA9IGFwcHNfam9iIC5qb2JfaWQNCkxFRlQgSk9JTiBgdGJsX21ldGhvZGAgT04gYGFwcHNfdGVzdF9zYW1wbGVgLm1ldGhvZF9pZCA9IHRibF9tZXRob2QgLm1ldGhvZF9pZA0KTEVGVCBKT0lOIG1lbWJlcnMgT04gIGFwcHNfdGVzdF9zYW1wbGUubGFiX2luY2hhcmdlX2lkID0gbWVtYmVycy5tZW1iZXJfaWQNCkxFRlQgSk9JTiBgdGJsX2xhYmAgT04gYG1lbWJlcnNgLmxhYl9pZCA9IHRibF9sYWIubGFiX2lkDQp3aGVyZSBhcHBzX2RldGFpbHMudHJhY2tpbmdfbnVtYmVyID0gJ3skdHJhY2tfbm99Jw0KR1JPVVAgIEJZICBhcHBzX2RldGFpbHMuYXBwX2lkICwgYXBwc190ZXN0X3NhbXBsZS5sYWJfaW5jaGFyZ2VfaWQNCg0K', NULL, NULL, '1,2,3,8', 1, '2016-05-24 01:16:04', '2016-05-24 02:13:40', 91, 0);

-- --------------------------------------------------------

--
-- Table structure for table `dashboard_object`
--

CREATE TABLE `dashboard_object` (
  `db_obj_id` int(11) NOT NULL,
  `db_obj_title` varchar(100) COLLATE utf8_unicode_ci DEFAULT NULL,
  `db_obj_caption` varchar(255) COLLATE utf8_unicode_ci DEFAULT NULL,
  `db_user_id` int(11) DEFAULT NULL,
  `db_obj_type` varchar(255) COLLATE utf8_unicode_ci DEFAULT NULL,
  `db_obj_para1` text COLLATE utf8_unicode_ci,
  `db_obj_para2` text COLLATE utf8_unicode_ci,
  `db_obj_status` int(11) DEFAULT NULL,
  `db_obj_sort` int(11) DEFAULT NULL,
  `db_user_type` int(11) DEFAULT NULL,
  `created_at` timestamp NOT NULL DEFAULT '0000-00-00 00:00:00',
  `updated_at` timestamp NOT NULL DEFAULT '0000-00-00 00:00:00',
  `is_locked` int(11) NOT NULL,
  `updated_by` int(11) NOT NULL
) ENGINE=InnoDB DEFAULT CHARSET=utf8 COLLATE=utf8_unicode_ci;

--
-- Dumping data for table `dashboard_object`
--

INSERT INTO `dashboard_object` (`db_obj_id`, `db_obj_title`, `db_obj_caption`, `db_user_id`, `db_obj_type`, `db_obj_para1`, `db_obj_para2`, `db_obj_status`, `db_obj_sort`, `db_user_type`, `created_at`, `updated_at`, `is_locked`, `updated_by`) VALUES
(10, 'Status wise Application', NULL, 0, 'SCRIPT', 'select c.status_name as TITLE, sum(b.app_id) as VALUE from apps_details b, apps_status c\nwhere c.status_id = b.app_status group by b.app_status order by b.app_status', 'var chart = new AmCharts.AmPieChart();  \n	chart.marginTop= 0;  \n	chart.marginLeft= 0;  \n	chart.innerRadius= 40;  \n	chart.angle=40;  \n	chart.depth3D= 10; \n	chart.groupPercent=0;  \n	chart.maxLabelWidth=35;  \n	chart.pathToImages= \'{$baseurl}/back-end/amcharts/images\';  \n	chart.brightnessStep=90;  \n	chart.theme=\'light\';  \n	chart.fontSize=12; \n        chart.hideLabelsPercent=0; \n	chart.creditsPosition=\'bottom-right\';  \n	chart.valueField = \'VALUE\';  \n	chart.startEffect = \'bounce\';  \n	chart.titleField = \'TITLE\';  \n	chart.addTitle(\'{$charttitle}\');  \n	chart.dataProvider ={$chartdata};  \n	chart.write(\'{$chartediv}\');  ', 1, 3, 0, '0000-00-00 00:00:00', '0000-00-00 00:00:00', 0, 0),
(12, 'Sample wise Application', NULL, 0, 'SCRIPT', 'select c.job_name as TITLE, count(b.app_id) as VALUE from apps_details b, apps_job c\nwhere c.app_id = b.app_id group by c.tst_id order by VALUE desc\n', 'var chart = new AmCharts.AmPieChart();  \n	chart.marginTop= 0;  \n	chart.marginLeft= 0;  \n	chart.innerRadius= 35;  \n	chart.angle=45;  \n	chart.depth3D= 12; \n	chart.groupPercent=3;  \n	chart.maxLabelWidth=45;  \n	chart.pathToImages= \'{$baseurl}/back-end/amcharts/images\';  \n	chart.brightnessStep=90;  \n	chart.theme=\'light\';  \n	chart.fontSize=11;  \n	chart.creditsPosition=\'top-right\';  \n	chart.valueField = \'VALUE\';  \n	chart.startEffect = \'bounce\';  \n	chart.titleField = \'TITLE\';  \n	chart.addTitle(\'{$charttitle}\');  \n	chart.dataProvider ={$chartdata};  \n	chart.write(\'{$chartediv}\');  ', 1, 3, 0, '0000-00-00 00:00:00', '0000-00-00 00:00:00', 0, 0),
(13, 'Lab wise Application', NULL, 0, 'SCRIPT', 'select l.lab_name as TITLE, count(b.app_id) as VALUE \nfrom apps_details b, apps_job c,tbl_lab l\nwhere c.app_id = b.app_id \nAND c.lab_id = l.lab_id \ngroup by l.lab_id \norder by l.lab_name', 'var chart = new AmCharts.AmSerialChart();  \n	 chart.dataProvider = {$chartdata}; \n            chart.categoryField = \'TITLE\'; \n            chart.startDuration = 1; \n \n            // AXES \n            // category \n            var categoryAxis1 = chart.categoryAxis; \n            categoryAxis1.gridPosition = \'start\';\n	    categoryAxis1.labelRotation =8;\n \n            // GRAPH \n            var graph1 = new AmCharts.AmGraph(); \n            graph1.valueField = \'VALUE\'; \n            graph1.type = "column"; \n            graph1.balloonText = "[[category]]: <b>[[value]]</b>"; \n            graph1.lineAlpha = 0; \n            graph1.fillAlphas = 0.8; \n            chart.addGraph(graph1); \n \n            var valueAxis1 = new AmCharts.ValueAxis(); \n            valueAxis1.dashLength = 8; \n            valueAxis1.title = "No of Application";\n	    valueAxis1.minimum =0;\n\n            chart.addValueAxis(valueAxis1); \n            chart.addTitle(\'{$charttitle}\'); \n            chart.write(\'{$chartediv}\');		 ', 1, 3, 0, '0000-00-00 00:00:00', '0000-00-00 00:00:00', 0, 0);

-- --------------------------------------------------------

--
-- Table structure for table `members`
--

CREATE TABLE `members` (
  `member_id` int(11) NOT NULL,
  `member_username` varchar(255) COLLATE utf8_unicode_ci NOT NULL,
  `member_email` varchar(100) COLLATE utf8_unicode_ci NOT NULL COMMENT 'remove unique indexing in db for ''''',
  `member_password` varchar(50) COLLATE utf8_unicode_ci NOT NULL,
  `member_social_type` enum('facebook','google','twitter','') COLLATE utf8_unicode_ci NOT NULL DEFAULT '',
  `member_social_id` varchar(100) COLLATE utf8_unicode_ci NOT NULL,
  `member_hash` varchar(200) COLLATE utf8_unicode_ci NOT NULL,
  `member_status` enum('active','inactive') COLLATE utf8_unicode_ci NOT NULL,
  `member_verification` enum('yes','no') COLLATE utf8_unicode_ci NOT NULL DEFAULT 'no',
  `member_pic` text COLLATE utf8_unicode_ci NOT NULL,
  `member_type` int(11) NOT NULL,
  `member_first_name` varchar(50) COLLATE utf8_unicode_ci NOT NULL,
  `member_middle_name` varchar(50) COLLATE utf8_unicode_ci NOT NULL,
  `member_last_name` varchar(50) COLLATE utf8_unicode_ci NOT NULL,
  `member_nid` bigint(20) NOT NULL,
  `member_DOB` date NOT NULL,
  `member_gender` enum('Male','Female','Not defined') COLLATE utf8_unicode_ci NOT NULL DEFAULT 'Not defined',
  `member_aboutme` varchar(500) COLLATE utf8_unicode_ci NOT NULL,
  `member_street_address` text COLLATE utf8_unicode_ci NOT NULL,
  `member_country` int(11) NOT NULL,
  `member_city` int(11) NOT NULL,
  `member_zip` int(11) NOT NULL,
  `member_phone` varchar(20) COLLATE utf8_unicode_ci NOT NULL,
  `member_agree_tc` enum('I AGREE') COLLATE utf8_unicode_ci NOT NULL,
  `member_first_login` timestamp NOT NULL DEFAULT CURRENT_TIMESTAMP,
  `member_language` varchar(10) COLLATE utf8_unicode_ci NOT NULL,
  `institute_name` varchar(255) COLLATE utf8_unicode_ci NOT NULL,
  `lab_id` int(11) NOT NULL,
  `security_profile_id` int(11) NOT NULL DEFAULT '0',
  `created_at` timestamp NOT NULL DEFAULT '0000-00-00 00:00:00',
  `updated_at` timestamp NOT NULL DEFAULT '0000-00-00 00:00:00',
  `is_locked` int(11) NOT NULL,
  `updated_by` int(11) NOT NULL
) ENGINE=InnoDB DEFAULT CHARSET=utf8 COLLATE=utf8_unicode_ci;

--
-- Dumping data for table `members`
--

INSERT INTO `members` (`member_id`, `member_username`, `member_email`, `member_password`, `member_social_type`, `member_social_id`, `member_hash`, `member_status`, `member_verification`, `member_pic`, `member_type`, `member_first_name`, `member_middle_name`, `member_last_name`, `member_nid`, `member_DOB`, `member_gender`, `member_aboutme`, `member_street_address`, `member_country`, `member_city`, `member_zip`, `member_phone`, `member_agree_tc`, `member_first_login`, `member_language`, `institute_name`, `lab_id`, `security_profile_id`, `created_at`, `updated_at`, `is_locked`, `updated_by`) VALUES
(5, 'Jahidul', 'mitul@batworld.com', '', 'google', '108768831460372321926', 'A4vHmasqaZT8swJOyETSx1XCixQkKx', 'active', 'yes', 'https://lh6.googleusercontent.com/-1wzbpsbqkVQ/AAAAAAAAAAI/AAAAAAAAAmw/6_RUof1lyyI/photo.jpg', 1, 'Jahidul Hasan', '', '', 12345678901234567, '2015-10-04', 'Not defined', '', '', 0, 0, 0, '01819224119', 'I AGREE', '2015-10-20 17:07:34', '', '', 0, 0, '0000-00-00 00:00:00', '0000-00-00 00:00:00', 0, 0),
(9, 'Jahid', 'jahid.rahman@azolutionse.com', '', 'google', '104939048137539579688', 'TExlixKnrQjbGdOvxVc5aaq5SPmmaD', 'active', 'yes', 'https://lh5.googleusercontent.com/-BbCQJeePOQ4/AAAAAAAAAAI/AAAAAAAAAAA/IL6nNK7j6wQ/photo.jpg', 1, 'Jahid Rahman', '', '', 12345678901234569, '2015-10-01', 'Not defined', '', '', 0, 0, 0, '01715132169', 'I AGREE', '2015-10-21 15:54:58', '', '', 0, 0, '0000-00-00 00:00:00', '0000-00-00 00:00:00', 0, 0),
(10, 'Md. Mazharul1111', 'mazharul@batworld.com', '', 'google', '102241530822412692345', 'SxPRSkxJ5HNZwOwkwBzfczvgrCUTsf', 'active', 'yes', '', 5, 'Md. Mazharul Haque12', '', '', 0, '0000-00-00', 'Not defined', '', '', 0, 0, 0, '', 'I AGREE', '2015-10-22 07:05:26', '', '', 0, 0, '0000-00-00 00:00:00', '0000-00-00 00:00:00', 0, 0),
(22, 'Sakiba', 'sakiba6infs@gmail.com', '', 'google', '103608418622975033465', 'G6AWpIWHnWzIKLSEyWAtx7cGMJkB7R', 'active', 'yes', 'https://lh3.googleusercontent.com/-YF0aF-9QWEM/AAAAAAAAAAI/AAAAAAAAADg/XLUhB0eN8O4/photo.jpg', 7, 'Sakiba Anjum', '', '', 26990405002270000, '1985-01-28', 'Not defined', '', '', 0, 0, 0, '01772544443', 'I AGREE', '2015-10-27 06:53:45', '', '', 2, 0, '0000-00-00 00:00:00', '2016-02-16 23:09:42', 0, 91),
(27, 'Md. Saiful Quddus ', 'mdsaifulquddus@gmail.com', '', 'google', '108151226284716919398', '7a8tTJlKUH4GZ3YOh7GldaEOh4WV9B', 'active', 'yes', 'https://lh6.googleusercontent.com/-Op7icDxKSxs/AAAAAAAAAAI/AAAAAAAAOJ0/GlANIFZTqJQ/photo.jpg', 6, 'Md. Saiful Quddus', '', '', 19831213312147616, '1983-01-01', 'Not defined', '', '', 0, 0, 0, '01911202669', 'I AGREE', '2015-10-27 09:42:46', '', '', 4, 0, '0000-00-00 00:00:00', '2015-11-16 23:30:31', 0, 91),
(37, 'Aminul', 'aminul.34thbcs@gmail.com', '', 'google', '102033226378326957142', 'X4Hsby5VGKAopQZHyLSHxzEnOwVdcz', 'active', 'yes', 'https://lh3.googleusercontent.com/-XdUIqdMkCWA/AAAAAAAAAAI/AAAAAAAAAAA/4252rscbv5M/photo.jpg', 1, 'Aminul Islam', '', '', 6115233501308, '1987-11-10', 'Not defined', '', '', 0, 0, 0, '01721925560', 'I AGREE', '2015-10-28 04:01:16', '', '', 0, 0, '0000-00-00 00:00:00', '2015-11-16 04:09:53', 0, 0),
(55, 'Abdul', 'kaderdricm.2015@gmail.com', '', 'google', '105629565162844962663', '1ZZi5lQCkPiQmtZKXx9e8K3oHCecUv', 'active', 'yes', 'https://lh3.googleusercontent.com/-XdUIqdMkCWA/AAAAAAAAAAI/AAAAAAAAAAA/4252rscbv5M/photo.jpg', 7, 'Abdul kader Fakir', '', '', 19913513215000052, '0000-00-00', 'Not defined', '', '', 0, 0, 0, '01915352485', 'I AGREE', '2015-10-29 03:24:55', '', '', 7, 0, '0000-00-00 00:00:00', '2015-11-17 03:18:41', 0, 91),
(60, 'a_nafis_ahmed@bcsir.gov.bd', 'a_nafis_ahmed@bcsir.gov.bd', '6dde08a2c0c976eb3fb8a69ff703f101', '', '', '5sLILZSrzgCvce52lpdcP4wDBUjk7S', 'active', 'yes', '', 0, 'Aninda Nafis Ahmed', '', '', 19882696828800488, '1988-04-11', 'Not defined', '', '', 0, 0, 0, '01710921269', 'I AGREE', '2015-10-29 07:54:09', '', '', 0, 0, '0000-00-00 00:00:00', '2015-11-15 05:02:37', 0, 0),
(64, 'sultana', 'parvinbcsir@gmail.com', '', 'google', '117081522317648209871', 'A0iUsrYM5t29gjzHZ9nl9Klf99Yo1V', 'active', 'yes', '20150214_192443.jpg', 9, 'sultana parvin', '', '', 19782695042786916, '1978-01-01', 'Not defined', '', '', 0, 0, 0, '01711001514', 'I AGREE', '2015-11-01 10:11:02', '', '', 0, 0, '0000-00-00 00:00:00', '2015-11-15 04:58:17', 0, 91),
(67, 'anny', 'annywatin15@gmail.com', '', 'google', '109789619155771225798', 'U0gU7WcCjJI0Ex18Bge26LtEbtVFrP', 'active', 'no', 'https://lh3.googleusercontent.com/-XdUIqdMkCWA/AAAAAAAAAAI/AAAAAAAAAAA/4252rscbv5M/photo.jpg', 0, 'anny watin', '', '', 0, '0000-00-00', 'Not defined', '', '', 0, 0, 0, '', 'I AGREE', '2015-11-03 15:35:21', '', '', 0, 0, '0000-00-00 00:00:00', '0000-00-00 00:00:00', 0, 0),
(69, 'Md. Kaium', 'kaium@batworld.com', '', 'google', '115958580164199863094', '3eb56bf532b77032205ed09aecdd311f95d62211', 'active', 'yes', 'https://lh5.googleusercontent.com/-7_7bWYYN5_o/AAAAAAAAAAI/AAAAAAAAABc/j_im9RZtJ5U/photo.jpg', 3, 'Md. Kaium Uzzaman', '', '', 0, '0000-00-00', 'Not defined', '', '', 0, 0, 0, '', 'I AGREE', '2015-11-04 08:30:06', '', '', 0, 0, '0000-00-00 00:00:00', '0000-00-00 00:00:00', 0, 0),
(70, 'imkhaleda', 'khaleda4sabina@gmail.com', '9ab6411042c772100182bc3632c8e302', '', '', '9ab6411042c772100182bc3632c8e302', 'active', 'yes', 'bcsir.jpg', 5, 'Khaleda', '', '', 19882696402504651, '1988-02-05', 'Not defined', '', '', 0, 0, 0, '01722393251', 'I AGREE', '2015-11-04 09:52:13', '', '', 0, 0, '0000-00-00 00:00:00', '2015-11-04 05:08:44', 0, 0),
(77, 'mazharul_13@yahoo.com', 'mazharul_13@yahoo.com', '3e6b0c052a14185b537066113d38074c', '', '', 'g3vG4fhSlZioeHipV6Q5IcS4kCgue6', 'active', 'yes', '', 6, 'Mazharul', '', '', 19994444440047481, '2015-11-18', 'Not defined', '', '', 0, 0, 0, '01831614476', 'I AGREE', '2015-11-05 04:53:06', '', '', 3, 0, '0000-00-00 00:00:00', '2015-11-04 22:57:16', 0, 0),
(86, 'Md. Nazim', 'nazim.sheikh.bd@gmail.com', '', 'google', '106711954417772758324', 'f3f7e49bb9fd76ea1b120769158f7269b8ea8bf9', 'active', 'yes', 'https://lh5.googleusercontent.com/-aRmRAlUuPVc/AAAAAAAAAAI/AAAAAAAAAE8/wa6p4D_LCYM/photo.jpg', 5, 'Md. Nazim Sheikh', '', '', 19927328508000154, '1992-11-20', 'Not defined', '', '', 0, 0, 0, '01752044290', 'I AGREE', '2015-11-07 15:08:34', '', '', 0, 0, '0000-00-00 00:00:00', '0000-00-00 00:00:00', 0, 0),
(89, 'Khaleda', 'khaleda@batworld.com', 'cf3f9c41c6877773e973ab3f1d98867e', '', '', '5736e2ef45fd6372a414c45c5f3b51eae7344ced7b66e9b92bd12f06b8bead13', 'active', 'yes', 'https://lh3.googleusercontent.com/-XdUIqdMkCWA/AAAAAAAAAAI/AAAAAAAAAAA/4252rscbv5M/photo.jpg', 3, 'Khaleda Bintay Khaleque', '', '', 19882695422504651, '2015-11-17', 'Female', '', '', 0, 0, 0, '01722393251', 'I AGREE', '2015-11-08 03:53:47', '', '', 0, 0, '0000-00-00 00:00:00', '0000-00-00 00:00:00', 0, 0),
(91, 'bcsir', 'bcsir.helpdesk@gmail.com', '', 'google', '112776753663620699130', '', 'active', 'yes', 'bcsir_logo.png', 1, 'bcsir helpdesk', '', '', 12345678910131521, '2015-11-11', 'Not defined', '', '', 0, 0, 0, '017458921525', 'I AGREE', '2015-11-08 04:24:22', '', '', 0, 0, '0000-00-00 00:00:00', '0000-00-00 00:00:00', 0, 0),
(104, 'monzur_29@yahoo.com', 'monzur_29@yahoo.com', 'eca90257feea156f6f95946135944f8e', '', '', 'nIkhf2HmmenwGRmeYR9hDpahCxfR4o', 'active', 'no', '', 10, 'Monzur Morshed Ahmed', '', '', 19682696352212530, '1968-10-09', 'Not defined', '', '', 0, 0, 0, '01552636715', 'I AGREE', '2015-11-12 07:35:23', '', '', 0, 0, '0000-00-00 00:00:00', '2015-11-17 05:09:42', 0, 0),
(105, 'nahid', 'nahid.shohan8888@gmail.com', '', 'google', '110520586300034643038', 'dc4de97fbb1e9e950d7bcf05e361f2caeeb89fa5', 'active', 'yes', 'https://lh5.googleusercontent.com/-SxPZrIdruAI/AAAAAAAAAAI/AAAAAAAAAB0/8N4t9N9GYkA/photo.jpg', 5, 'nahid shohan', '', '', 19912693622001360, '1991-06-01', 'Not defined', '', '', 0, 0, 0, '01922108837', 'I AGREE', '2015-11-13 08:10:44', '', '', 0, 0, '0000-00-00 00:00:00', '0000-00-00 00:00:00', 0, 0),
(106, 'tanha.amina@yahoo.com', 'tanha.amina@yahoo.com', 'e705b26a619f9181992de50072f616fd', '', '', 'RQ0k1kTjuarHKwRIgevdyC5RXtADzm', 'active', 'yes', '', 5, 'Tanha Amina Mobashshera', '', '', 19901513735000291, '1990-01-18', 'Not defined', '', '', 0, 0, 0, '01799412447', 'I AGREE', '2015-11-14 04:17:19', '', '', 0, 0, '0000-00-00 00:00:00', '0000-00-00 00:00:00', 0, 0),
(107, 'litu@batworld.com', 'litu@batworld.com', 'a2791c122627bd6d08c7afe6d3f74017', '', '103464436313466721223', '0fbc8a7718240725ff83991f66f4daf7265aa637b3494e54effa4f84a3d73555', 'active', 'yes', '', 7, 'Litu', '', '', 12345678901123459, '2015-11-17', 'Not defined', '', '', 0, 0, 0, '34324234', 'I AGREE', '2015-11-15 05:55:52', '', '', 3, 0, '0000-00-00 00:00:00', '2015-12-01 00:06:53', 0, 0),
(108, 'Dr. Md Zahurul Haque', 'mdzahurulhaque@yahoo.com', '60781b76bdd6075b9431a0f7d96e2462', '', '', '4918c44c7abfbba7a4314d7dd704f4e4059bcdb62098bc51effe363d36f3ed78', 'active', 'yes', 'Photograph.jpg', 8, 'Md Zahurul Haque', '', '', 81940301218770000, '1955-06-30', 'Not defined', '', '', 0, 0, 0, '01712255056', 'I AGREE', '2015-11-15 09:21:51', '', '', 2, 0, '0000-00-00 00:00:00', '2015-12-13 04:09:16', 0, 0),
(110, 'Md. Nur Hossain', 'mnhossain84@gmail.com', '7db6ed9f47e94e3eff2564c05e800ee9', '', '112156507891064385862', 'f7VV2Y9cGdT5jSDwvzqP3ZPWMxM0iO', 'active', 'yes', '', 7, 'Md. Nur Hossain', '', '', 61252212702220000, '1984-01-12', 'Not defined', '', '', 0, 0, 0, '01670836591', 'I AGREE', '2015-11-15 09:49:18', '', '', 2, 0, '0000-00-00 00:00:00', '2015-11-16 00:36:04', 0, 0),
(111, 'mdsarwar.jahan101@gmail.com', 'jahan@bcsir.gov.bd', '68533a3fb564aea4733d14fd348df202', '', '', 'b2T7bmh38l3NavSrpZvhlIpaTzCZSg', 'inactive', 'yes', '', 4, 'Md Sarwar Jahan', '', '', 19652699501916445, '2015-01-10', 'Not defined', '', '', 0, 0, 0, '01715078023', 'I AGREE', '2015-11-15 09:49:25', '', '', 0, 0, '0000-00-00 00:00:00', '2016-01-25 23:57:32', 0, 0),
(112, 'Kanika Mondal', 'kanikamondalbbm@gmail.com', '26e86c19364697658f92b3a8e351dea0', '', '', 'I3IsimnbrRbCx5JT0HJyiao9Murpcy', 'active', 'yes', '', 7, 'Kanika Mondal', '', '', 26963522127170000, '1963-01-11', 'Not defined', '', '', 0, 0, 0, '01673916348', 'I AGREE', '2015-11-15 10:33:18', '', '', 2, 0, '0000-00-00 00:00:00', '2015-11-16 00:02:57', 0, 0),
(114, 'Salma Ahmed', 'salmaifst@yahoo.com', '7139a8d402d130de5c05c723802cceaa', '', '', '75c65f57c48e33764567932c368b0b35a779ee92b256590549eea28f3171775c', 'active', 'yes', 'DSC04989.JPG', 6, 'Salma Ahmed', '', '', 26963522128430000, '1969-12-28', 'Not defined', '', '', 0, 0, 0, '01827699583', 'I AGREE', '2015-11-15 10:40:27', '', '', 2, 0, '0000-00-00 00:00:00', '2016-02-16 23:00:16', 0, 91),
(117, 'uttam das', 'uttam.m851987@gmail.com', '78fb6fd6374df3d2e5c81bf3de7b1059', '', '', '035a0f88cab5de7622d7825c905647e4335694b3514a916ae7cd9dddd316df2a', 'active', 'yes', 'DSC_0773 2222copy.jpg', 5, 'uttam chandra das', '', '', 19877513628875861, '1987-05-08', 'Not defined', '', '', 0, 0, 0, '01724562686', 'I AGREE', '2015-11-15 17:25:49', '', '', 0, 0, '0000-00-00 00:00:00', '0000-00-00 00:00:00', 0, 0),
(118, 'Sujit Kumar Banik', 'sujit.bcsir@gmail.com', 'f3d12e0742a6cb388c42fc221fb1181b', '', '', 'fyKYYx0hMJVHxVHbKSwQJaT4L7yrgo', 'active', 'no', '', 7, 'Sujit Kumar Banik', '', '', 19672695435973075, '1967-07-14', 'Not defined', '', '', 0, 0, 0, '01552317247', 'I AGREE', '2015-11-16 03:58:58', '', '', 3, 0, '0000-00-00 00:00:00', '2015-11-18 00:50:09', 0, 0),
(119, 'Md. Abdus Satter Miah', 'mabdussatter@yahoo.com', '3d673575241340aca3c42c27aa917970', '', '', 'tkJIFcR8MEpPBGK97iUEBOvSvweUOE', 'active', 'yes', '', 6, 'Md. Abdus Satter Miah', '', '', 19672696352212508, '1967-12-01', 'Not defined', '', '', 0, 0, 0, '8801552363449', 'I AGREE', '2015-11-16 04:12:30', '', '', 2, 0, '0000-00-00 00:00:00', '2016-02-16 22:59:42', 0, 91),
(120, 'lastnight13@gmail.com', 'lastnight13@gmail.com', '8ce8fa6aaaff79712dc5f8e2bf2e38e2', '', '', '5EWspjeeKJvijaZiOGs5IawbJk1xek', 'active', 'yes', '', 11, 'Bank User', '', '', 1234567891234566, '2015-11-18', 'Not defined', '', '', 0, 0, 0, '0123456789', 'I AGREE', '2015-11-16 04:46:38', '', '', 0, 0, '0000-00-00 00:00:00', '2015-11-19 00:25:33', 0, 0),
(121, 'Alamgir Kabir', 'alam806@yahoo.com', '8086ad6cb8c59f8926b91e65752896b8', '', '', '700ea624d1d7f5411b415a79fb16336a2046b10000199d161d6978209f17b453', 'active', 'yes', '10675552_10205188333847662_2169334839367953309_n.jpeg', 7, 'Md. Alamgir Kabir', '', '', 19781593701479857, '1978-07-18', 'Not defined', '', '', 0, 0, 0, '01710759558', 'I AGREE', '2015-11-16 04:47:06', '', '', 2, 0, '0000-00-00 00:00:00', '2016-02-16 23:11:41', 0, 91),
(122, 'anjumifst@gmail.com', 'anjumifst@gmail.com', 'c6dc17f9dc1850b2b8be070b55a3f958', '', '', 'ifrlh8jEL8WPGh8rj7I1OiKHpsewwl', 'active', 'yes', 'MS.RUPA.JPG', 7, 'Anjum Zerin Rupa', '', '', 2696352212710, '1985-09-14', 'Not defined', '', '', 0, 0, 0, '01674741004', 'I AGREE', '2015-11-16 05:04:37', '', '', 2, 0, '0000-00-00 00:00:00', '2015-11-16 02:07:33', 0, 0),
(123, 'Selina Khan', 'selinakhan2014@yahoo.com', '650058fe4a509d78516d0de329e3bd93', '', '', '7uxPw3OKrrizgjVqbiTbWuq9XChg9O', 'active', 'yes', '', 6, 'Selina Khan', '', '', 10203602589654782, '1959-12-15', 'Not defined', '', '', 0, 0, 0, '01911366359', 'I AGREE', '2015-11-16 05:08:25', '', '', 2, 0, '0000-00-00 00:00:00', '2016-02-16 22:53:33', 0, 91),
(125, 'mashiar56@gmail.com', 'mashiar56@gmail.com', '724356bdb1b9b5d77b2532627ca73a0a', '', '101038653938107538277', 'ec1c7fbb85999f632c56eef474b07d213e2f34be6abe97ab542b395a3d0c39e6', 'active', 'yes', '', 6, 'Md. Mashiar Rahman', '', '', 19562696352212703, '1956-07-21', 'Not defined', '', '', 0, 0, 0, '01720088178', 'I AGREE', '2015-11-16 05:20:59', '', '', 2, 0, '0000-00-00 00:00:00', '2016-02-16 23:01:37', 0, 91),
(127, 'mahbubar63@gmail.com', 'mahbubar63@gmail.com', '6eef7518f0daec015d702a0c523ded0e', '', '', 'Yj0Vt9grB3LA0NdZQy1hhTxd6oGCuv', 'active', 'yes', '', 7, 'Dr. Md. Mahbubar Rahman', '', '', 2696352212775, '1963-11-20', 'Not defined', '', '', 0, 0, 0, '01720044167', 'I AGREE', '2015-11-16 05:32:32', '', '', 2, 0, '0000-00-00 00:00:00', '2015-11-16 00:00:52', 0, 0),
(129, 'ufshahjadee@gmail.com', 'ufshahjadee@gmail.com', '746f7d994dd791f357558a76a14792f4', '', '', 'pjX6cm1DMVc87avl5dhbCdpoSjXlpH', 'active', 'yes', '', 7, 'Umma Fatema Shahjadee', '', '', 2695044888611, '1974-05-12', 'Not defined', '', '', 0, 0, 0, '01741579694', 'I AGREE', '2015-11-16 05:43:10', '', '', 2, 0, '0000-00-00 00:00:00', '2015-11-16 00:46:03', 0, 0),
(131, 'Sultana Khanom', 'sultanak22@gmail.com', 'ea066b5b4ebc926a674447eec4f7da0b', '', '', 'becace3a5d2b3ae2580c6bf0773c5682cb5973dbf3bee9dde04e6574407e1045', 'active', 'no', '', 6, 'Sultana Anjuman Ara Khanom', '', '', 19622696352212691, '1962-11-08', 'Not defined', '', '', 0, 0, 0, '01712603534', 'I AGREE', '2015-11-16 05:45:19', '', '', 2, 0, '0000-00-00 00:00:00', '2016-02-16 22:56:50', 0, 91),
(132, 'Dr. Tasnim Farzana', 'triptiot@yahoo.com', 'f73db9c63eca6f0b3840a8cf16b8fe8c', '', '', 'a66677d1abf82cfb920b662e518c5613b59f1345e572c67697475b7f4d68252d', 'active', 'no', '', 6, 'Dr. Tasnim Farzana', '', '', 19702696352212716, '1970-08-17', 'Not defined', '', '', 0, 0, 0, '01816399078', 'I AGREE', '2015-11-16 05:48:53', '', '', 2, 0, '0000-00-00 00:00:00', '2016-02-16 23:00:55', 0, 91),
(134, 'anwarulhasan', 'ifstbcsir@yahoo.com', '06a856aa0831371ceba67168e025f344', '', '', 'hPZMugeVIQKNqSxfXLy73qeXfQlhML', 'active', 'yes', '', 7, 'G. M. M. Anwarul Hasan', '', '', 19802691650133306, '1980-10-15', 'Not defined', '', '', 0, 0, 0, '01531210501', 'I AGREE', '2015-11-16 05:54:25', '', '', 2, 0, '0000-00-00 00:00:00', '2015-11-16 00:05:27', 0, 0),
(135, 'sharminlisa_che@yahoo.com', 'sharminlisa_che@yahoo.com', '945f0b2611ee472162fcce27eb055285', '', '', '1JV22Lf3TKplshG3x8DDcmb6UfdQlC', 'active', 'no', '', 7, 'Sharmin Akter Lisa', '', '', 19872695432981004, '1987-09-09', 'Not defined', '', '', 0, 0, 0, '01912155603', 'I AGREE', '2015-11-16 05:56:15', '', '', 2, 0, '0000-00-00 00:00:00', '2015-11-16 00:15:23', 0, 0),
(136, 'Faridul Islam', 'faridacct@yahoo.com', 'bd76ecfee13888600cd28cf1828cf698', '', '', 'ck3Qe0uzNrdAzC5del0v3dhqcGnBhz', 'active', 'no', '600329_604480232899712_327400675_n.jpg', 7, 'Faridul Islam', '', '', 19825027906134635, '1982-10-12', 'Not defined', '', '', 0, 0, 0, '01717511576', 'I AGREE', '2015-11-16 06:00:01', '', '', 2, 0, '0000-00-00 00:00:00', '2015-11-16 02:04:52', 0, 91),
(137, 'Matiur Rahim', 'matiurrahim@yahoo.com', '3d23b27c1044aafaa585a1bf7e627836', '', '', '5b235637128b6ef452cfab6893b4c374a294f3acd532a1ce823e69125752b5be', 'active', 'no', '', 6, 'Matiur Rahim', '', '', 19562694810999531, '1956-02-03', 'Not defined', '', '', 0, 0, 0, '01711987474', 'I AGREE', '2015-11-16 06:00:31', '', '', 2, 0, '0000-00-00 00:00:00', '2016-02-16 22:52:25', 0, 91),
(138, 'Mohammad Tariqul Hassan', 'mthassan_bcsir@yahoo.com', 'f2110996ce5c5bf37467377dc2a36c59', '', '', 'Azysiz4brsLAJVhXZ7amt5RY4acK1W', 'active', 'yes', 'Mohammad Tariqul Hassan BCSIR.jpg', 7, 'Mohammad Tariqul Hassan', '', '', 19806725816666727, '1980-03-15', 'Not defined', '', '', 0, 0, 0, '01911568871', 'I AGREE', '2015-11-16 06:02:46', '', '', 2, 0, '0000-00-00 00:00:00', '2015-11-16 01:00:00', 0, 0),
(139, 'maksuda71@yahoo.com', 'maksuda71@yahoo.com', 'b4589bca41e2f62cccb0e5740fe3e28f', '', '', 'cLKIwp7dL8AYzfr9xoUSicyo3zK8GO', 'active', 'no', '', 7, 'Maksuda Begum', '', '', 19742691648038642, '1974-08-03', 'Not defined', '', '', 0, 0, 0, '01715160573', 'I AGREE', '2015-11-16 06:03:21', '', '', 2, 0, '0000-00-00 00:00:00', '2015-11-16 00:20:33', 0, 0),
(140, 'Sahana Parveen', 'sahana66@gmail.com', '5da993ad2f175af45d7a12b4d2e1bead', '', '', '61016085c1847d16e1a4ff386b4c674b3e754c024e76b26553d245755b03c4cf', 'active', 'no', '', 6, 'Sahana Parveen', '', '', 19662696352212501, '1966-08-06', 'Not defined', '', '', 0, 0, 0, '01714217669', 'I AGREE', '2015-11-16 06:03:47', '', '', 2, 0, '0000-00-00 00:00:00', '2016-02-16 22:55:31', 0, 91),
(141, 'suvrapinky@yahoo.com', 'suvrapinky@yahoo.com', '9d709a5841ecb8a9de92c3bfbb022a1e', '', '', '2hWZBQPuZjMhsi0ATHVCXaSTB2ioOs', 'active', 'yes', 'Suvra Das jpeg.jpg', 7, 'Suvra Das', '', '', 19882696352212420, '1988-12-14', 'Not defined', '', '', 0, 0, 0, '01714412993', 'I AGREE', '2015-11-16 06:03:50', '', '', 2, 0, '0000-00-00 00:00:00', '2015-11-16 00:21:09', 0, 0),
(142, 'rubel.sh019@gmail.com', 'rubel.sh019@gmail.com', 'b4fdbb586cbd76a835aa201f4dde12ba', '', '113256438200397137334', 'glTKmjhJV6rPX98DnPqs24oDKp4lwN', 'active', 'yes', '1380710_10201855609024257_129202436_n.jpg', 7, 'Mohammad Robel hossen Patwary', '', '', 19866715879308660, '1986-10-18', 'Not defined', '', '', 0, 0, 0, '01915356370', 'I AGREE', '2015-11-16 06:05:24', '', '', 2, 0, '0000-00-00 00:00:00', '2015-11-16 00:35:46', 0, 0),
(143, 'Mohajira Begum', 'mohajira10@yahoo.com', 'b415b340cdd1337064a38dab1b9938bd', '', '', '8ab9ea6f174cd6cc3d811da97e59ec8598bfcdd8b7ccf9be58e206a0e7897b02', 'active', 'no', '', 6, 'Mohajira Begum', '', '', 19742695051177197, '1974-08-10', 'Not defined', '', '', 0, 0, 0, '01914893794', 'I AGREE', '2015-11-16 06:06:37', '', '', 2, 0, '0000-00-00 00:00:00', '2016-02-16 23:03:03', 0, 91),
(144, 'Evena Parvin', 'evena80@yahoo.com', '5a388c48b6a45444e093d8e61dd7aef6', '', '', 'LAEc5QsiGMU1DU17x3RVkpR7JcRZfY', 'active', 'no', '', 7, 'Evena Parvin Lipy', '', '', 12345678909876543, '1980-02-01', 'Not defined', '', '', 0, 0, 0, '01816272347', 'I AGREE', '2015-11-16 06:09:31', '', '', 2, 0, '0000-00-00 00:00:00', '2015-11-16 00:13:10', 0, 0),
(145, 'Dipa Islam', 'dipa_ifst@yahoo.com', '2f045e558a5be70353897ab7efa9689e', '', '', 'jEIP1MpFnp0zYvBLtdSYHhPQerNVB9', 'active', 'yes', '', 6, 'Dipa Islam', '', '', 87654398765432109, '1981-05-27', 'Not defined', '', '', 0, 0, 0, '01915976013', 'I AGREE', '2015-11-16 06:12:17', '', '', 2, 0, '0000-00-00 00:00:00', '2016-02-16 23:03:26', 0, 91),
(147, 'Chadni Lyzu', 'tithy_bmb@yahoo.com', '4ca99088ff558c30a6a0b730395d7057', '', '', '4wqSsAwDcAca6i1lXr0MHSgcz1Vqnl', 'active', 'no', '', 7, 'Chadni Lyzu', '', '', 90876512309834560, '1988-11-16', 'Not defined', '', '', 0, 0, 0, '01739081194', 'I AGREE', '2015-11-16 06:17:13', '', '', 2, 0, '0000-00-00 00:00:00', '2015-11-16 00:21:50', 0, 0),
(149, 'Mahmuda Hakim', 'mahmuda.silvi@yahoo.com', '1696f59ca119d876dee64dbab1398e73', '', '', 'b52eb65897b26a9b26be4108c12a2e4887fca6cebba420d27db71e5e2f0ae7c9', 'active', 'yes', '', 7, 'Mahmuda Hakim', '', '', 19902692619000473, '1990-11-03', 'Not defined', '', '', 0, 0, 0, '01819420804', 'I AGREE', '2015-11-16 06:19:18', '', '', 2, 0, '0000-00-00 00:00:00', '2015-11-16 00:22:18', 0, 0),
(150, 'Faridul Islam', 'faridul_ifst@yahoo.com', '7c6c5fd04391f9b22d66b2f4e542565a', '', '', '3KB9IedUkcZiFaxiPTNQG11rULRuRx', 'active', 'no', '', 7, 'Md. Faridul Islam', '', '', 19762695045902520, '1976-08-23', 'Not defined', '', '', 0, 0, 0, '01712191031', 'I AGREE', '2015-11-16 06:21:53', '', '', 2, 0, '0000-00-00 00:00:00', '2015-11-16 00:22:56', 0, 0),
(151, 'Dr. Barun Saha', 'bksbcsir@yahoo.com', '58fb27f91400a1a5fad4d67d398c8eb7', '', '', '2cacbbf9d3559edfd601c3dbe9195e64a125e7da0bddc987320211cd0a93c44f', 'active', 'no', '', 6, 'Dr. Barun Kanti Saha', '', '', 19682691649462106, '1968-12-30', 'Not defined', '', '', 0, 0, 0, '01712946310', 'I AGREE', '2015-11-16 06:24:27', '', '', 2, 0, '0000-00-00 00:00:00', '2016-02-16 22:54:21', 0, 91),
(152, 'Nazim', 'nazimbiochem@gmail.com', '296879e67519b1c1034e0b134be569a9', '', '', 'uipB1z5y0qda9Vhz3cQ9082v29L9hy', 'active', 'yes', '', 7, 'Md. Nazim Uddin', '', '', 19837513695923511, '1983-10-21', 'Not defined', '', '', 0, 0, 0, '01718321614', 'I AGREE', '2015-11-16 06:26:56', '', '', 2, 0, '0000-00-00 00:00:00', '2015-11-16 00:36:29', 0, 0),
(156, 'Amdadul', 'imdad1930@gmail.com', 'a14a1afb2729bf3f7beb23485e87f592', '', '', 'HjurO76Lbx1t7GhKMSfrRiZofuWmeP', 'active', 'yes', '', 7, 'Amdadul Huque', '', '', 19858918820283724, '1985-07-21', 'Not defined', '', '', 0, 0, 0, '01798356677', 'I AGREE', '2015-11-16 06:44:33', '', '', 2, 0, '0000-00-00 00:00:00', '2016-01-25 01:35:34', 0, 91),
(157, 'Absha Jabin', 'absha@live.com', '3f480ac19a00d34313e4ca91bd7e6012', '', '', 'bMlTpBQNBEi62Rucpc8QyZaumFBHO4', 'active', 'yes', '', 7, 'Syeda Absha Jabin', '', '', 19792691650162901, '1979-03-01', 'Not defined', '', '', 0, 0, 0, '01552384783', 'I AGREE', '2015-11-16 06:47:31', '', '', 2, 0, '0000-00-00 00:00:00', '2016-01-25 01:34:58', 0, 91),
(158, 'Nusrat Abedin', 'nusratabedin55@gmail.com', 'fb3b431bd1af2f62696fa794431cc257', '', '', '4cm8XiDA7YIJIOdYxitna3HvYYuye7', 'active', 'yes', '', 7, ' Nusrat Abedin', '', '', 1236523212369456, '1984-05-04', 'Not defined', '', '', 0, 0, 0, '01787772581', 'I AGREE', '2015-11-16 06:54:37', '', '', 2, 0, '0000-00-00 00:00:00', '2015-11-16 01:00:39', 0, 0),
(159, 'Ashish Kumar Sarker', 'ashish10609@gmail.com', 'a37acd4ed58bebb14c481d1a7dfa2525', '', '', '3xqtlKOLoAgedAWrsGqRAAnJ0RFA1c', 'active', 'no', '', 6, 'Ashish Kumar Sarker', '', '', 19652616254434960, '1965-01-06', 'Not defined', '', '', 0, 0, 0, '01552374328', 'I AGREE', '2015-11-16 07:15:59', '', '', 2, 0, '0000-00-00 00:00:00', '2016-02-16 22:54:58', 0, 91),
(160, 'Bushra Mumtaz', 'bushra82bd@yahoo.com', 'a314ea3314743dc1946006f2f80081e9', '', '', 'p57jhnsr7YIwcAbI4wIeuZo5eO4smQ', 'active', 'no', '', 7, 'Bushra Mumtaz', '', '', 19832696653277147, '1983-10-30', 'Not defined', '', '', 0, 0, 0, '01731483010', 'I AGREE', '2015-11-16 07:21:42', '', '', 2, 0, '0000-00-00 00:00:00', '2016-01-25 23:36:35', 0, 0),
(161, 'ifst.dhaka@gmai.com', 'ifst.dhaka@gmai.com', 'b9da8b26b9610a07d62e2ed70f553ba0', '', '', 'EUPemjFsw6YuBDT31Y8pknpVxvkvKD', 'active', 'no', '', 2, 'IFST DEO', '', '', 90000000000000001, '2015-11-01', 'Not defined', '', '', 0, 0, 0, '01918736633', 'I AGREE', '2015-11-16 07:43:11', '', '', 0, 0, '0000-00-00 00:00:00', '2015-11-16 04:14:25', 0, 0),
(162, 'DMA Kashem', 'kashem222@yahoo.com', '32a6f315a1d09974ae779ca001dd74b4', '', '', 'x3GNwdoHceR70uwO77gL3106DQq2dg', 'active', 'yes', '', 7, 'Dr. Engr. Md. Abul Kashem', '', '', 111112222233, '1965-09-16', 'Not defined', '', '', 0, 0, 0, '01716501220', 'I AGREE', '2015-11-16 09:02:41', '', '', 5, 0, '0000-00-00 00:00:00', '2015-11-16 03:04:23', 0, 0),
(163, 'Husna Parvin', 'dir-dhaka@bcsir.gov.bd', '321335ab451971a35b5e7b2aa9afda70', '', '', 'HxxgmusecPydUdgeTlUzMvcW8O5QzM', 'active', 'yes', '', 8, 'Husna Parvin Nur', '', '', 19552696352000004, '1955-05-25', 'Not defined', '', '', 0, 0, 0, '01711521533', 'I AGREE', '2015-11-16 09:05:57', '', '', 5, 0, '0000-00-00 00:00:00', '2015-11-16 03:07:24', 0, 0),
(164, 'Nurzaman Ara', 'nurzamanara@yahoo.com', '5f470d6f67cc1b46a9656768fea78ad5', '', '', 'bWvyxF59V5zLbYUQPQRZJeBVv9WwwH', 'active', 'no', '', 6, 'Murzaman Ara Ahmed', '', '', 19572694809940506, '1957-04-01', 'Not defined', '', '', 0, 0, 0, '01918818213', 'I AGREE', '2015-11-16 09:13:00', '', '', 5, 0, '0000-00-00 00:00:00', '2015-11-16 03:16:18', 0, 0),
(165, 'Suravi Islam', 'suravii@yahoo.com', '6e2d40a0c9872eaa1d0611d3396f123d', '', '', 'S1iXBuRQHPSRFRPEZixgCH570p9n5i', 'active', 'no', '', 7, 'Suravi Islam', '', '', 19702693623644065, '1970-05-12', 'Not defined', '', '', 0, 0, 0, '01715840503', 'I AGREE', '2015-11-16 09:15:09', '', '', 5, 0, '0000-00-00 00:00:00', '2015-11-18 00:04:00', 0, 91),
(166, 'Kamrun Nahar', 'kamrunbcsir@bcsir.gov.bd', '6e5d87d2fdca2e3f8811ab3b10325cf3', '', '', 'z7TuB0lmERDnu2yzrnff13XQjgbuSf', 'active', 'no', '', 7, 'Mst. Kamrun Nahar', '', '', 19792691649107765, '1979-12-12', 'Not defined', '', '', 0, 0, 0, '01717134805', 'I AGREE', '2015-11-16 09:18:15', '', '', 5, 0, '0000-00-00 00:00:00', '2015-11-16 03:19:58', 0, 0),
(167, 'Mohammad Shahjahan', 'shahjahanphysics@gmail.com', 'b67882576235a2b8fb2ff86ae152c1e2', '', '107474135719716739653', 'dypx3kTf2fr20hz1JKr6jEoihfzzc1', 'active', 'yes', 'shah pass final.jpg', 7, 'Mohammad Shahjahan', '', '', 19857518745200883, '1985-01-01', 'Not defined', '', '', 0, 0, 0, '01818253137', 'I AGREE', '2015-11-16 09:21:21', '', '', 5, 0, '0000-00-00 00:00:00', '2016-04-06 01:49:47', 0, 0),
(168, 'Mahmud Hassan', 'mahmud311279@yahoo.com', '08c69063dbf5bb7bdb8cd8bf81610584', '', '', 'de256e4acf68490cb47e4d5761a0a87e1907b47c212e5c4d49f2e7d8659475a2', 'active', 'yes', '', 7, 'Sharkar Mohammad Mahmudul Hassan', '', '', 19796115223348704, '1979-12-31', 'Not defined', '', '', 0, 0, 0, '01711027714', 'I AGREE', '2015-11-16 09:24:26', '', '', 5, 0, '0000-00-00 00:00:00', '2015-11-16 03:25:26', 0, 0),
(169, 'Katrun Nada', 'katrunn@yahoo.com', '2b0cd5ef99a5af5cc3bce522338186c6', '', '', 'HAGqcQoFb29LJs85tRmxh76xVxQdzH', 'active', 'no', '', 7, 'Katrun Nada', '', '', 19582696352212104, '1958-06-01', 'Not defined', '', '', 0, 0, 0, '01715373779', 'I AGREE', '2015-11-16 09:26:46', '', '', 5, 0, '0000-00-00 00:00:00', '2015-11-17 23:49:38', 0, 91),
(170, 'Ferdoushi Jahan', 'ferdoushi.bcsir@gmail.com', 'b8ebbeff5fb5c9e9e589d718ca7ce53f', '', '', '70fe486c67e1dc7f64d3c211050e862fbc68be13bf3e94cf1c24f373efdf310c', 'active', 'yes', '', 7, 'Ferdoushi Jahan', '', '', 1201201201201201, '1977-11-29', 'Not defined', '', '', 0, 0, 0, '01913071452', 'I AGREE', '2015-11-16 09:29:34', '', '', 5, 0, '0000-00-00 00:00:00', '2015-11-16 03:30:26', 0, 0),
(171, 'Nushrat Ethane', 'nushrat_je@yahoo.com', 'cedb62603060b2bedf5a59fd39460b95', '', '', '0c5821d0db3dcc922092c163536ae814c4b8f675a467d8bcaf2bd9093b81d955', 'active', 'no', '', 7, 'Nushrat Jahan Ethane', '', '', 19742696352208314, '1974-10-01', 'Not defined', '', '', 0, 0, 0, '01552338938', 'I AGREE', '2015-11-16 09:32:21', '', '', 5, 0, '0000-00-00 00:00:00', '2015-11-16 03:39:31', 0, 0),
(172, 'Akhtar Dewan', 'dewan31@yahoo.com', '0f54fa8c2813bc8d01b2c1b3e54e829a', '', '', '692cd87523294c5d55f4c14b70439b916f5fe47bb2e4a905b14d84b6d5e6d114', 'active', 'yes', '', 6, 'Akhtar Hamid Dewan', '', '', 19572696352212509, '1957-12-31', 'Not defined', '', '', 0, 0, 0, '01190048144', 'I AGREE', '2015-11-16 09:36:43', '', '', 5, 0, '0000-00-00 00:00:00', '2015-11-16 03:55:00', 0, 91),
(173, 'Kamalbcsir', 'kamal_bcsir@hotmail.com', 'aadb8400a9ec933001cccd16bfdb4356', '', '', '6bc125c8888d1cd192977a2e0fa11469fdb3f754d13f3d4b33320119729cb141', 'active', 'yes', '', 7, 'Dr. Md. Kamal Hossain', '', '', 19802695047006063, '1980-12-11', 'Not defined', '', '', 0, 0, 0, '01799590184', 'I AGREE', '2015-11-16 09:37:39', '', '', 5, 0, '0000-00-00 00:00:00', '2015-11-16 03:46:27', 0, 0),
(174, 'Ismet Jahan', 'ismet0103@yahoo.com', '637b46b6a7f72cd3392c94d6974c98b7', '', '', '30507cadc8a142966ef0e646c9096899a3290719b972a545f49bf5c0836166aa', 'active', 'yes', '', 6, 'Dr. Ismet Ara Hahan', '', '', 12321232, '1957-03-11', 'Not defined', '', '', 0, 0, 0, '01713003793', 'I AGREE', '2015-11-16 09:38:44', '', '', 5, 0, '0000-00-00 00:00:00', '2015-11-16 03:44:51', 0, 0),
(175, 'Nashirbcsir', 'nashir@bcsir.gov.bd', '72c6cab73d04494f751779fef98b70f1', '', '', '9oXa0vrZ1P3CEB6ncty6EnUNxfzPrG', 'active', 'yes', '', 7, 'Mohammad Nashir Uddin', '', '', 19752696352212888, '1975-10-08', 'Not defined', '', '', 0, 0, 0, '01912068516', 'I AGREE', '2015-11-16 09:40:12', '', '', 5, 0, '0000-00-00 00:00:00', '2015-11-16 03:47:21', 0, 0),
(176, 'Shakila Akter', 'shakilabcsir@yahoo.com', 'f7a67c66630bda12133f2a70156f6a81', '', '', 'jy1VdKHcrWeSUiAiIllHflJ9UvRV1E', 'active', 'no', '', 7, 'Shahila Akter', '', '', 19792691650136632, '1979-04-12', 'Not defined', '', '', 0, 0, 0, '01913382006', 'I AGREE', '2015-11-16 09:41:01', '', '', 8, 0, '0000-00-00 00:00:00', '2015-11-16 03:46:57', 0, 0),
(177, 'drmostafabcsir@yahoo.com', 'drmostafabcsir@yahoo.com', 'ea3617ee64d673a920cadbfa33c3a195', '', '', 'hdM22D1GuTPHwLnFijyf6netPHB5uf', 'active', 'no', '', 6, 'Dr. Mohammad Mostafa', '', '', 19682696352212297, '1968-12-31', 'Not defined', '', '', 0, 0, 0, '01716525686', 'I AGREE', '2015-11-16 09:42:43', '', '', 8, 0, '0000-00-00 00:00:00', '2016-01-20 04:25:36', 0, 91),
(178, 'Shahin Sultana', 'shasultana@gmail.com', '11d861430a7b6595c4bb64ffc7810440', '', '', '6vuy4iCn6lqFvAh5ZFAkwDpj6Pgdlm', 'active', 'yes', '', 6, 'Shahin Sultana', '', '', 19712696654281703, '1971-10-12', 'Not defined', '', '', 0, 0, 0, '01715100985', 'I AGREE', '2015-11-16 09:44:01', '', '', 5, 0, '0000-00-00 00:00:00', '2015-11-16 03:48:09', 0, 0),
(179, 'pizushbiswas@gmail.com', 'pizushbiswas@gmail.com', '9beaeca57ceadaff9023b0d8940e9907', '', '', '2fbb511f5fd64b3738cdc34b39a94d187b4699f65a7459b056eaa41ac4551587', 'active', 'no', '', 7, 'Dr. Pizush Kamti Biswas', '', '', 19602696352212003, '1960-02-01', 'Not defined', '', '', 0, 0, 0, '01715785711', 'I AGREE', '2015-11-16 09:45:03', '', '', 5, 0, '0000-00-00 00:00:00', '2015-11-16 03:48:36', 0, 0),
(180, 'rajibanik@yahoo.com', 'rajibanik@yahoo.com', 'de8a256e68d8a3efa2bdf4398f904533', '', '', '3e71675a2e7360ad6dff617635c15507d1e5aef2b22f170cfce02b2b0e5b71e3', 'active', 'yes', '', 7, 'Rajib Banik', '', '', 19821594134712975, '1982-07-01', 'Not defined', '', '', 0, 0, 0, '01913632573', 'I AGREE', '2015-11-16 09:47:06', '', '', 5, 0, '0000-00-00 00:00:00', '2015-12-28 00:58:00', 0, 0),
(181, 'Shahin Aziz', 'shaziz2408@yahoo.com', '2a8b022e41df2b062998137361c2ac43', '', '', 'e71fb2f8aed36bcb4fcb6efc7f42ef7814a7b7aa78c957676ebc148cffc35512', 'active', 'no', '', 7, 'Shahin Aziz', '', '', 19722696352212872, '1972-01-01', 'Not defined', '', '', 0, 0, 0, '01713005011', 'I AGREE', '2015-11-16 09:47:29', '', '', 5, 0, '0000-00-00 00:00:00', '2015-11-16 03:49:09', 0, 0),
(182, 'mhsohrab@yahoo.com', 'mhsohrab@yahoo.com', 'a6e122bcfe640adf70403f643b9e8d97', '', '', 'CWxt3oO7kngdeq5XsCW9Q7i54UqOmt', 'active', 'no', '', 6, 'Dr. Md. Hossain Sohrab', '', '', 19692696352212132, '1969-12-01', 'Not defined', '', '', 0, 0, 0, '01720121525', 'I AGREE', '2015-11-16 09:49:11', '', '', 5, 0, '0000-00-00 00:00:00', '2015-11-16 03:58:38', 0, 0),
(183, 'Jamal', 'shofiuljamal@yahoo.com', '76ba9d29155a5b85d123b926125c855c', '', '', 'oJnYnQduipfxeGk7osbsPRQhKeCW14', 'active', 'no', '', 7, 'A.H.M. Shofiul Islam Molla Jamal', '', '', 19872697556370278, '1987-08-13', 'Not defined', '', '', 0, 0, 0, '01717258753', 'I AGREE', '2015-11-16 09:50:12', '', '', 8, 0, '0000-00-00 00:00:00', '2015-11-16 03:59:49', 0, 0),
(184, 'sharmin041@yahoo.com', 'sharmin041@yahoo.com', 'c9e72bf6a62b79f248af8fe55fd29209', '', '', 'AE3p6cgoVr0R64wP4hF2MRx5dRPMRH', 'active', 'no', '', 7, 'Suriya Sharmin', '', '', 19871786543456789, '1987-01-27', 'Not defined', '', '', 0, 0, 0, '01717035571', 'I AGREE', '2015-11-16 09:51:10', '', '', 5, 0, '0000-00-00 00:00:00', '2015-11-16 03:58:04', 0, 0),
(185, 'Sajjad Hossain', 'sajjadhossain8888@yahoo.com', 'e0a1d6bfa73387cd92c76b206332c15d', '', '', 'jqU9u76mcMOZQBq3sgncWFRbMGu196', 'active', 'no', '', 7, 'Mohammad Sajjad Hossain', '', '', 19882619351975328, '1988-08-08', 'Not defined', '', '', 0, 0, 0, '01678071517', 'I AGREE', '2015-11-16 09:52:26', '', '', 5, 0, '0000-00-00 00:00:00', '2015-11-16 03:56:12', 0, 0),
(186, 'moni.fatema@yahoo.com', 'moni.fatema@yahoo.com', '15a6b4e10c600c67efef00ce04f12831', '', '', 'R0iYdskCTBfMCoMl4ChqX3wPaEF7aS', 'active', 'no', '', 7, 'Fatema Moni', '', '', 19887623456789876, '1988-01-01', 'Not defined', '', '', 0, 0, 0, '01816619127', 'I AGREE', '2015-11-16 09:54:06', '', '', 5, 0, '0000-00-00 00:00:00', '2015-11-16 03:57:35', 0, 0),
(187, 'Al-Mansur', 'nayeembcsir@gmail.com', '30f8a84e25e96a2ca8e2fbf16729be95', '', '', 'rGVJxXye1n3u2FDfaohAzmcZLhazkS', 'active', 'no', '', 7, 'Mohammad Abdullah Al-Mansur', '', '', 19782696352221530, '1978-10-01', 'Not defined', '', '', 0, 0, 0, '01715010829', 'I AGREE', '2015-11-16 09:55:07', '', '', 8, 0, '0000-00-00 00:00:00', '2015-11-16 03:56:51', 0, 0),
(188, 'Jaman Chowdhury', 'jaman.bcsir@gmail.com', 'e8e61a77a745a552c5688589de3e192c', '', '', 'ewaeJvndlBqIWpxdKkcwaskjr2FSbI', 'active', 'no', '', 7, 'Murshid Jaman Chowdhury', '', '', 19875414012684253, '1987-04-22', 'Not defined', '', '', 0, 0, 0, '01718333335', 'I AGREE', '2015-11-16 09:57:15', '', '', 5, 0, '0000-00-00 00:00:00', '2015-11-16 04:00:54', 0, 0),
(189, 'majedulbcsir@gmail.com', 'majedulbcsir@gmail.com', '67233aa6af78e705da7a130e2d14729e', '', '', 'OxwQj9xEoNBvq2WJPnFRHkNxyxuoKy', 'active', 'yes', '', 7, 'Mohammad Majedul Haque', '', '', 19816125220263813, '1981-04-02', 'Not defined', '', '', 0, 0, 0, '01914113880', 'I AGREE', '2015-11-16 09:57:29', '', '', 8, 0, '0000-00-00 00:00:00', '2015-11-16 04:08:03', 0, 0),
(190, 'Amirul Hoque', 'amirul.bcsir@yahoo.com', 'bf3e1085fa22c6d3d2f89e3c7cf14be5', '', '', 'Zk3vai2IsI0jkhVduofGRns8Jaou9B', 'active', 'yes', 'Amirul.png', 7, 'Mohammad Amirul Hoque', '', '', 19802697557409478, '1980-01-01', 'Not defined', '', '', 0, 0, 0, '017120060000', 'I AGREE', '2015-11-16 09:59:19', '', '', 5, 0, '0000-00-00 00:00:00', '2015-11-16 04:00:18', 0, 0),
(191, 'Jaynal Abedin', 'jaynalabedin89@gmail.com', '8cb3e9f28bbacb5eecf26cbac493ecfd', '', '', 'rWitBOLwDczsqEyO5I2pbrRbDy4LZM', 'active', 'no', '', 7, 'Md. Jaynal Abedin', '', '', 19856816053872928, '1985-03-05', 'Not defined', '', '', 0, 0, 0, '01764360759', 'I AGREE', '2015-11-16 10:01:48', '', '', 5, 0, '0000-00-00 00:00:00', '2015-11-16 04:02:44', 0, 0),
(192, 'Nasim Sultana', 'nasimsultana2002@yahoo.com', '76a15331264e836c4f2355d5715dbb95', '', '', 'giTkt1CvRHldLphnsCnIHQh69iO5ww', 'active', 'no', '', 8, 'Dr. Nasim Sultana', '', '', 19672696352212135, '1967-01-01', 'Not defined', '', '', 0, 0, 0, '01915722988', 'I AGREE', '2015-11-16 10:04:21', '', '', 8, 0, '0000-00-00 00:00:00', '2016-01-19 01:57:34', 0, 91),
(193, 'Badhan Saha', 'badhan_swe@yahoo.com', 'd36e9df240757450eb2546c94b980bed', '', '', 'DDwV8Gxk1vBBuMEtr1rVgzyPheXAJL', 'active', 'yes', '', 7, 'Badhan Saha', '', '', 19836125209175034, '1983-02-28', 'Not defined', '', '', 0, 0, 0, '01911102565', 'I AGREE', '2015-11-16 10:06:19', '', '', 5, 0, '0000-00-00 00:00:00', '2015-11-16 04:09:04', 0, 0),
(194, 'Dhaka Lab', 'dhaka.lab1956@gmail.com', '32c211b09cb173f27dad845b17ea98ef', '', '', 'MoeflGn6pa90AMrRtBEKO1EWFymutV', 'active', 'yes', '', 2, 'Dhaka Lab', '', '', 1010101010101010, '1956-01-01', 'Not defined', '', '', 0, 0, 0, '01717257981', 'I AGREE', '2015-11-16 10:21:37', '', '', 0, 0, '0000-00-00 00:00:00', '2016-05-23 21:37:13', 0, 0),
(196, 'Mahbubur Rahman', 'mahbub.bcsir@yahoo.com', '5b8cc564ac529333b3606d84d218cfdd', '', '', 'fUDHuzMcjFlh3a7R5mjNjOrD73uIUy', 'active', 'no', '', 7, 'Mohammad Mahbubur Rahman', '', '', 19796725812612727, '1979-02-02', 'Not defined', '', '', 0, 0, 0, '01959906734', 'I AGREE', '2015-11-16 10:27:51', '', '', 5, 0, '0000-00-00 00:00:00', '2015-11-17 23:56:41', 0, 91),
(197, 'Swapan Ray', 'swapanray_bcsir@ymail.com', '', '', '', 'VLjN0FL5Gti19nmiIwbQ81cktr3tkF', 'active', 'no', '', 4, 'Swapan Kumar Ray', '', '', 19772695045911144, '1977-09-06', 'Not defined', '', '', 0, 0, 0, '01959906722', 'I AGREE', '2015-11-16 10:30:05', '', '', 0, 0, '0000-00-00 00:00:00', '0000-00-00 00:00:00', 0, 0),
(198, 'Moniruz Zaman', 'shahinlab@batworld.com', 'a3214dd32adbcc66960dcec2803d6226', '', '', 'dfd5512e17271e21cb72b6d1def2f87cd5d440a4284f52f74b1b26070494346b', 'active', 'no', '', 6, 'Mohammad Moniruz Zaman', '', '', 19642694810994117, '1964-07-16', 'Not defined', '', '', 0, 0, 0, '01552339954', 'I AGREE', '2015-11-17 04:23:17', '', '', 4, 0, '0000-00-00 00:00:00', '2015-11-16 23:37:50', 0, 91),
(199, 'Umme Sarmeen', 'ummedu@yahoo.com', 'f7353542c3c0efdcd9cf58a1f3a3883f', '', '', 'bpYrmMI6VowQ8l61LFvp1qUczY41Ab', 'active', 'no', '', 7, 'Dr. Umme Sarmeen Akhtar', '', '', 19812695047001502, '1981-09-06', 'Not defined', '', '', 0, 0, 0, '01911202669', 'I AGREE', '2015-11-17 04:32:44', '', '', 4, 0, '0000-00-00 00:00:00', '2015-11-16 22:33:12', 0, 0),
(200, 'Nahid Sharmin', 'nahid_pppdc@yahoo.com', '2660d1f01360692a023024ae8c02b7c3', '', '', 'YyYJXJpJcAimpsowN2vfxRGex2eXKE', 'active', 'no', '', 6, 'Nahid Sharmin', '', '', 19662696352212116, '1966-12-05', 'Not defined', '', '', 0, 0, 0, '01817638605', 'I AGREE', '2015-11-17 04:37:51', '', '', 4, 0, '0000-00-00 00:00:00', '2015-11-16 23:38:44', 0, 91),
(201, 'Zenefar ', 'zenefar@gmail.com', '30af4bab1d5aeec9f7c327313f43f31e', '', '', 'fdc9594446a66871a15b7be814e8c47ea5470d168dd61a0de12246a0ea1576e9', 'active', 'yes', '', 7, 'Zenefar Yeasmin', '', '', 19802692620517786, '1980-02-05', 'Not defined', '', '', 0, 0, 0, '01819135339', 'I AGREE', '2015-11-17 04:41:51', '', '', 4, 0, '0000-00-00 00:00:00', '2015-11-16 22:42:27', 0, 0),
(202, 'Sagirul Islam', 'isagirul@yahoo.com', '5c72930050f85b3b00e83bb0ad833150', '', '', 'e92a6bfc95eb4fd107acc833857a4c7f5d4ab950ae1e1dead96d52979c6910d8', 'active', 'yes', '', 7, 'Md. Sagirul Islam', '', '', 19802694811012678, '1980-11-29', 'Not defined', '', '', 0, 0, 0, '01716419533', 'I AGREE', '2015-11-17 04:44:35', '', '', 4, 0, '0000-00-00 00:00:00', '2015-11-16 22:45:10', 0, 0),
(203, 'Juliya Khanam', 'juliyakhanom@gmail.com', '61f4d73618d8b24be58d4d9836854254', '', '103785037862071784829', 'AXqYDiegcoAqJh7FcXOJ4ZNPGrPJDt', 'active', 'yes', '', 7, 'Juliya Khanam', '', '', 19865525704120617, '1986-11-11', 'Not defined', '', '', 0, 0, 0, '01736485166', 'I AGREE', '2015-11-17 04:48:05', '', '', 4, 0, '0000-00-00 00:00:00', '2015-11-16 22:48:58', 0, 0),
(204, 'Samina Ahmed', 'shanta_samina@yahoo.com', '9ab6411042c772100182bc3632c8e302', '', '', 'rV8yqcJvmT10p4ISaCNAivqe4hpFrG', 'active', 'no', '', 6, 'Dr. Samina Ahmed', '', '', 19672696654355375, '1967-06-15', 'Not defined', '', '', 0, 0, 0, '01817549816', 'I AGREE', '2015-11-17 04:52:44', '', '', 4, 0, '0000-00-00 00:00:00', '2015-11-16 23:34:05', 0, 91),
(205, 'Shirin Jahan', 'shirin_akterbcsir@yahoo.com', 'ef3fc37bf3514270b2c50eeed83eaf1d', '', '', 'NzXoxa0XDiFqjwR74U5a9XQzRQ9LIn', 'active', 'no', '', 7, 'Shirin Akter Jahan', '', '', 19722696352212698, '1972-03-17', 'Not defined', '', '', 0, 0, 0, '01712831944', 'I AGREE', '2015-11-17 04:56:43', '', '', 4, 0, '0000-00-00 00:00:00', '2015-11-16 22:57:12', 0, 0),
(206, 'Sabrina Mostofa', 'anniedu45@yahoo.com', 'be143f682f8c3d7c4b6097642941c92a', '', '', 'CDXa0fiDC6hYImEtTjZbQQUNYBuknI', 'active', 'no', '', 7, 'Sabrina Mostofa', '', '', 19868524911132141, '1986-09-09', 'Not defined', '', '', 0, 0, 0, '01712637115', 'I AGREE', '2015-11-17 05:00:29', '', '', 4, 0, '0000-00-00 00:00:00', '2015-11-16 23:02:26', 0, 0),
(207, 'Rexona Khanom', 'rexonakhanom@yahoo.com', 'd0d25e614a4e57c701f2d9f0cdc30106', '', '', 'vGUS3wh2SnGb2brY1uvxq4aris2XeV', 'active', 'yes', '', 7, 'Rexona Khanom', '', '', 19862697557399932, '1986-06-20', 'Not defined', '', '', 0, 0, 0, '01938266269', 'I AGREE', '2015-11-17 05:05:49', '', '', 4, 0, '0000-00-00 00:00:00', '2015-11-16 23:06:30', 0, 0),
(209, 'Lutfor Rahman', 'lutforju33@yahoo.com', '96d9ff9fc3222fd3d1257d943c0bcab4', '', '', 'oXpvqOyToEUXOn9q13w0SXFhT2j6zR', 'active', 'no', '', 6, 'Md. Lutfor Rahman', '', '', 19851018885013221, '1985-09-30', 'Not defined', '', '', 0, 0, 0, '01712459524', 'I AGREE', '2015-11-17 05:09:08', '', '', 4, 0, '0000-00-00 00:00:00', '2015-11-16 23:39:43', 0, 91),
(211, 'Tahuran Neger', 'shahindd@batworld.com', 'a3214dd32adbcc66960dcec2803d6226', '', '', 'dfd5512e17271e21cb72b6d1def2f87cd5d440a4284f52f74b1b26070494346b', 'active', 'no', '', 8, 'Dr. A J M Tahuran Neger', '', '', 19582696352212136, '1958-05-16', 'Not defined', '', '', 0, 0, 0, '01191362336', 'I AGREE', '2015-11-17 05:18:22', '', '', 4, 0, '0000-00-00 00:00:00', '2015-12-23 02:28:57', 0, 0),
(213, 'Sonjida Mustafi ', 'mustafisonjida@yahoo.com', '3085b486d8e02d49e3361f0eb4850990', '', '', '6XLumEiSgxrKEbtm0C5c2X5AaGDxvK', 'active', 'no', '', 6, 'Dr. Sonjida Mustafi ', '', '', 19692696352212665, '1969-04-08', 'Not defined', '', '', 0, 0, 0, '01712069642', 'I AGREE', '2015-11-17 05:45:44', '', '', 4, 0, '0000-00-00 00:00:00', '2015-11-16 23:46:18', 0, 0),
(214, 'Ariful', 'ariful01734228830@gmail.com', '', 'google', '111973672577897057761', 'b66ea93ba5df8619e178dc32b4546df6b1995fa8', 'inactive', 'no', 'https://lh5.googleusercontent.com/-_Xrd1T9IvHU/AAAAAAAAAAI/AAAAAAAAABc/myAUupmeJLQ/photo.jpg', 0, 'Ariful Islam', '', '', 0, '0000-00-00', 'Not defined', '', '', 0, 0, 0, '', 'I AGREE', '2015-11-17 05:47:52', '', '', 0, 0, '0000-00-00 00:00:00', '0000-00-00 00:00:00', 0, 0),
(215, 'Aninda Nafis', 'adhi88bd@yahoo.com', 'eb168107f2ed7795e45b48cba8acb00b', '', '', 'F6JC4s3XsgOTTE7dXJqv5ntHNyOObF', 'active', 'yes', '', 7, 'Aninda Nafis Ahmed', '', '', 2696828800488, '1988-04-11', 'Not defined', '', '', 0, 0, 0, '01710921269', 'I AGREE', '2015-11-17 06:33:50', '', '', 6, 0, '0000-00-00 00:00:00', '2015-11-17 00:34:25', 0, 0),
(216, 'Sajib Aninda', 'sajibaninda89@gmail.com', '29a7688b79d238fbe1f87fa3a06a7841', '', '', 'rVIDzRnaWnhW1MEoND4XqXoCjrtasQ', 'active', 'yes', '', 7, 'Sajib Aninda Dhar', '', '', 19912696318000095, '1991-10-15', 'Not defined', '', '', 0, 0, 0, '01552586841', 'I AGREE', '2015-11-17 06:37:59', '', '', 6, 0, '0000-00-00 00:00:00', '2015-12-22 02:46:58', 0, 0),
(217, 'M A Gafur', 'd_r_magafur@yahoo.com', '677585c7907c5518f579bd85df49e398', '', '', '5xdf0izsEoUQr5z9gCZQQ2xTTGeB1a', 'active', 'no', '', 6, 'Dr. Abdul gafur', '', '', 19652696352212498, '1965-03-02', 'Not defined', '', '', 0, 0, 0, '01711704363', 'I AGREE', '2015-11-17 06:41:53', '', '', 6, 0, '0000-00-00 00:00:00', '2016-02-11 01:17:18', 0, 0),
(218, 'Rakibul Qadir', 'mdrqadir@gmail.com', '83bca826f4594cf88cdeb1a8991f59a4', '', '', 'baJoDJUBb1Lww2ojoZCHlrnM41x7FZ', 'active', 'yes', 'Untitled.jpg', 7, 'Md. Rakibul Qadir', '', '', 19876725812616714, '1987-05-23', 'Not defined', '', '', 0, 0, 0, '01681136257', 'I AGREE', '2015-11-17 06:45:37', '', '', 6, 0, '0000-00-00 00:00:00', '2015-12-22 02:47:49', 0, 0),
(223, 'Robiul Alam', 'engrrobiul@gmail.com', '1186982a104c2393981f27678449c7a0', '', '', 'VYqXxSjNoqhZgWQx4xiioA97PFSGzr', 'active', 'no', '', 7, 'Md. Robiul Alam', '', '', 19875611085679328, '1987-11-20', 'Not defined', '', '', 0, 0, 0, '01718739115', 'I AGREE', '2015-11-17 07:09:21', '', '', 6, 0, '0000-00-00 00:00:00', '2015-12-22 03:51:11', 0, 0),
(224, 'Rupesh Roy', 'rupeshroy62@gmail.com', '221f3060ab896206c165ff3793f8cf16', '', '', 'P4IJJLCrFTf9L1XNC5JQ7texfdW7TJ', 'active', 'no', 'R Roy.bmp', 8, 'Rupesh Chandra Roy', '', '', 19622696352212511, '1962-05-01', 'Not defined', '', '', 0, 0, 0, '01552481502', 'I AGREE', '2015-11-17 07:25:53', '', '', 6, 0, '0000-00-00 00:00:00', '2016-02-11 01:13:01', 0, 91),
(225, 'Farhana Ahmed', 'pppdc.bcsir@gmail.com', 'b10e24725239b08f23918e5402e35b03', '', '', 'bd6132763ba3a2b5e780c500bd0a23ef0ef6f2af628d0353f42a156f6876946b', 'active', 'yes', '', 7, 'Farhana N. Ahmed', '', '', 19702691649099262, '1970-08-26', 'Not defined', '', '', 0, 0, 0, '01817521931', 'I AGREE', '2015-11-17 07:34:13', '', '', 6, 0, '0000-00-00 00:00:00', '2015-12-22 03:41:56', 0, 0),
(226, 'Sarker Kamruzzaman', 'tuhin940@yahoo.com', 'e3f5372aba2fb272cdda3711d3193038', '', '', '3ulc3G31ioio7CoTDDvqHipdQwqbkO', 'active', 'yes', '', 6, 'Sarker Kamruzzaman', '', '', 19682696536097442, '1968-07-03', 'Not defined', '', '', 0, 0, 0, '01199833338', 'I AGREE', '2015-11-17 07:39:09', '', '', 6, 0, '0000-00-00 00:00:00', '2015-11-17 01:39:45', 0, 0),
(227, 'Altaf Hossain', 'altafbcsir@gmail.com', '7ffe456e507514d69075d320f9738684', '', '', 'SzGKcT7bVp8nat9e5T9jxurbHPGmBA', 'active', 'no', '', 6, 'Md. Altaf Hossain', '', '', 19572627203532501, '1957-12-30', 'Not defined', '', '', 0, 0, 0, '01757427777', 'I AGREE', '2015-11-17 07:46:08', '', '', 6, 0, '0000-00-00 00:00:00', '2015-11-17 01:47:15', 0, 0),
(228, 'Jahan Neepa', 'jahan_nipa36@yahoo.com', 'dd0d020ab8fbedfef59a893b45fc6789', '', '', '8nxWJVjP2CqfpdXrYRxaV32Oh9wl8T', 'active', 'no', '', 7, 'Nahid Jahan Neepa', '', '', 19742690243849839, '1974-06-05', 'Not defined', '', '', 0, 0, 0, '0152389285', 'I AGREE', '2015-11-17 07:50:36', '', '', 6, 0, '0000-00-00 00:00:00', '2015-12-22 03:52:49', 0, 0),
(229, 'Badrul Abedin', 'abedin23@yahoo.com', '5fd03b1acbb40234de85a024f923fa5b', '', '', 'ETAbo81JQ3wndxlpjrVfd0tHCG3Uw6', 'active', 'no', '', 7, 'Md. badrul Abedin', '', '', 19732693625855815, '1973-12-05', 'Not defined', '', '', 0, 0, 0, '01819227918', 'I AGREE', '2015-11-17 08:12:25', '', '', 6, 0, '0000-00-00 00:00:00', '2015-11-17 02:13:01', 0, 0),
(231, 'Mala Khan', 'malakhan_07@yahoo.com', '4e3710ef961681a0d1a8ab604fccbdb4', '', '', 'PF2j3spN67upNSTi7U96PSUpFlyDJE', 'active', 'no', '', 8, 'Dr. Mala Khan', '', '', 19772611038849907, '1977-07-12', 'Not defined', '', '', 0, 0, 0, '01715032057', 'I AGREE', '2015-11-17 08:39:52', '', '', 7, 0, '0000-00-00 00:00:00', '2015-12-21 22:22:47', 0, 91),
(232, 'Abu Hasan', 'hasan.dricm@gmail.com', '4157331add983d99c5f381450e0f94f9', '', '', '11cd60153b33db89fc375249a89aa756eaf7016fe979ca3315e326fa069f68cf', 'active', 'yes', '', 6, 'Md. Abu Hasan', '', '', 19852694810994641, '1985-08-10', 'Not defined', '', '', 0, 0, 0, '01195419963', 'I AGREE', '2015-11-17 08:52:18', '', '', 7, 0, '0000-00-00 00:00:00', '2015-12-22 00:45:26', 0, 91),
(233, 'Tanvir Ahmed', 'tanvir086@gmail.com', 'fbf08184c3a5c40560651d7cab86d054', '', '', 'rncNhVGrycxeSifY9tpenjxeDQmIWv', 'active', 'no', '', 7, 'Tanvir Ahmed Siddiquee', '', '', 19866117279305720, '1986-04-06', 'Not defined', '', '', 0, 0, 0, '01722501630', 'I AGREE', '2015-11-17 08:55:25', '', '', 7, 0, '0000-00-00 00:00:00', '2015-12-22 00:53:15', 0, 0),
(234, 'Ashikur Rahman', 'ashikur_ru_phy@yahoo.com', '99d4437b9f168f6f22db5a71db12c219', '', '', 'atADCpzdTHOQGUybQFtFYSK5RIQmtT', 'active', 'yes', '', 6, 'Md. Ashikur Rahman', '', '', 19858192225179775, '1985-11-18', 'Not defined', '', '', 0, 0, 0, '01717046779', 'I AGREE', '2015-11-17 09:21:39', '', '', 7, 0, '0000-00-00 00:00:00', '2015-11-17 03:22:34', 0, 0),
(235, 'Reaz Mazumdar', 'reazbio@gmail.com', '63fb4c9ee9c769cf048e944d5db98e96', '', '', '9Xd8UiYWyNmTItl0mK2zgNXdfuoDMx', 'active', 'yes', '', 6, 'Reaz Mohammad Mazumdar', '', '', 19821594115408709, '1982-12-14', 'Not defined', '', '', 0, 0, 0, '01819623623', 'I AGREE', '2015-11-17 09:25:58', '', '', 7, 0, '0000-00-00 00:00:00', '2015-11-17 03:26:44', 0, 0),
(236, 'Razib Khan', 'mrazib0210@gmail.com', '9ca50f3cb9313a5d1accee8a70f6d598', '', '104117604467388776947', 'QgcuL71BWPjaSXQTnrYppXccdIgLXR', 'active', 'yes', '', 7, 'Md. Razib Khan', '', '', 19851513735929965, '1985-12-31', 'Not defined', '', '', 0, 0, 0, '01722431738', 'I AGREE', '2015-11-17 09:29:47', '', '', 7, 0, '0000-00-00 00:00:00', '2015-11-17 03:30:22', 0, 0),
(237, 'Tanvirul Hasan', 'thasan.cu@gmail.com', 'd10ac9e25e18c2f74f3e7a6c0d2829a7', '', '105338666064402854296', '83ad566680e5edb6235ec75fc22c21d337a81ecf91990ee5dd2d085def31595d', 'active', 'yes', '', 7, 'Tanvirul Hasan', '', '', 19861594308098709, '1986-08-07', 'Not defined', '', '', 0, 0, 0, '01719293419', 'I AGREE', '2015-11-17 09:33:21', '', '', 7, 0, '0000-00-00 00:00:00', '2015-11-17 03:34:04', 0, 0),
(238, 'Mirola Afroze', 'mirolapharma31@gmail.com', 'cb1b45ec91a054457fc28ea44c08b178', '', '', 'UrLydTElqW8doeWund9EEiErW83mPK', 'active', 'yes', '', 7, 'Mirola Afroze', '', '', 19882696655309138, '1988-07-31', 'Not defined', '', '', 0, 0, 0, '01912098379', 'I AGREE', '2015-11-17 09:36:13', '', '', 7, 0, '0000-00-00 00:00:00', '2015-11-17 03:37:16', 0, 0),
(239, 'Juwel Hosen', 'jhosen_dricm@yahoo.com', '368d116403e1029fb278fcbe9d10cf2f', '', '', 'd64a534d58afb56bd5c45aaa9b92cbe67b0fb296d2ace842eea8c0660dab7a79', 'active', 'yes', 'N-1409.JPG', 7, 'Md. Juwel Hosen', '', '', 19905718795000430, '1990-10-07', 'Not defined', '', '', 0, 0, 0, '01722988554', 'I AGREE', '2015-11-17 09:41:09', '', '', 7, 0, '0000-00-00 00:00:00', '2015-11-17 03:41:54', 0, 0),
(240, 'Rownock Afruza', 'rownockrh039@gmail.com', '9acb3166040f267cb359dd7379f23dcc', '', '108925974153574109889', 'W1RdEg0OSAQnX162sCmnkbVFOWIE6l', 'active', 'yes', '', 7, 'Rownock Afruza', '', '', 19883323004130388, '1988-10-05', 'Not defined', '', '', 0, 0, 0, '01913471812', 'I AGREE', '2015-11-17 09:45:29', '', '', 7, 0, '0000-00-00 00:00:00', '2015-11-17 03:46:15', 0, 0),
(241, 'Farzana Hossain', 'jhumifarzana@gmail.com', '411c4afed8d9390b070de92fde73fe78', '', '', '2fBp0mAlFhSMYzOBwSiX12cyIPjHso', 'active', 'no', '', 6, 'Farzana Hossain', '', '', 19832694811049921, '1983-12-10', 'Not defined', '', '', 0, 0, 0, '01716899090', 'I AGREE', '2015-11-17 09:48:50', '', '', 7, 0, '0000-00-00 00:00:00', '2015-11-17 03:50:00', 0, 0);
INSERT INTO `members` (`member_id`, `member_username`, `member_email`, `member_password`, `member_social_type`, `member_social_id`, `member_hash`, `member_status`, `member_verification`, `member_pic`, `member_type`, `member_first_name`, `member_middle_name`, `member_last_name`, `member_nid`, `member_DOB`, `member_gender`, `member_aboutme`, `member_street_address`, `member_country`, `member_city`, `member_zip`, `member_phone`, `member_agree_tc`, `member_first_login`, `member_language`, `institute_name`, `lab_id`, `security_profile_id`, `created_at`, `updated_at`, `is_locked`, `updated_by`) VALUES
(242, 'Shofi Uddin', 'shofiche026@gmail.com', '53cd5e019913456265a9298f20f05191', '', '112045031296199592515', 'gGA2FEYyVf6BIy9t7UMr2jQZlsHjsp', 'active', 'yes', '', 7, 'M A A Shofi Uddin Sarkar', '', '', 19873218885096791, '1987-10-15', 'Not defined', '', '', 0, 0, 0, '01722345593', 'I AGREE', '2015-11-17 09:54:15', '', '', 7, 0, '0000-00-00 00:00:00', '2015-12-21 23:53:54', 0, 0),
(243, 'Mashiur Rahman', 'mashiur.chemist85@yahoo.com', '3bec502d548a3b88259d150f4e6526e4', '', '', '96ede6629bf4a12fef687ab53111c642774ab7230d7a5aca6b8d8e0213a92dbc', 'active', 'yes', '', 7, 'Mashiur Rahman', '', '', 10101010101010102, '1985-12-05', 'Not defined', '', '', 0, 0, 0, '01922496629', 'I AGREE', '2015-11-17 09:57:09', '', '', 7, 0, '0000-00-00 00:00:00', '2015-12-22 00:35:39', 0, 91),
(244, 'Rajib Das', 'rajibdas4646@yahoo.com', '1d303ebeff846b60bfa6d97c4659abbb', '', '', 'LKpNr25zrAT5s2y1s0lAUGaljzlniR', 'active', 'no', '', 7, 'Rajib Das', '', '', 19872699039660697, '1987-05-14', 'Not defined', '', '', 0, 0, 0, '01721128571', 'I AGREE', '2015-11-17 10:00:01', '', '', 7, 0, '0000-00-00 00:00:00', '2015-12-22 00:44:47', 0, 0),
(248, 'Iffat Jahan', 'iffatjahan2015@yahoo.com', '56628fb685d73daccf39b04e334a8e14', '', '', 'de9965aa5edb4e50e8dca5d379650fef5f94cd23e0806365ac1b4be6332cc61b', 'active', 'yes', '', 7, 'Iffat Jahan', '', '', 19912699027000550, '1991-12-08', 'Not defined', '', '', 0, 0, 0, '01552636661', 'I AGREE', '2015-11-17 10:03:20', '', '', 7, 0, '0000-00-00 00:00:00', '2015-12-22 00:55:31', 0, 91),
(249, 'Rehana Akter', 'rumibio@gmail.com', 'df257765d922b6162f3f3a5e95479eab', '', '', 'g1ZYTVjzf3KLD8jj8LV6vwchOFW69o', 'active', 'yes', '', 7, 'Rehana Akter', '', '', 19851510438785045, '1985-08-15', 'Not defined', '', '', 0, 0, 0, '01736225078', 'I AGREE', '2015-11-17 10:06:24', '', '', 7, 0, '0000-00-00 00:00:00', '2015-11-17 04:07:09', 0, 0),
(250, 'Jalal Uddin', 'jalaluddinbd1987@gmail.com', '25196e666470850d5ee85918fcf25613', '', '', '3327dc53fca003af44b54b45a9d5935a66263bce1b8c2df2cb6beb9f3c6b6373', 'active', 'yes', '', 7, 'Md. Galal Uddin', '', '', 19871319595706615, '1987-05-01', 'Not defined', '', '', 0, 0, 0, '01916775046', 'I AGREE', '2015-11-17 10:09:13', '', '', 7, 0, '0000-00-00 00:00:00', '2015-11-17 04:10:18', 0, 0),
(251, 'M H Razu', 'razu_ss86@yahoo.com', '434c4c8528fbf30fedc8e801a7425702', '', '', 'BoF7jEPlYEkiWlLgwXghXhlxK7o1CA', 'active', 'yes', '', 6, 'Mamudul Hasan Razu', '', '', 19862643894022284, '1986-11-26', 'Not defined', '', '', 0, 0, 0, '01721218185', 'I AGREE', '2015-11-17 10:12:10', '', '', 7, 0, '0000-00-00 00:00:00', '2015-12-21 23:51:44', 0, 0),
(252, 'Kanij Fatema', 'kanijfatema_507@yahoo.com', '8673a7c497b3ad12982f109735d52ee4', '', '', 'oHoEnUc9L2H2p7Zq4WRyRJEyxUjXa0', 'active', 'no', '', 7, 'Kanij Fatema', '', '', 19872694811041753, '1987-01-14', 'Not defined', '', '', 0, 0, 0, '01674927176', 'I AGREE', '2015-11-17 10:15:34', '', '', 7, 0, '0000-00-00 00:00:00', '2015-11-17 04:16:09', 0, 0),
(253, 'Rana Karmakar', 'karmakar38biology@gmail.com', '705584d29d2d38498d230af90f515b27', '', '115944897119002443752', 'WQfjLqglE8LqW7gIDzTuWGOS9UnXle', 'active', 'yes', '', 6, 'Rana Karmakar', '', '', 19900610247000321, '1990-09-22', 'Not defined', '', '', 0, 0, 0, '01716092532', 'I AGREE', '2015-11-17 10:18:24', '', '', 7, 0, '0000-00-00 00:00:00', '2015-12-22 00:00:51', 0, 0),
(254, 'Milan Barai', 'm.barai@yahoo.com', '4e1466cea53e8b5041aa23a194277f74', '', '', 'K2HuKBkfcuROmRn6XPnYAxOI6qhtOd', 'active', 'yes', '', 7, 'Milan Barai', '', '', 19872696654356507, '1987-01-16', 'Not defined', '', '', 0, 0, 0, '01912581352', 'I AGREE', '2015-11-17 10:22:20', '', '', 7, 0, '0000-00-00 00:00:00', '2015-11-17 04:24:14', 0, 0),
(255, 'admin', 'zamankaium@gmail.com', '517e97c4bbb1772fa50cb5b9259579a6', '', '', 't7HELH8gHjX0yngQTOmXlSR8TZw0Z8', 'active', 'no', '', 10, 'BCSIR Admin', '', '', 19682696352212539, '1980-11-10', 'Not defined', '', '', 0, 0, 0, '01733762798', 'I AGREE', '2015-11-17 10:53:48', '', '', 0, 0, '0000-00-00 00:00:00', '2015-11-17 04:59:31', 0, 0),
(256, 'Wadfes', 'wadfes01715000981@gmail.com', '', 'google', '114023448594531890555', '7a8fa612dfb21ddf22e5cc0b2c1aa6b66dc01a0d', 'inactive', 'no', 'https://lh3.googleusercontent.com/-XdUIqdMkCWA/AAAAAAAAAAI/AAAAAAAAAAA/4252rscbv5M/photo.jpg', 0, 'Wadfes 0171500080981', '', '', 0, '0000-00-00', 'Not defined', '', '', 0, 0, 0, '', 'I AGREE', '2015-11-17 12:44:54', '', '', 0, 0, '0000-00-00 00:00:00', '0000-00-00 00:00:00', 0, 0),
(258, 'arnobkhan38@gmail.com', 'arnobkhan38@gmail.com', '3cb942da9a2d03c46c92cf4994ba6a2b', '', '', 'D0oehkah0KLy9lw0i6XOzJ3OWteK9Y', 'active', 'yes', 'pHOTO.jpg', 5, 'Shamim Ahmed Khan', '', '', 19922696619000484, '1990-09-07', 'Not defined', '', '', 0, 0, 0, '01721990077', 'I AGREE', '2015-11-17 18:35:10', '', '', 0, 0, '0000-00-00 00:00:00', '0000-00-00 00:00:00', 0, 0),
(259, 'Md. Mostafizur', 'mostafizur@bcsir.gov.bd', '', 'google', '111586564013644026215', 'e66e01c474f56f05dacb8df3e0afc1deb1e4a3a3', 'active', 'yes', 'https://lh4.googleusercontent.com/-EU-Gdl8xL7I/AAAAAAAAAAI/AAAAAAAAADQ/yzN-w6HP2OQ/photo.jpg', 7, 'Md. Mostafizur Rahman', '', '', 19818194030121810, '1981-10-27', 'Not defined', '', '', 0, 0, 0, '+8801737683668', 'I AGREE', '2015-11-18 03:50:14', '', '', 5, 0, '0000-00-00 00:00:00', '2015-11-17 23:31:34', 0, 91),
(263, 'Abdul Matin', 'matin1960@yahoo.com', 'ae77bb33e776afb60e53e042155a8369', '', '', 'dH39IJzSED8aH6kfSRwTc4MpGsWCdL', 'active', 'no', '', 6, 'Md. Abdul Matin Sarker', '', '', 19602696352212533, '1960-09-04', 'Not defined', '', '', 0, 0, 0, '01552344431', 'I AGREE', '2015-11-18 04:34:28', '', '', 5, 0, '0000-00-00 00:00:00', '2015-11-17 22:43:50', 0, 0),
(264, 'John Liton', 'john_liton@yahoo.com', 'c9de87966f741fbaa5aab780ecf18985', '', '', 'RHUi2737WvECdZvem6F3g7KDL7gPmT', 'active', 'no', '', 6, 'John Liton Munshi', '', '', 19662696352212721, '1966-09-06', 'Not defined', '', '', 0, 0, 0, '01711933465', 'I AGREE', '2015-11-18 04:47:03', '', '', 5, 0, '0000-00-00 00:00:00', '2015-11-17 22:48:28', 0, 0),
(265, 'Chapol Roy', 'chapolbcsir2012@gmail.com', '5cd1615116f01dc9a8522ba9307d53d5', '', '', 'GSYnk27yHJLZjm8mEGF1wEZod72yHN', 'active', 'yes', '', 7, 'Chapol Kumar Roy', '', '', 19835215551312734, '1983-11-20', 'Not defined', '', '', 0, 0, 0, '01745925190', 'I AGREE', '2015-11-18 04:51:48', '', '', 5, 0, '0000-00-00 00:00:00', '2015-11-17 23:35:51', 0, 0),
(266, 'Nahid Sultana', 'nahidsultana0@gmail.com', 'bc231af72c20dadd4e7ae736846096d0', '', '', 'zZsFdEerng2ufBhFH2LV9lRxYsl9Bg', 'active', 'yes', '', 7, 'Nahid Sultana', '', '', 19841926713095370, '1984-10-03', 'Not defined', '', '', 0, 0, 0, '01914619960', 'I AGREE', '2015-11-18 04:59:25', '', '', 5, 0, '0000-00-00 00:00:00', '2015-11-17 23:35:26', 0, 0),
(267, 'Elina Zenet', 'elinazenet@gmail.com', '51ad6e98477a7147630125e9cf840f29', '', '', 'DpsyftM5l7EbJvjKGQZomRgWmBR4hk', 'active', 'no', '', 7, 'Mst. Elinaakther zenat', '', '', 19850615169899663, '1985-12-24', 'Not defined', '', '', 0, 0, 0, '01710181071', 'I AGREE', '2015-11-18 05:03:13', '', '', 5, 0, '0000-00-00 00:00:00', '2015-11-17 23:34:52', 0, 0),
(270, 'Shahina Akter', 'shaupty2000@yahoo.com', '6bd5b5c04382a1dc7daeb16acb8befd2', '', '', 'KPAcwUhBdZyzMXTSbNmEIsOGai9CZw', 'active', 'no', '', 7, 'Shahina Akter', '', '', 19782694814923401, '1978-02-01', 'Not defined', '', '', 0, 0, 0, '01724096941', 'I AGREE', '2015-11-18 05:13:30', '', '', 5, 0, '0000-00-00 00:00:00', '2015-11-17 23:19:59', 0, 0),
(271, 'Mahmuda Begum', 'mahmudabegum.bcsir@gmail.com', 'bb73991f9897d7280b1f3bc36c313b59', '', '113385917260456592392', 'kgsm4sWsdbwIUyKrtLXGdN5e7NORvN', 'active', 'yes', '', 7, 'Mahmuda Begum', '', '', 19833313469782810, '1983-01-11', 'Not defined', '', '', 0, 0, 0, '01721313869', 'I AGREE', '2015-11-18 05:22:38', '', '', 5, 0, '0000-00-00 00:00:00', '2015-11-17 23:23:11', 0, 0),
(272, 'Tanjina Akhtar', 'tanzinabcsir@yahoo.com', 'b57f8e36f35f67a6aa0e57983a9976dc', '', '', 'Y8PrQFAVR672cG3RU8R7jUvEVayoXf', 'active', 'no', '', 7, 'Tanjina Akhtar Banu', '', '', 19802696352212600, '1980-12-25', 'Not defined', '', '', 0, 0, 0, '01847161626', 'I AGREE', '2015-11-18 05:25:26', '', '', 5, 0, '0000-00-00 00:00:00', '2015-11-17 23:25:51', 0, 0),
(273, 'Mousona Islam', 'mousonaislam@yahoo.com', '191b7140792c850e66424b145528d935', '', '', 'PFs4m4UFCj1ysIcoMCXyIfQBbyDZv3', 'active', 'no', '', 7, 'Mousona Islam ', '', '', 19812697557399611, '1981-12-31', 'Not defined', '', '', 0, 0, 0, '01711450332', 'I AGREE', '2015-11-18 05:28:30', '', '', 5, 0, '0000-00-00 00:00:00', '2015-11-17 23:29:25', 0, 0),
(274, 'Nadira Begum', 'begumnadira975@gmail.com', '50437d12b349303b0034b9c8861b9615', '', '', 'tUtTNk2vpgIWtq1uuqb2tZVusb1tB4', 'active', 'no', '', 7, 'Mst. Nadira Begum', '', '', 19792691648048870, '1979-10-09', 'Not defined', '', '', 0, 0, 0, '01923215851', 'I AGREE', '2015-11-18 05:33:08', '', '', 5, 0, '0000-00-00 00:00:00', '2015-11-17 23:33:54', 0, 0),
(275, 'Rokibul Hasan', 'rakibbcsir@gmail.com', '470cc841aeab676560d5d41f36d8b44e', '', '116371214110872541355', 'JvolHF2c8nY2VCT2fq9KquAJiySkjd', 'active', 'yes', '', 7, 'Md. Rokibul Hasan', '', '', 19798194030121808, '1979-11-01', 'Not defined', '', '', 0, 0, 0, '01716035063', 'I AGREE', '2015-11-18 05:37:51', '', '', 5, 0, '0000-00-00 00:00:00', '2015-11-17 23:38:32', 0, 0),
(276, 'Ahshan Habib', 'ahashan73@yahoo.com', '1a08774ae47ee2edba9adeb670c56137', '', '', 'VEEPZEka4AnIt3EeP0rtKrUQ9qHYKw', 'active', 'no', '', 7, 'Dr. Mohammad Ahashan Habib', '', '', 19732696352212857, '1973-05-16', 'Not defined', '', '', 0, 0, 0, '01711206709', 'I AGREE', '2015-11-18 05:40:34', '', '', 5, 0, '0000-00-00 00:00:00', '2015-11-17 23:41:08', 0, 0),
(277, 'Najia Khatun', 'naziabcsir@yahoo.com', '8f44b92d44b076d65a44c443dca43618', '', '', '3cbOuvGLmgouCsQtbyPijqA4lcIuQW', 'active', 'no', '', 7, 'Nazia Khatun', '', '', 19803323013335688, '1980-01-01', 'Not defined', '', '', 0, 0, 0, '01710412484', 'I AGREE', '2015-11-18 05:45:01', '', '', 5, 0, '0000-00-00 00:00:00', '2015-11-18 01:01:46', 0, 91),
(278, 'Khaledun Nahar', 'khaledunnahar@yahoo.com', '940186308618b96a29db4c176af186ad', '', '', 'EolFUp8ZoCxPWZ7oXKVFiuhF9bZbSt', 'active', 'no', '', 7, 'khaledun Nahar Babi', '', '', 19802611038774417, '1980-01-01', 'Not defined', '', '', 0, 0, 0, '01816218248', 'I AGREE', '2015-11-18 05:48:17', '', '', 5, 0, '0000-00-00 00:00:00', '2015-11-17 23:48:44', 0, 0),
(279, 'Dr. Md. Monarul Islam', 'mmipavel@yahoo.com', '9325c73225553d7e0d249f13afc21e2b', '', '', 'b8c68d78b6e966a6df8fcf26f3d5041f1675bf98dcfed7ecdb3547b1c7a14f48', 'active', 'yes', '12593939_10208147431037934_6600430750600273885_o.jpg', 7, 'Dr. Md. Monarul Islam', '', '', 19832697556385325, '1983-04-15', 'Not defined', '', '', 0, 0, 0, '01913746708', 'I AGREE', '2015-11-18 05:51:25', '', '', 5, 0, '0000-00-00 00:00:00', '2015-11-17 23:51:53', 0, 0),
(280, 'Hosne Ara', 'hosneyara@gmail.com', '5e2de221a42523b9ca1350e2e1a3a7c3', '', '101806004632652084088', 'pbvMSppR9XXTSPp0fnqMFQNKeN0A1o', 'active', 'yes', '', 7, 'Most. Hosney Ara Begum', '', '', 19682696352212537, '1968-02-13', 'Not defined', '', '', 0, 0, 0, '01715366773', 'I AGREE', '2015-11-18 05:53:52', '', '', 5, 0, '0000-00-00 00:00:00', '2015-11-17 23:54:17', 0, 0),
(281, 'Saiful Islam', 'saifulacctdu@yahoo.com', 'f0b15e9891582cc61c7ad60756ab9dd0', '', '', 'b3KBo63OP6Xoy0T2JPTfM5Y0EYZFHU', 'active', 'no', 'Saiful PP Photo.jpg', 7, 'Muhammad Saiful Islam', '', '', 19832697556365865, '1983-12-30', 'Not defined', '', '', 0, 0, 0, '01721911715', 'I AGREE', '2015-11-18 05:58:18', '', '', 5, 0, '0000-00-00 00:00:00', '2015-11-17 23:58:42', 0, 0),
(282, 'Md. Abu Bakar Siddique', 'sagor.bcsir@gmail.com', 'eac7cc4f8b1375f4e18fe7898bf63dee', '', '101756336234018526854', 'SgTaxH1GOdKtlsX9jzWR0M4K8qgnNM', 'active', 'yes', '', 7, 'Md. Abu Bakar Siddique', '', '', 19861513735622480, '1986-05-15', 'Not defined', '', '', 0, 0, 0, '01723454310', 'I AGREE', '2015-11-18 06:02:13', '', '', 8, 0, '0000-00-00 00:00:00', '2016-02-03 00:02:54', 0, 91),
(283, 'Sumiya Aktar', 'sumiyaacct@gmail.com', 'c65cb7686b852b13e181713976201c9e', '', '', 'HCwNrhBCtF8mp2q5aVHw0PTp63K9AQ', 'active', 'no', '', 7, 'Sumiya Aktar', '', '', 19865027905132439, '1986-08-22', 'Not defined', '', '', 0, 0, 0, '01689295935', 'I AGREE', '2015-11-18 06:07:10', '', '', 7, 0, '0000-00-00 00:00:00', '2015-11-18 00:07:47', 0, 0),
(284, 'Mashud Parvez', 'mashud.drien@gmail.com', 'd0e635f1da91b3434fc29faa04c4ef39', '', '', '0NzdnfMwavJFGHz3BWxgjamVeKG7pv', 'active', 'no', '', 7, 'Md. Mashud Parvez', '', '', 19861918717886742, '1986-01-20', 'Not defined', '', '', 0, 0, 0, '01716222172', 'I AGREE', '2015-11-18 06:10:18', '', '', 7, 0, '0000-00-00 00:00:00', '2015-11-18 00:10:41', 0, 0),
(285, 'Moniruzzaman', 'mzamancep@yahoo.com', '0458e75d857f520c3b2d6fe5c8811ca5', '', '', 'GJ5mwF7vVODhosvHBXLQknY6UcjBET', 'active', 'yes', '', 7, 'Md. Moniruzzaman', '', '', 19869196208195863, '1986-07-01', 'Not defined', '', '', 0, 0, 0, '01718562292', 'I AGREE', '2015-11-18 06:12:08', '', '', 7, 0, '0000-00-00 00:00:00', '2015-11-18 00:12:40', 0, 0),
(286, 'Aminul Ahsan', 'aahsan1961@gmail.com', '1874d491a39a435453bb730795d9a643', '', '', 'sgUw8NZ96wbqDdnBZg2OsY4BPpw2Nl', 'active', 'no', '', 6, 'Md. Aminul Ahsan', '', '', 19612696352212546, '1961-02-10', 'Not defined', '', '', 0, 0, 0, '01712111195', 'I AGREE', '2015-11-18 06:15:25', '', '', 8, 0, '0000-00-00 00:00:00', '2016-02-02 23:29:15', 0, 91),
(287, 'Asadullah Asad', 'asadac57@gmail.com', 'df0a834048386bb0e028f07d3b0ba2da', '', '', '9d10ed91d8895602d107bcd8d888d3d340d4c35ab51aa7cabc027e4343b8793b', 'active', 'yes', '', 7, 'Mohammad Asadullah Asad', '', '', 19852697556370159, '1985-01-01', 'Not defined', '', '', 0, 0, 0, '01818026445', 'I AGREE', '2015-11-18 06:55:30', '', '', 3, 0, '0000-00-00 00:00:00', '2015-11-18 00:57:01', 0, 0),
(288, 'Monir', 'monir.accedu@gmail.com', 'e499e3d546087214907b23c5db89b523', '', '', 'nXe46Idtt33HGEAw7zis8Clsk2POj8', 'active', 'yes', 'Untitled00.jpg', 7, 'Md. Moniruzzaman ', '', '', 19852697556365946, '1985-02-12', 'Not defined', '', '', 0, 0, 0, '01717888893', 'I AGREE', '2015-11-18 07:00:04', '', '', 3, 0, '0000-00-00 00:00:00', '2015-11-18 01:01:06', 0, 0),
(289, 'Sayeda Khatun', 'sayedakhatun1957@yahoo.com', '4f15f2a18f2200a412f90ef3df158a16', '', '', 'A0G7fgbUJgBdlaAJF9ErcV898LP8dS', 'active', 'no', '', 7, 'Sayeda Khatun', '', '', 19572690421343660, '1957-02-20', 'Not defined', '', '', 0, 0, 0, '01675424740', 'I AGREE', '2015-11-18 07:03:52', '', '', 3, 0, '0000-00-00 00:00:00', '2015-11-18 01:05:02', 0, 0),
(290, 'Azizul Hoque', 'azizphy0043bcsir@gmail.com', '034872ce0517872ff059f000bb37e1c8', '', '', '4jvPcXrUxhFuyxebip0M1q2ayt0xWv', 'active', 'no', '', 7, 'Md. Azizul Hoque', '', '', 19854814286664754, '1985-11-25', 'Not defined', '', '', 0, 0, 0, '01737361606', 'I AGREE', '2015-11-18 07:07:28', '', '', 3, 0, '0000-00-00 00:00:00', '2015-11-18 01:08:02', 0, 0),
(291, 'Mashiur', 'mashiur.chemist84@gmail.com', '', 'google', '109329812198621424931', 'c45c0a4d5b4ff6640892ec2e4d846921ea933a6c', 'active', 'yes', 'https://lh3.googleusercontent.com/-XdUIqdMkCWA/AAAAAAAAAAI/AAAAAAAAAAA/4252rscbv5M/photo.jpg', 4, 'Mashiur Rahman', '', '', 19851513735929777, '1985-12-12', 'Not defined', '', '', 0, 0, 0, '01922496629', 'I AGREE', '2015-11-18 07:09:26', '', '', 0, 0, '0000-00-00 00:00:00', '0000-00-00 00:00:00', 0, 0),
(292, 'Sumon Debnath', 'sumondebnath.bcsir@gmail.com', '87882d07f0eb60951ea8db56984e9744', '', '', '2e9OzAeD7LbLnjyeeOdzErcbVv9CdL', 'active', 'yes', '', 7, 'Sumon Chandra Debnath', '', '', 19872695433075543, '1987-06-07', 'Not defined', '', '', 0, 0, 0, '01671044911', 'I AGREE', '2015-11-18 07:09:57', '', '', 3, 0, '0000-00-00 00:00:00', '2015-11-18 01:10:17', 0, 0),
(293, 'Abu Kowsar', 'apukowsar@gmail.com', 'b026f6685564eb76cf10880ffd99d01b', '', '', 'OqhOprPNzwQ6cppVbGku1EKvplTPBt', 'active', 'yes', '', 7, 'Abu Kowsar ', '', '', 19872697556376439, '1987-12-16', 'Not defined', '', '', 0, 0, 0, '01722281618', 'I AGREE', '2015-11-18 07:12:40', '', '', 3, 0, '0000-00-00 00:00:00', '2015-12-19 23:59:50', 0, 91),
(294, 'Saidul Islam', 'saidul.bcsir@gmail.com', '2dac3964517ba70ea0606bb0671042f3', '', '115063271601946752677', 'Tltle1qNciZSQDiUKh9tWWzXvDHihT', 'active', 'yes', '', 7, 'Md. Saidul Islam', '', '', 19826826302108173, '1982-07-01', 'Not defined', '', '', 0, 0, 0, '01716211197', 'I AGREE', '2015-11-18 07:14:43', '', '', 3, 0, '0000-00-00 00:00:00', '2015-12-22 02:46:32', 0, 0),
(295, 'Shah Jamal', 'msjdubd@gmail.com', 'ba562e1cf2aa8197481ae31127247c05', '', '101802273475196859782', 'hDv2gbFiJOcowOr1hw9JW8ZgPMZK8O', 'active', 'yes', '', 6, 'Mohammad Shah Jamal', '', '', 19791923306307728, '1979-01-01', 'Not defined', '', '', 0, 0, 0, '01553293362', 'I AGREE', '2015-11-18 07:17:01', '', '', 3, 0, '0000-00-00 00:00:00', '2015-12-19 23:59:22', 0, 91),
(298, 'Yousuf Imam', 'ayimam92@gmail.com', '6df561c62ca88371fa4219711b1c76df', '', '', 'b51a96dfbe47dca6854c3607906b3679b9a31e1e3c04fdfba986168458253439', 'active', 'no', '', 7, 'Abdullah Yousuf Imam', '', '', 10120333332000123, '1986-03-01', 'Not defined', '', '', 0, 0, 0, '01686526456', 'I AGREE', '2015-11-18 07:43:47', '', '', 3, 0, '0000-00-00 00:00:00', '2015-12-22 02:49:13', 0, 0),
(301, 'Motalab', 'mhossain331@gmail.com', '', 'google', '106994080585471637412', 'be304edbf678e70c8d11bf1887f0d8720a93810a', 'active', 'yes', 'https://lh3.googleusercontent.com/-XdUIqdMkCWA/AAAAAAAAAAI/AAAAAAAAAAA/4252rscbv5M/photo.jpg', 7, 'Motalab Hossain', '', '', 19812696829717337, '0000-00-00', 'Not defined', '', '', 0, 0, 0, '0216544996455', 'I AGREE', '2015-11-18 09:17:17', '', '', 2, 0, '0000-00-00 00:00:00', '2016-02-16 23:10:34', 0, 91),
(310, 'Samia Tabassum', 'shawon14@gmail.com', 'efe545e1140a4c653997f49fafa48100', '', '', 'KVSq5tb2AuJSXbTDRBItHzr5LvnzPd', 'active', 'yes', '', 7, 'Dr. Samia Tabassum', '', '', 19812696655330869, '1981-11-01', 'Not defined', '', '', 0, 0, 0, '01716129370', 'I AGREE', '2015-11-18 15:48:40', '', '', 3, 0, '0000-00-00 00:00:00', '2015-11-18 09:49:46', 0, 0),
(311, 'Shamima Akhter Eti', 'shamima_swe@yahoo.ca', '32414f18f04da755f1286cc9dc3dffed', '', '', 'wtJ4u6OYIuwismcEJvDTeqpbDvlDch', 'active', 'yes', '', 6, 'Shamima Akhter Eti', '', '', 19822695046966513, '1982-02-01', 'Not defined', '', '', 0, 0, 0, '01712181711', 'I AGREE', '2015-11-18 15:57:58', '', '', 7, 0, '0000-00-00 00:00:00', '2015-12-21 23:47:38', 0, 0),
(313, 'Nasima Khan', 'nasimakhan57@gmail.com', 'c60e1e686c262f00f344ff68ee9d230e', '', '', 'NgcpnCaeGlX1ZsM25teAoofROmrlXJ', 'active', 'no', '', 7, 'Nasima Khan', '', '', 19572694262684468, '1957-02-01', 'Not defined', '', '', 0, 0, 0, '0155637980', 'I AGREE', '2015-11-22 04:38:04', '', '', 2, 0, '0000-00-00 00:00:00', '2015-11-22 03:14:48', 0, 0),
(314, 'Mahfuzur Rahman', 'sharifbmb@yahoo.com', '22853499ae99b1f83f0f3437ca0a9cdd', '', '', '1Ybj3HIyYOUDV0IbdkkzlPeUhmhvU2', 'active', 'yes', '', 7, 'Mohammad Mahfuzur Rahman', '', '', 19772690243817814, '1977-07-06', 'Not defined', '', '', 0, 0, 0, '01815007758', 'I AGREE', '2015-11-22 09:20:36', '', '', 2, 0, '0000-00-00 00:00:00', '2016-02-28 22:32:51', 0, 0),
(315, 'Tanzir Ahmed', 'sl_bmb@yahoo.com', 'e922548d05035f052a64f86f90a36ec9', '', '', 'kvXqpJx7fWAL3bdaw5UL0C63uWia39', 'active', 'no', '', 7, 'Tanzir Ahmed Khan', '', '', 19782694809941722, '1978-07-18', 'Not defined', '', '', 0, 0, 0, '01815430186', 'I AGREE', '2015-11-22 09:23:50', '', '', 2, 0, '0000-00-00 00:00:00', '2016-02-28 22:33:15', 0, 0),
(316, 'Jainal Abedin', 'mdjainalabedin1957@gmail.com', '7fe5b6a4d9f732707f2932fd6bedcae7', '', '', 'V4cGK1XUhnlM50MoUeKvxkr0tIin0f', 'active', 'no', '', 7, ' Md.Jainal Abedin', '', '', 19572695047983814, '1957-01-08', 'Not defined', '', '', 0, 0, 0, '01552250071', 'I AGREE', '2015-11-22 10:39:22', '', '', 6, 0, '0000-00-00 00:00:00', '2015-11-22 04:40:45', 0, 0),
(317, 'Afrina Sharmin', 'sharmin_afrina@bcsir.gov.bd', 'a77332a884536ee8af15635eff3d3a94', '', '', '0e77cd5b330c5a70ee7b1d505de70e30c1e95939b42c1737e17d4be6a582dacd', 'active', 'yes', '_MG_4673.JPG', 7, 'Afrina Sharmin', '', '', 19862699038621316, '1986-01-10', 'Not defined', '', '', 0, 0, 0, '01731508916', 'I AGREE', '2015-11-22 10:47:10', '', '', 3, 0, '0000-00-00 00:00:00', '2015-12-22 03:41:13', 0, 0),
(318, 'zeemiubat@gmail.com', 'zeemiubat@gmail.com', '39488e948a92f6c6ccd554d978b9ac2d', '', '', 'LgGSKs1pCiXVqlbLFk9EaSOZYhiXSv', 'active', 'yes', '', 5, 'Zeem', '', '', 27243083987240171, '1988-10-10', 'Not defined', '', '', 0, 0, 0, '01717442794', 'I AGREE', '2015-11-22 12:58:11', '', '', 0, 0, '0000-00-00 00:00:00', '0000-00-00 00:00:00', 0, 0),
(319, 'Mohammad Manik', 'mdhosan1@gmail.com', '', '', '116200146033798198236', '881b35dbf5c30ace57d58b8da66b91f400a6534e', 'inactive', 'yes', 'https://lh3.googleusercontent.com/-XdUIqdMkCWA/AAAAAAAAAAI/AAAAAAAAAAA/4252rscbv5M/photo.jpg', 0, 'Mohammad Manik Hosan', '', '', 0, '0000-00-00', 'Not defined', '', '', 0, 0, 0, '', 'I AGREE', '2015-11-23 07:34:39', '', '', 0, 0, '0000-00-00 00:00:00', '0000-00-00 00:00:00', 0, 0),
(320, 'shafeshuvo@gmail.com', 'shafeshuvo@gmail.com', '58c23790856b586308609b756c4465b0', '', '', 'leRFP5cQub9kUqj2MvaOTQjS5g2EUo', 'active', 'yes', '', 5, 'Md. Mahiuddin Shafe', '', '', 19921911550000269, '1992-01-07', 'Not defined', '', '', 0, 0, 0, '01864810303', 'I AGREE', '2015-11-23 17:32:34', '', '', 0, 0, '0000-00-00 00:00:00', '0000-00-00 00:00:00', 0, 0),
(321, 'Engr', 'kazolduet@gmail.com', '', '', '100475765724269857136', '97483e9e69865176d6def4be5cef16e937f97f19', 'active', 'yes', 'https://lh3.googleusercontent.com/-szspjRCI3d0/AAAAAAAAAAI/AAAAAAAAABA/6bVY_4AyQOE/photo.jpg', 5, 'Engr Asaduzzaman', '', '', 19868819429661295, '1986-01-08', 'Not defined', '', '', 0, 0, 0, '01728773336', 'I AGREE', '2015-11-24 17:45:46', '', '', 0, 0, '0000-00-00 00:00:00', '0000-00-00 00:00:00', 0, 0),
(322, 'abul kalam', 'engbdazad@gmail.com', '', '', '106705869645291658662', '97483e9e69865176d6def4be5cef16e937f97f19', 'active', 'yes', 'https://lh4.googleusercontent.com/-78kpFC0YS0I/AAAAAAAAAAI/AAAAAAAAB9U/OwgD0EzfcAk/photo.jpg', 5, 'abul kalam azad', '', '', 19868819429661295, '1986-01-08', 'Not defined', '', '', 0, 0, 0, '01728773336', 'I AGREE', '2015-11-24 17:52:06', '', '', 0, 0, '0000-00-00 00:00:00', '0000-00-00 00:00:00', 0, 0),
(324, 'liton1012@gmail.com', 'liton1012@gmail.com', '138e51d11b54f534f94aa97bb8931da2', '', '', '5466a3a7b6d2924ee2acb0e12f7ff255dab30c46f03cfa148643f694dc74ac6c', 'active', 'yes', '', 8, 'Test Director', '', '', 11112222333344445, '2015-11-10', 'Not defined', '', '', 0, 0, 0, '43242342', 'I AGREE', '2015-11-25 06:43:55', '', '', 3, 0, '0000-00-00 00:00:00', '2015-11-25 00:47:36', 0, 0),
(325, 'Hasan', 'hasanjoy12345@gmail.com', '', '', '105227922556509468684', '64955ae9700b184e85d0e8924023179c619c5962', 'inactive', 'yes', 'Untitled-1.jpg', 0, 'Hasan Ahamed', '', '', 0, '2015-11-23', 'Not defined', '', '', 0, 0, 0, '01917315887', 'I AGREE', '2015-11-26 17:13:54', '', '', 0, 0, '0000-00-00 00:00:00', '0000-00-00 00:00:00', 0, 0),
(326, 'mkhj', 'riponmia01917@gmail.com', '', '', '', 'fLaDUFVmlK7OEu3A9umgiT8hvBFMLB', 'active', 'no', '', 4, 'mk', '', '', 8765432345675436, '2015-11-23', 'Not defined', '', '', 0, 0, 0, '01917315887', 'I AGREE', '2015-11-26 17:19:30', '', '', 0, 0, '0000-00-00 00:00:00', '0000-00-00 00:00:00', 0, 0),
(327, 'Badhan', 'badhanbcsir@gmail.com', '', '', '110257260686737148320', 'c7561a48690e7ae13e697f28f8953c7da47f64c4', 'inactive', 'yes', 'https://lh5.googleusercontent.com/--rhk6V_hfTY/AAAAAAAAAAI/AAAAAAAAABU/lMNeScS0OQw/photo.jpg', 0, 'Badhan Saha', '', '', 0, '0000-00-00', 'Not defined', '', '', 0, 0, 0, '', 'I AGREE', '2015-11-28 13:34:29', '', '', 0, 0, '0000-00-00 00:00:00', '0000-00-00 00:00:00', 0, 0),
(329, 'Nizam\'s', 'nizamkushtia@gmail.com', '', '', '111753155063862581457', '5a739a6d0ad0131c7829bbbf58c2d22cd0b903d3', 'inactive', 'no', 'https://lh3.googleusercontent.com/-QT27MjmvUqM/AAAAAAAAAAI/AAAAAAAAAus/pngqY8V1g9k/photo.jpg', 0, 'Nizam\'s Creation', '', '', 0, '0000-00-00', 'Not defined', '', '', 0, 0, 0, '', 'I AGREE', '2015-11-30 13:00:23', '', '', 0, 0, '0000-00-00 00:00:00', '0000-00-00 00:00:00', 0, 0),
(330, 'Md.Mahbub', 'milueee@gmail.com', '', '', '117114514520152470373', 'c1c1d24e340a8ed63423c228654b065908cde782', 'inactive', 'no', 'https://lh4.googleusercontent.com/-gxX-dbxtczc/AAAAAAAAAAI/AAAAAAAAAIg/vf_zineFCpU/photo.jpg', 0, 'Md.Mahbub Rahman', '', '', 0, '0000-00-00', 'Not defined', '', '', 0, 0, 0, '', 'I AGREE', '2015-12-01 04:31:06', '', '', 0, 0, '0000-00-00 00:00:00', '0000-00-00 00:00:00', 0, 0),
(331, 'Amlan', 'amlan.sen89@gmail.com', '', '', '107574947012146921641', 'cf6d2e8d75aac97dfe85b8f697eccd7d6946b8b4', 'inactive', 'no', 'https://lh6.googleusercontent.com/-2_tuuUH1TrI/AAAAAAAAAAI/AAAAAAAAAEU/ojTMpm6w2kY/photo.jpg', 0, 'Amlan Sen', '', '', 0, '0000-00-00', 'Not defined', '', '', 0, 0, 0, '', 'I AGREE', '2015-12-01 05:27:28', '', '', 0, 0, '0000-00-00 00:00:00', '0000-00-00 00:00:00', 0, 0),
(332, 'Mohammad', 'ashraf@batworld.com', '', '', '115545510478108912624', '5335ca7aea45772fa740b774e415c6464659fae1', 'active', 'yes', 'https://lh3.googleusercontent.com/-IkG1CsO3cH4/AAAAAAAAAAI/AAAAAAAAAIU/rn2BhmzC048/photo.jpg', 5, 'Mohammad Ashrafuzzaman', '', '', 222222444, '1978-12-01', 'Not defined', '', '', 0, 0, 0, '+8801914029267', 'I AGREE', '2015-12-01 05:40:43', '', '', 0, 0, '0000-00-00 00:00:00', '0000-00-00 00:00:00', 0, 0),
(333, 'Md. Zamilur', 'jewel.haidar@gmail.com', '', '', '100121572523268433327', '5b5fd7f00b51f0269cf3c17b08e1fc5147ee92ca', 'active', 'yes', 'https://lh3.googleusercontent.com/-OuEvRbpDVzQ/AAAAAAAAAAI/AAAAAAAAAGc/XESPOns8Z9k/photo.jpg', 4, 'Md. Zamilur Rahman', '', '', 19788194030287796, '1978-02-10', 'Not defined', '', '', 0, 0, 0, '01913465003', 'I AGREE', '2015-12-01 09:03:05', '', '', 0, 0, '0000-00-00 00:00:00', '0000-00-00 00:00:00', 0, 0),
(334, 'Rakesh', 'rakeshdevcm@gmail.com', '', '', '107228699944883243954', 'ee431528a2005641b9f4d1c868811f6b8bca52f1', 'inactive', 'yes', 'https://lh3.googleusercontent.com/-eMhpLYfUU8A/AAAAAAAAAAI/AAAAAAAAACM/YBiSDKXl_NU/photo.jpg', 0, 'Rakesh Dev', '', '', 0, '0000-00-00', 'Not defined', '', '', 0, 0, 0, '', 'I AGREE', '2015-12-01 14:15:43', '', '', 0, 0, '0000-00-00 00:00:00', '0000-00-00 00:00:00', 0, 0),
(335, 'yeasin', 'yeasinglory2015@gmail.com', '', '', '113601180621608069956', '8c2677a7cedc44eebb73be594bd8f72b6de52aeb', 'inactive', 'no', 'https://lh6.googleusercontent.com/-WbXeSQ9xcMA/AAAAAAAAAAI/AAAAAAAAAAA/z_2UBATmdiU/photo.jpg', 0, 'yeasin 2015', '', '', 0, '0000-00-00', 'Not defined', '', '', 0, 0, 0, '', 'I AGREE', '2015-12-01 17:47:00', '', '', 0, 0, '0000-00-00 00:00:00', '0000-00-00 00:00:00', 0, 0),
(336, 'Orkid', 'fbchittagong@gmail.com', '', '', '114868772073821769455', 'e59f8cb592d1f410376ba8db6f84c136ff1aff50', 'inactive', 'yes', 'https://lh3.googleusercontent.com/-XdUIqdMkCWA/AAAAAAAAAAI/AAAAAAAAAAA/4252rscbv5M/photo.jpg', 0, 'Orkid Flower', '', '', 0, '0000-00-00', 'Not defined', '', '', 0, 0, 0, '', 'I AGREE', '2015-12-02 05:55:37', '', '', 0, 0, '0000-00-00 00:00:00', '0000-00-00 00:00:00', 0, 0),
(337, 'Fusion Multiplying', 'theaterlitu@gmail.com', 'c3d022aa94efe4c90838009513bf5cad', '', '', 'sRDTeRNeiFQSItDFHGcBIDtaCO5Ikm', 'active', 'yes', '', 5, 'Fusion Multiplying ', '', '', 11112000034445698, '1971-12-16', 'Not defined', '', '', 0, 0, 0, '018230700', 'I AGREE', '2015-12-02 06:55:24', '', '', 0, 0, '0000-00-00 00:00:00', '0000-00-00 00:00:00', 0, 0),
(338, 'Liton', 'theaterliton@gmail.com', '6f3fb8e0d39313480326fd1cc0c546e3', '', '113564614459614410305', '2699cd0e5c4eebadd23ef0495d10d19d347bcd65', 'active', 'yes', 'https://lh3.googleusercontent.com/-XdUIqdMkCWA/AAAAAAAAAAI/AAAAAAAAAAA/4252rscbv5M/photo.jpg', 6, 'Liton Kumar', '', '', 222222333, '1981-12-10', 'Not defined', '', '', 0, 0, 0, '21154555', 'I AGREE', '2015-12-02 09:18:32', '', '', 3, 0, '0000-00-00 00:00:00', '2016-01-09 01:52:36', 0, 0),
(339, 'Shimul', 'shimulfebcsir13@gmail.com', '', '', '107081369742920051481', '8ddf312f48263fd300b127a8cc4fb491d077139a', 'inactive', 'yes', 'https://lh3.googleusercontent.com/-XdUIqdMkCWA/AAAAAAAAAAI/AAAAAAAAAAA/4252rscbv5M/photo.jpg', 0, 'Shimul Chakma', '', '', 0, '0000-00-00', 'Not defined', '', '', 0, 0, 0, '', 'I AGREE', '2015-12-02 09:53:11', '', '', 0, 0, '0000-00-00 00:00:00', '0000-00-00 00:00:00', 0, 0),
(340, 'S. M. Zahid', 'pharmacistsmzh.bcsir@gmail.com', '', '', '117454302462168532171', '8d5b530430f84cfad691d49fc2ad469a8faacd9f', 'inactive', 'yes', 'https://lh5.googleusercontent.com/-7jncS9Ewvjk/AAAAAAAAAAI/AAAAAAAAASY/XleONTjybYE/photo.jpg', 0, 'S. M. Zahid Hosen', '', '', 0, '0000-00-00', 'Not defined', '', '', 0, 0, 0, '', 'I AGREE', '2015-12-03 15:56:32', '', '', 0, 0, '0000-00-00 00:00:00', '0000-00-00 00:00:00', 0, 0),
(341, 'Ashraful', 'ashrafulcu021@gmail.com', '', '', '100257707314895798787', 'aca0e9aae3b98afdf2350a94e9bc7b0c1bfc00da', 'inactive', 'yes', 'https://lh3.googleusercontent.com/-XdUIqdMkCWA/AAAAAAAAAAI/AAAAAAAAAAA/4252rscbv5M/photo.jpg', 0, 'Ashraful Kabir', '', '', 0, '0000-00-00', 'Not defined', '', '', 0, 0, 0, '', 'I AGREE', '2015-12-06 05:34:56', '', '', 0, 0, '0000-00-00 00:00:00', '0000-00-00 00:00:00', 0, 0),
(342, 'Abdur', 'arazzaqbcsirlri@gmail.com', '', '', '103669304585565594162', '318762a77f1a34f5d0994ac390a4e88672f53ce7', 'active', 'yes', 'https://lh4.googleusercontent.com/-fC7XSA4tiD0/AAAAAAAAAAI/AAAAAAAAAAA/DR8ixrhb15c/photo.jpg', 4, 'Abdur Razaq', '', '', 116059819114, '1990-01-01', 'Not defined', '', '', 0, 0, 0, '01913535636', 'I AGREE', '2015-12-07 09:34:28', '', '', 0, 0, '0000-00-00 00:00:00', '0000-00-00 00:00:00', 0, 0),
(343, 'Paulita', 'pmbenjie@gmail.com', '', '', '111034069704365624105', '160315af8ce8ba8fee29ef3167e29348623bb981', 'inactive', 'no', 'https://lh3.googleusercontent.com/-XdUIqdMkCWA/AAAAAAAAAAI/AAAAAAAAAAA/4252rscbv5M/photo.jpg', 0, 'Paulita Benjamin', '', '', 0, '0000-00-00', 'Not defined', '', '', 0, 0, 0, '', 'I AGREE', '2015-12-07 15:24:56', '', '', 0, 0, '0000-00-00 00:00:00', '0000-00-00 00:00:00', 0, 0),
(344, 'Samad', 'samadlabaid@gmail.com', '', '', '', 'yz78y51HvUFer19QC5IdOgXa3CfAri', 'active', 'no', '', 5, 'S A Samad', '', '', 1203652896321025, '1950-01-11', 'Not defined', '', '', 0, 0, 0, '5456498454', 'I AGREE', '2015-12-08 07:51:29', '', '', 0, 0, '0000-00-00 00:00:00', '0000-00-00 00:00:00', 0, 0),
(345, 'Nazmul', 'shahin2@batworld.com', 'a3214dd32adbcc66960dcec2803d6226', '', '', 'dfd5512e17271e21cb72b6d1def2f87cd5d440a4284f52f74b1b26070494346b', 'active', 'yes', '', 5, 'Mr. Nazmul', '', '', 1203202301202301, '1967-01-05', 'Not defined', '', '', 0, 0, 0, '015445454564', 'I AGREE', '2015-12-08 08:01:45', '', '', 0, 0, '0000-00-00 00:00:00', '0000-00-00 00:00:00', 0, 0),
(346, 'Hira', 'theaterananta@gmail.com', '804eb2cb2f4d1822fadc77e37c89f1cc', '', '', 'HSjHjcab7W6ayQUTwMeWwM2xWPl151', 'active', 'yes', '', 5, 'Hira Ananta', '', '', 1236523232102326, '1971-11-02', 'Not defined', '', '', 0, 0, 0, '012555656', 'I AGREE', '2015-12-08 10:03:21', '', '', 0, 0, '0000-00-00 00:00:00', '0000-00-00 00:00:00', 0, 0),
(347, 'Monir Hossain', 'monir_1952@yahoo.com', 'cd1aaaa44fc28f729d97a4751d9dc79a', '', '', '79tr8MFhnQcOP9JmUO4XRE3vlp9Oop', 'active', 'yes', '', 5, 'Monir Hossain', '', '', 1202323659874569, '1981-11-07', 'Not defined', '', '', 0, 0, 0, '01716857142', 'I AGREE', '2015-12-09 05:57:46', '', '', 0, 0, '0000-00-00 00:00:00', '0000-00-00 00:00:00', 0, 0),
(348, 'Asadur Rahman', 'asad@vitalac.com.bd', '', '', '', 'ybHSUi3K8i6dEJmPnKbBrjWVdRC9l7', 'active', 'no', '', 5, 'Md Asadur Rahman', '', '', 19812696829717227, '1981-12-01', 'Not defined', '', '', 0, 0, 0, '01755548114', 'I AGREE', '2015-12-09 06:13:50', '', '', 0, 0, '0000-00-00 00:00:00', '0000-00-00 00:00:00', 0, 0),
(349, 'Zaman', 'moonmr65@yahoo.com', 'a62700f35082497277ebccc24478c2f0', '', '', 'UcUXoUmKnFrG2UVmyjDX3Se2a3slOw', 'active', 'yes', '', 5, 'Mr. Nasiruzzaman', '', '', 2589653258745698, '1965-08-15', 'Not defined', '', '', 0, 0, 0, '01711350764', 'I AGREE', '2015-12-09 06:49:38', '', '', 0, 0, '0000-00-00 00:00:00', '0000-00-00 00:00:00', 0, 0),
(350, 'Tanvir Hossen', 'th.ove69@gmail.com', '6bae05106ff0af8aa8a6a0f322ecbbcc', '', '', '6dj2dlw05OTJbDFvzhj6vQ2YmuLvIF', 'active', 'yes', '', 5, 'Tanvir Hossen', '', '', 19915117323000117, '1991-01-01', 'Not defined', '', '', 0, 0, 0, '01929520328', 'I AGREE', '2015-12-09 07:29:15', '', '', 0, 0, '0000-00-00 00:00:00', '0000-00-00 00:00:00', 0, 0),
(351, 'jamil Hossain', 'jamil.fish.bau@gmail.com', 'd1625ab9ed90f868298be8ac7b6fb0f9', '', '', '0K9CLqZ3NbGBpSdovj1xO1rjoX6yi2', 'active', 'yes', '', 5, 'Jamil Hossain', '', '', 10233333222666556, '1985-06-15', 'Not defined', '', '', 0, 0, 0, '01711113026', 'I AGREE', '2015-12-09 08:54:06', '', '', 0, 0, '0000-00-00 00:00:00', '0000-00-00 00:00:00', 0, 0),
(352, 'Sanowar Parvez', 'sanowar.afbl@akij.net', '71a56389e750d2aa005734db5a4a0e75', '', '', 'dt55KZYv2QdYzO9WaqOxqGR12GjIcu', 'active', 'yes', '', 5, 'Md. Sanowar Parvez', '', '', 1232363632362354, '1980-11-02', 'Not defined', '', '', 0, 0, 0, '01755524937', 'I AGREE', '2015-12-09 09:39:48', '', '', 0, 0, '0000-00-00 00:00:00', '0000-00-00 00:00:00', 0, 0),
(353, 'tanver', 'tanveralam1982@gmail.com', '', '', '101059568085820105223', '50ee3a5e24e3bd187c1c400bc62ec0e2f2d30c6e', 'inactive', 'no', 'https://lh3.googleusercontent.com/-XdUIqdMkCWA/AAAAAAAAAAI/AAAAAAAAAAA/4252rscbv5M/photo.jpg', 0, 'tanver alam', '', '', 0, '0000-00-00', 'Not defined', '', '', 0, 0, 0, '', 'I AGREE', '2015-12-10 11:15:27', '', '', 0, 0, '0000-00-00 00:00:00', '0000-00-00 00:00:00', 0, 0),
(354, 'Osman', 'osu.dhk@gmail.com', '', '', '102213359342808139527', 'fa0979cad137bb8f8b463caf4ec1eb15a5a6dc83', 'inactive', 'no', 'https://lh3.googleusercontent.com/-XdUIqdMkCWA/AAAAAAAAAAI/AAAAAAAAAAA/4252rscbv5M/photo.jpg', 0, 'Osman Hossain', '', '', 0, '0000-00-00', 'Not defined', '', '', 0, 0, 0, '', 'I AGREE', '2015-12-10 12:49:02', '', '', 0, 0, '0000-00-00 00:00:00', '0000-00-00 00:00:00', 0, 0),
(355, 'sarwar2065', 'mdsarwar.jahan101@gmail.com', '3e0489ed0d89f29cb9c512d5eab56650', '', '101130371883427839037', 'tYnm1L29yerxLg77zCzj9Yn6KcGyKP', 'active', 'yes', '', 6, 'Md Sarwar Jahan', '', '', 2699501916445, '1965-01-10', 'Not defined', '', '', 0, 0, 0, '01715078023', 'I AGREE', '2015-12-11 17:45:39', '', '', 5, 0, '0000-00-00 00:00:00', '2016-01-25 23:57:50', 0, 0),
(356, 'Galib Hasnain', 'galib.hasnain@gmail.com', 'c0ffe0bc4e18776bbc5acec9964cbc57', '', '', '23f1cdddd56efbdf86deb698e4085acea00533e9d8b9628e0dd57c8843a18174', 'active', 'yes', '', 5, 'Md. Galib Hasnain Tarafder', '', '', 2699040698670, '1987-11-16', 'Not defined', '', '', 0, 0, 0, '01911390675', 'I AGREE', '2015-12-12 06:24:02', '', '', 0, 0, '0000-00-00 00:00:00', '0000-00-00 00:00:00', 0, 0),
(357, 'Md', 'murctg@gmail.com', '', '', '115655943870569786169', '1f40785473e28935052a54715bbf569718770806', 'inactive', 'no', 'https://lh3.googleusercontent.com/-EEOgM37rodI/AAAAAAAAAAI/AAAAAAAAACM/BA1H4VYd6hA/photo.jpg', 0, 'Md Mursalin', '', '', 0, '0000-00-00', 'Not defined', '', '', 0, 0, 0, '', 'I AGREE', '2015-12-14 08:21:23', '', '', 0, 0, '0000-00-00 00:00:00', '0000-00-00 00:00:00', 0, 0),
(358, 'Abdullah', 'abdullah.am@gmail.com', '', '', '103722477462068204746', '682668d387679c4586674c764267063a4be3a357', 'active', 'no', 'https://lh3.googleusercontent.com/-XdUIqdMkCWA/AAAAAAAAAAI/AAAAAAAAAAA/4252rscbv5M/photo.jpg', 0, 'Abdullah Al Mamoon', '', '', 0, '0000-00-00', 'Not defined', '', '', 0, 0, 0, '', 'I AGREE', '2015-12-14 14:28:32', '', '', 0, 0, '0000-00-00 00:00:00', '2016-02-22 23:03:45', 0, 0),
(359, 'Mohammad Didare Alam', 'muhsinju@gmail.com', '', '', '116678837963828631650', 'abadf88bc7f3626b150e9502cc560031cf65716c', 'inactive', 'yes', 'https://lh3.googleusercontent.com/-XdUIqdMkCWA/AAAAAAAAAAI/AAAAAAAAAAA/4252rscbv5M/photo.jpg', 0, 'Mohammad Didare Alam Muhsin', '', '', 0, '0000-00-00', 'Not defined', '', '', 0, 0, 0, '', 'I AGREE', '2015-12-15 09:13:23', '', '', 0, 0, '0000-00-00 00:00:00', '0000-00-00 00:00:00', 0, 0),
(360, 'jahangir', 'md.jahangir3680@gmail.com', '', '', '108066492732216699173', 'beff7dba0be2d7214fcda7d098feff715dba193e', 'inactive', 'yes', 'https://lh3.googleusercontent.com/-WZ0h7_gSZVY/AAAAAAAAAAI/AAAAAAAAAD8/r68e_BrVnSM/photo.jpg', 0, 'jahangir 3680', '', '', 0, '0000-00-00', 'Not defined', '', '', 0, 0, 0, '', 'I AGREE', '2015-12-16 08:44:52', '', '', 0, 0, '0000-00-00 00:00:00', '0000-00-00 00:00:00', 0, 0),
(361, 'Hillul', 'hillul.ahmed@gmail.com', '', '', '104594279839030286236', 'b94feaf8b9d145bf3708236cd04de20475c00c7a', 'inactive', 'yes', 'https://lh5.googleusercontent.com/-uM6BNCgO6y0/AAAAAAAAAAI/AAAAAAAACAE/1gLBVp6nu_8/photo.jpg', 0, 'Hillul Ahmed', '', '', 0, '0000-00-00', 'Not defined', '', '', 0, 0, 0, '', 'I AGREE', '2015-12-17 05:36:31', '', '', 0, 0, '0000-00-00 00:00:00', '0000-00-00 00:00:00', 0, 0),
(362, 'Abdur Rouf', 'roufmd@yahoo.com', '2128f195a3fd2775fad02cb26885d7ca', '', '', 'aa4bfbcb88120594be08fd5133ffc74734eecaa29e03da7f531e59a2582ef944', 'active', 'yes', '', 6, 'Dr. Mohammad Abdur Rouf', '', '', 19582696352212144, '1958-01-11', 'Not defined', '', '', 0, 0, 0, '01556318036', 'I AGREE', '2015-12-20 05:34:35', '', '', 3, 0, '0000-00-00 00:00:00', '2016-02-11 02:15:25', 0, 91),
(363, 'Mashudur Rahaman', 'mashudurbd@gmail.com', '40530a6d325e5427664184d5b90ee91b', '', '', 'zLiewLAgySNb6kIq5y8Jnx8Pfd68sB', 'active', 'yes', '', 6, 'Mashudur Rahaman', '', '', 19792699237574678, '1979-01-01', 'Not defined', '', '', 0, 0, 0, '01819900833', 'I AGREE', '2015-12-20 05:55:12', '', '', 3, 0, '0000-00-00 00:00:00', '2016-02-11 02:19:52', 0, 91),
(364, 'Atik', 'atik.ruet@gmail.com', '', '', '107007690405430097039', '34fd2e4c3462ccbdfc5059399b241bace42a2715', 'active', 'yes', 'https://lh3.googleusercontent.com/-3jziWesn8tk/AAAAAAAAAAI/AAAAAAAAAVw/9nv_FoeStdM/photo.jpg', 5, 'Atik Babu', '', '', 19927311219000364, '1992-12-01', 'Not defined', '', '', 0, 0, 0, '01710727769', 'I AGREE', '2015-12-21 04:50:23', '', '', 0, 0, '0000-00-00 00:00:00', '0000-00-00 00:00:00', 0, 0),
(365, 'Rokon', 'jaglul.pasha@gmail.com', '', '', '110894038447468341585', 'ace7fe8e1da20c28853852e4dc7aadd550aadd05', 'active', 'yes', 'https://lh3.googleusercontent.com/-0AChKHFLqp4/AAAAAAAAAAI/AAAAAAAAADM/nxHKN7ikdYI/photo.jpg', 5, 'Rokon Uddin', '', '', 2665434052806, '1972-06-02', 'Not defined', '', '', 0, 0, 0, '01817293953', 'I AGREE', '2015-12-22 11:08:52', '', '', 0, 0, '0000-00-00 00:00:00', '0000-00-00 00:00:00', 0, 0),
(366, 'Auditi', 'auditiruma@gmail.com', '', '', '116149258742543747485', 'ebd0bb80e42dc97a9a864ffa80b4b28919a56076', 'inactive', 'no', 'https://lh6.googleusercontent.com/-QA6c1XYMcuM/AAAAAAAAAAI/AAAAAAAAABQ/IBGFyf0RC8k/photo.jpg', 0, 'Auditi Sarker', '', '', 0, '0000-00-00', 'Not defined', '', '', 0, 0, 0, '', 'I AGREE', '2015-12-26 09:33:12', '', '', 0, 0, '0000-00-00 00:00:00', '0000-00-00 00:00:00', 0, 0),
(367, 'Md.muzahid', 'mdmuzahid0090@gmail.com', '', '', '116008494981655134025', '1f131d6a5e2ced4e5d21bfcc1a3fd2271b646415', 'inactive', 'yes', 'https://lh5.googleusercontent.com/-fotqDOci31I/AAAAAAAAAAI/AAAAAAAAAM0/Bi92sRBp954/photo.jpg', 0, 'Md.muzahid Mia', '', '', 0, '0000-00-00', 'Not defined', '', '', 0, 0, 0, '', 'I AGREE', '2015-12-27 07:32:02', '', '', 0, 0, '0000-00-00 00:00:00', '0000-00-00 00:00:00', 0, 0),
(368, 'Ministry of Home', 'moha.bdinfo@gmail.com', '', '', '113684323968923806281', '3f00f60b581d1b3202890cbef39cf0e2f6c5b8c7', 'active', 'yes', 'https://lh6.googleusercontent.com/-ttFaO3kOD6s/AAAAAAAAAAI/AAAAAAAAAAA/xIyJUW13WPw/photo.jpg', 5, 'Ministry of Home Affairs', '', '', 19882696402594653, '2016-01-13', 'Not defined', '', '', 0, 0, 0, '01722553251', 'I AGREE', '2016-01-02 05:41:56', '', '', 0, 0, '0000-00-00 00:00:00', '0000-00-00 00:00:00', 0, 0),
(369, 'Jubayed', 'zubayedzihan@gmail.com', '', '', '117010937483463345367', 'd38b63d7850607d3dfa23651498f91ac023e4d5e', 'active', 'yes', 'https://lh3.googleusercontent.com/-T2T8mxuI0M8/AAAAAAAAAAI/AAAAAAAAASw/a0tSLZ15oRM/photo.jpg', 5, 'Jubayed Uddin', '', '', 19922694812000291, '1992-09-13', 'Not defined', '', '', 0, 0, 0, '01918998626', 'I AGREE', '2016-01-05 18:54:42', '', '', 0, 0, '0000-00-00 00:00:00', '0000-00-00 00:00:00', 0, 0),
(370, 'aminul_apece@yahoo.com', 'aminul_apece@yahoo.com', '', '', '', 'fKAe6yLTrxXHmCrVX4XaMeNFEW2ViT', 'active', 'no', '', 5, 'Aminul Islam', '', '', 19876115233501308, '1987-11-10', 'Not defined', '', '', 0, 0, 0, '01721925560', 'I AGREE', '2016-01-07 04:09:19', '', '', 0, 0, '0000-00-00 00:00:00', '0000-00-00 00:00:00', 0, 0),
(371, 'Mushfiqur', 'iam1mahin@gmail.com', '', '', '108693406979777454227', 'ffd94714b9c093b4e7ac21d74e5267618b701fb4', 'inactive', 'no', 'https://lh4.googleusercontent.com/-ivDM-JTS6oU/AAAAAAAAAAI/AAAAAAAAABo/IVecdTQr4_A/photo.jpg', 0, 'Mushfiqur Rahman', '', '', 0, '0000-00-00', 'Not defined', '', '', 0, 0, 0, '', 'I AGREE', '2016-01-07 05:57:23', '', '', 0, 0, '0000-00-00 00:00:00', '0000-00-00 00:00:00', 0, 0),
(372, 'Mr. Hasan', 'mstreding@gmail.com', '5c925f7cb3172d24ef27680672333c56', '', '', 'ujQD2kkjhrQUTxWSB3WBrahTGgDnM9', 'active', 'yes', '', 5, 'Mr. Hasan', '', '', 10202302320120320, '1981-12-10', 'Not defined', '', '', 0, 0, 0, '01755676724', 'I AGREE', '2016-01-09 06:12:59', '', '', 0, 0, '0000-00-00 00:00:00', '0000-00-00 00:00:00', 0, 0),
(373, 'Sagor', 'ariful@batworld.com', '41754a5d69363d8e462a1dc27b414d0c', '', '', 'oQWfhIwxEwFxrmiLXM40gumd4Ho8E6', 'active', 'yes', '', 5, 'Ariful', '', '', 1203652365201235, '1971-01-01', 'Not defined', '', '', 0, 0, 0, '01911102565', 'I AGREE', '2016-01-09 07:26:15', '', '', 0, 0, '0000-00-00 00:00:00', '0000-00-00 00:00:00', 0, 0),
(374, 'Shafiul', 'alamshafiul6543@gmail.com', '', '', '101792468315834414423', '4adb590c187e6bdae69e3f2c10b2b7476239148e', 'inactive', 'yes', 'https://lh3.googleusercontent.com/-kB8eE-UULO8/AAAAAAAAAAI/AAAAAAAAAGY/Bfza3iiU22E/photo.jpg', 0, 'Shafiul Alam', '', '', 0, '0000-00-00', 'Not defined', '', '', 0, 0, 0, '', 'I AGREE', '2016-01-09 11:19:00', '', '', 0, 0, '0000-00-00 00:00:00', '0000-00-00 00:00:00', 0, 0),
(375, 'morshed', 'morshednibir@gmail.com', '', '', '116562911217549721241', 'fc884e71b762b9da9f4a994d2e69377cded5f8de', 'active', 'yes', 'https://lh5.googleusercontent.com/-6ePenixDCaQ/AAAAAAAAAAI/AAAAAAAAADQ/9nUqRqFAJKc/photo.jpg', 4, 'morshed nibir', '', '', 19922693016001233, '1992-08-24', 'Not defined', '', '', 0, 0, 0, '01521334586', 'I AGREE', '2016-01-11 04:03:27', '', '', 0, 0, '0000-00-00 00:00:00', '0000-00-00 00:00:00', 0, 0),
(376, 'hasan shariar', 'hasan_shariar2001@yahoo.com', '962f5dd1186517c617ee87ddc5ecb488', '', '', '9c35141a11c5786d1e5cf3728dd64be4a31b24e22dbfdcdf764ed0716564f7cf', 'active', 'no', '', 5, 'hasan shariar', '', '', 2696402520777, '1986-02-28', 'Not defined', '', '', 0, 0, 0, '01819460524', 'I AGREE', '2016-01-11 05:28:22', '', '', 0, 0, '0000-00-00 00:00:00', '0000-00-00 00:00:00', 0, 0),
(377, 'Manzur Morshed Ahmed', 'bcsir2016@gmail.com', '49246c0b795b6010416c7d352b50881c', '', '', '3yZnONa0fK55MQOfsGxUF6EB8C2mlW', 'active', 'yes', '', 5, 'Manzur Morshed Ahmed', '', '', 10230202015987426, '1971-01-01', 'Not defined', '', '', 0, 0, 0, '01552636715', 'I AGREE', '2016-01-11 06:46:45', '', '', 2, 0, '0000-00-00 00:00:00', '2016-03-24 05:35:20', 0, 91),
(378, 'Asheke Elahi', 'asheke.elahi15@gmail.com', '', '', '109200287333722662717', 'fb4008bb970afef82a6592437d02d4c0f815a1b7', 'inactive', 'no', 'https://lh6.googleusercontent.com/-KnAzWVfGxSo/AAAAAAAAAAI/AAAAAAAABh0/tQ3IJ_I3GdM/photo.jpg', 0, 'Asheke Elahi Almustofa', '', '', 0, '0000-00-00', 'Not defined', '', '', 0, 0, 0, '', 'I AGREE', '2016-01-11 09:47:12', '', '', 0, 0, '0000-00-00 00:00:00', '0000-00-00 00:00:00', 0, 0),
(379, 'Bishal', 'bishaldc935@gmail.com', '', '', '102085236189455231360', '9771a1cfe07ed5f2dbb6127aadab99c2a59938eb', 'inactive', 'yes', 'https://lh3.googleusercontent.com/-XdUIqdMkCWA/AAAAAAAAAAI/AAAAAAAAAAA/4252rscbv5M/photo.jpg', 0, 'Bishal Dc935', '', '', 0, '0000-00-00', 'Not defined', '', '', 0, 0, 0, '', 'I AGREE', '2016-01-11 18:51:36', '', '', 0, 0, '0000-00-00 00:00:00', '0000-00-00 00:00:00', 0, 0),
(380, 'Mohammad Sirajul', 'siraj@batworld.com', '', '', '104585417513108391362', '41e024b36c613ca7738771d0afa5aa7bc9b3777e', 'active', 'yes', 'https://lh4.googleusercontent.com/-X_Z-twdUbz0/AAAAAAAAAAI/AAAAAAAAAAs/JxskpFRbl2Y/photo.jpg', 5, 'Mohammad Sirajul Islam', '', '', 1988123457487414, '1980-01-01', 'Not defined', '', '', 0, 0, 0, '01755676725', 'I AGREE', '2016-01-13 07:29:25', '', '', 0, 0, '0000-00-00 00:00:00', '0000-00-00 00:00:00', 0, 0),
(381, 'Md. Haniful', 'haniful@gmail.com', '', '', '111347214411854398102', '63d7bfbeb0d155896430abedc6e0eddddd198164', 'inactive', 'no', 'https://lh4.googleusercontent.com/-RnPJXbQck2M/AAAAAAAAAAI/AAAAAAAAA78/dvnkBELChms/photo.jpg', 0, 'Md. Haniful Hassan Siddique', '', '', 0, '0000-00-00', 'Not defined', '', '', 0, 0, 0, '', 'I AGREE', '2016-01-13 07:58:45', '', '', 0, 0, '0000-00-00 00:00:00', '0000-00-00 00:00:00', 0, 0),
(382, 'Shaikh', 'shithil.222@gmail.com', '', '', '110239280603177672576', '88b0213992713ea3b65253a362e36ea879df2858', 'inactive', 'yes', 'https://lh3.googleusercontent.com/-XdUIqdMkCWA/AAAAAAAAAAI/AAAAAAAAAAA/4252rscbv5M/photo.jpg', 0, 'Shaikh Shithil', '', '', 0, '0000-00-00', 'Not defined', '', '', 0, 0, 0, '', 'I AGREE', '2016-01-13 12:31:13', '', '', 0, 0, '0000-00-00 00:00:00', '0000-00-00 00:00:00', 0, 0),
(383, 'ahsanul', 'hridoy5240@gmail.com', '', '', '100140515909039644999', '7a348b6020cc2f03ff8dad494b88dfdd13a700e9', 'inactive', 'yes', 'https://lh5.googleusercontent.com/-eFvCY_Ys9vU/AAAAAAAAAAI/AAAAAAAAAGQ/tT_PFTkjwrU/photo.jpg', 0, 'ahsanul kabir', '', '', 0, '0000-00-00', 'Not defined', '', '', 0, 0, 0, '', 'I AGREE', '2016-01-14 22:57:16', '', '', 0, 0, '0000-00-00 00:00:00', '0000-00-00 00:00:00', 0, 0),
(384, 'Adib', 'amziad.bd@gmail.com', '', '', '100121467012902573399', '2d6295270fe7558f2ba15cd0deea5f85ab9344c6', 'inactive', 'yes', 'https://lh3.googleusercontent.com/-0Q0h_ogjPrA/AAAAAAAAAAI/AAAAAAAAAPw/-P5yd9-TLvY/photo.jpg', 0, 'Adib Mahmud (Ziad)', '', '', 0, '0000-00-00', 'Not defined', '', '', 0, 0, 0, '', 'I AGREE', '2016-01-15 20:19:42', '', '', 0, 0, '0000-00-00 00:00:00', '0000-00-00 00:00:00', 0, 0),
(385, 'Min of', 'sakhawat.cse1@gmail.com', '', '', '112742206952565769903', '63d1fc8c8f70da1a2d2c3af4013b98e37bb10893', 'inactive', 'yes', 'https://lh3.googleusercontent.com/-egzyvNygy7c/AAAAAAAAAAI/AAAAAAAAAAo/HwWXV25x2UU/photo.jpg', 0, 'Min of S&T', '', '', 0, '0000-00-00', 'Not defined', '', '', 0, 0, 0, '', 'I AGREE', '2016-01-17 04:55:22', '', '', 0, 0, '0000-00-00 00:00:00', '0000-00-00 00:00:00', 0, 0),
(386, 'Mohammad', 'monirbcsir@gmail.com', '', '', '114800994180589505983', '48a45778831985cce9996cf9b882a788f9276237', 'active', 'yes', 'https://lh6.googleusercontent.com/-klMgCpyB7MM/AAAAAAAAAAI/AAAAAAAAAD8/z_-iu0DseEA/photo.jpg', 4, 'Mohammad Moniruzzaman', '', '', 2695046942473, '1980-01-15', 'Not defined', '', '', 0, 0, 0, '01552407371', 'I AGREE', '2016-01-17 06:39:15', '', '', 0, 0, '0000-00-00 00:00:00', '0000-00-00 00:00:00', 0, 0),
(388, 'Khaleda sss', 'khaleda@ocpl.com.bd', 'aca35834633ae7c836a78f325a1fbe28', '', '', 'cR9wqQd9LsMF4vNlA276MKfg019YYo', 'active', 'yes', '', 5, 'Khaleda', '', '', 1236598569854698, '1981-12-10', 'Not defined', '', '', 0, 0, 0, '01823070092', 'I AGREE', '2016-01-17 10:26:09', '', '', 0, 0, '0000-00-00 00:00:00', '0000-00-00 00:00:00', 0, 0),
(389, 'ARIF', 'arifsiddiqui888@gmail.com', '', '', '115743022901774124644', '77507520f7e325848ceddd72fe6076a828441b92', 'inactive', 'yes', 'https://lh6.googleusercontent.com/-B60ovnd6qF0/AAAAAAAAAAI/AAAAAAAAABE/3gmsN_aR_ro/photo.jpg', 0, 'ARIF SIDDIQUI', '', '', 0, '0000-00-00', 'Not defined', '', '', 0, 0, 0, '', 'I AGREE', '2016-01-17 14:48:08', '', '', 0, 0, '0000-00-00 00:00:00', '0000-00-00 00:00:00', 0, 0),
(391, 'Shamim Ahmed', 'shamimchem@yahoo.com', 'fff1f2127570b9b44d7486b206786d68', '', '', 'w20gl5OZwwAk8DuS7KJzjAMilMyXZO', 'active', 'yes', '', 7, 'Shamim Ahmed', '', '', 19802695045911149, '1980-06-12', 'Not defined', '', '', 0, 0, 0, '01199031005', 'I AGREE', '2016-01-19 08:00:22', '', '', 8, 0, '0000-00-00 00:00:00', '2016-01-19 02:05:36', 0, 0),
(392, 'abdullah_ronnie@yahoo.com', 'abdullah_ronnie@yahoo.com', '9c424e6afb0bc86a129fe31a91d6ed52', '', '', '3a47392490568f83268c8a9dcf2eef0c7d86e45eceaa1f24723196dc5ecd534a', 'active', 'no', '', 5, 'Md. Abdullah Bhuiyan', '', '', 2691659112683, '1970-05-01', 'Not defined', '', '', 0, 0, 0, '01674294780', 'I AGREE', '2016-01-19 10:48:45', '', '', 0, 0, '0000-00-00 00:00:00', '0000-00-00 00:00:00', 0, 0),
(393, 'PRAN-PAL-PDD-M-Mahabur', 'pdd11@prangroup.com', '1caa2d74ed5f6f41ea13e5b754ea49b3', '', '', 'klkBd0YEXWOdNZcHTiADfaRdetlWmo', 'active', 'yes', '', 5, 'Md.Mahabur Rahman', '', '', 8127214180021, '1986-08-18', 'Not defined', '', '', 0, 0, 0, '+8801924608229', 'I AGREE', '2016-01-20 05:01:55', '', '', 0, 0, '0000-00-00 00:00:00', '0000-00-00 00:00:00', 0, 0),
(394, 'Ahmed Shamim', 'shamiminars@bcsir.gov.bd', 'efc488332e4e9f8c12a32bcad9b40682', '', '', 'nmhlTzjIBlJFkmENMpVFhjbHgnnIMM', 'active', 'yes', '', 6, 'Ahmed Shamim', '', '', 19782695045911149, '1978-10-01', 'Not defined', '', '', 0, 0, 0, '01959906726', 'I AGREE', '2016-01-20 10:30:08', '', '', 8, 0, '0000-00-00 00:00:00', '2016-01-20 04:42:58', 0, 0);
INSERT INTO `members` (`member_id`, `member_username`, `member_email`, `member_password`, `member_social_type`, `member_social_id`, `member_hash`, `member_status`, `member_verification`, `member_pic`, `member_type`, `member_first_name`, `member_middle_name`, `member_last_name`, `member_nid`, `member_DOB`, `member_gender`, `member_aboutme`, `member_street_address`, `member_country`, `member_city`, `member_zip`, `member_phone`, `member_agree_tc`, `member_first_login`, `member_language`, `institute_name`, `lab_id`, `security_profile_id`, `created_at`, `updated_at`, `is_locked`, `updated_by`) VALUES
(396, 'Mr. Murad', 'murad@batworld.com', 'e7a5f653c663836dbfd3b7e2bf08c4a0', '', '', 'dqOqwURGZxBs8dcm6hHUqJ64P0ZDvO', 'active', 'yes', '', 5, 'Mr. Murad', '', '', 0, '1981-12-10', 'Not defined', '', '', 0, 0, 0, '01712058088', 'I AGREE', '2016-01-23 04:56:59', '', '', 0, 0, '0000-00-00 00:00:00', '0000-00-00 00:00:00', 0, 0),
(399, 'Asia Distilleries Pvt. Ltd', 'adplbd@gmail.com', '7b58d6f73e43be4a160436505190d7eb', '', '', '3mKUq3lRdF5FFYc5SaQLDDs0A4HRJC', 'active', 'yes', '', 5, 'Asia Distilleries Pvt. Ltd', '', '', 9419452371557, '1983-11-03', 'Not defined', '', '', 0, 0, 0, '01714058967', 'I AGREE', '2016-01-26 05:31:16', '', '', 0, 0, '0000-00-00 00:00:00', '0000-00-00 00:00:00', 0, 0),
(400, 'Samiur', 'samiursh059@gmail.com', '', '', '116979792246960545057', '934032f4c14943c7363492352778a5107ae9892f', 'inactive', 'yes', 'https://lh6.googleusercontent.com/-MFUI6x7r-Qk/AAAAAAAAAAI/AAAAAAAAABc/zqUwY3ZQ_9U/photo.jpg', 0, 'Samiur Rahman', '', '', 0, '0000-00-00', 'Not defined', '', '', 0, 0, 0, '', 'I AGREE', '2016-01-26 07:59:51', '', '', 0, 0, '0000-00-00 00:00:00', '0000-00-00 00:00:00', 0, 0),
(401, 'Iqbal', 'iqbal.toka@gmail.com', '', '', '100190162843245396009', '9baf9487570ef70680b9b7b365e28d2778d69ec4', 'inactive', 'no', 'https://lh3.googleusercontent.com/-XdUIqdMkCWA/AAAAAAAAAAI/AAAAAAAAAAA/4252rscbv5M/photo.jpg', 0, 'Iqbal Ahmed', '', '', 0, '0000-00-00', 'Not defined', '', '', 0, 0, 0, '', 'I AGREE', '2016-01-26 09:00:46', '', '', 0, 0, '0000-00-00 00:00:00', '0000-00-00 00:00:00', 0, 0),
(402, 'Abu Sayed', 'abu.sayed.bspi@gmail.com', '', '', '112462130726770740595', '0931851e07466670e69a40db478514fbf400b13c', 'inactive', 'yes', 'https://lh3.googleusercontent.com/--RDmzRJ19mo/AAAAAAAAAAI/AAAAAAAAAWw/bSDtXjEujRQ/photo.jpg', 0, 'Abu Sayed Abid', '', '', 0, '0000-00-00', 'Not defined', '', '', 0, 0, 0, '', 'I AGREE', '2016-01-26 09:44:20', '', '', 0, 0, '0000-00-00 00:00:00', '0000-00-00 00:00:00', 0, 0),
(403, 'Md. Maruf Chowdhury', 'mdmaruf@daffodilvarsity.edu.bd', '7c474d19b277fccd7b35e86cb51e344f', '', '', '61b22030434f5732688711ee7a349d54f22742c53fa3a082a9041f4190445074', 'active', 'yes', '', 4, 'Md. Maruf Chowdhury', '', '', 2698877381906, '1982-09-05', 'Not defined', '', '', 0, 0, 0, '01847027527', 'I AGREE', '2016-01-27 11:22:56', '', '', 0, 0, '0000-00-00 00:00:00', '0000-00-00 00:00:00', 0, 0),
(404, 'ABDULLAH AL MAMUN', 'dohalia@yahoo.com', '7155e465e8da654c8a910afb42d35fa6', '', '', '3huSsy5rNW8yjIUvWe31j023MUffSE', 'active', 'yes', 'Mamun BUP.jpg', 5, 'ABDULLAH AL MAMUN', '', '', 19978917077102261, '1997-04-10', 'Not defined', '', '', 0, 0, 0, '01949950934', 'I AGREE', '2016-01-27 15:56:19', '', '', 0, 0, '0000-00-00 00:00:00', '0000-00-00 00:00:00', 0, 0),
(405, 'Daffodil International University', 'maruf007ch@gmail.com', '8c29ed462f524bd169dee6c1fdf82efd', '', '', 'ISrN2XFvYk0AnWKHqw4xIuAjY8BL1z', 'active', 'yes', '', 5, 'Daffodil International University', '', '', 0, '1983-09-05', 'Not defined', '', '', 0, 0, 0, '01713493011', 'I AGREE', '2016-01-28 12:46:17', '', '', 0, 0, '0000-00-00 00:00:00', '0000-00-00 00:00:00', 0, 0),
(406, 'Mohammad Shah Jamal', 'shahjamal@bcsir.gov.bd', '', '', '', 'msdwm4yWH5LEha5YLh0w0COckqehAd', 'active', 'no', '', 4, 'Mohammad Shah Jamal', '', '', 0, '1979-01-01', 'Not defined', '', '', 0, 0, 0, '+8801534670567', 'I AGREE', '2016-01-29 13:47:39', '', '', 0, 0, '0000-00-00 00:00:00', '0000-00-00 00:00:00', 0, 0),
(407, 'litonocpl', 'khaleda@queue-pro.com', '33e7cfcd9dba0484a2d14c997ee9b1e5', '', '', 'QzN2J0E0RSvzIGiyxAQGSUB7lIevZE', 'active', 'yes', '', 5, 'litonocpl', '', '', 0, '1993-01-07', 'Not defined', '', '', 0, 0, 0, '01823070092', 'I AGREE', '2016-01-30 04:12:47', '', '', 0, 0, '0000-00-00 00:00:00', '0000-00-00 00:00:00', 0, 0),
(408, 'Nasrin', 'nasrinakhter.ilet29@gmail.com', '', '', '112849228541395045032', '829c247a04186cfdd22666137f848fe33ee9382f', 'inactive', 'yes', 'https://lh4.googleusercontent.com/-XergzZ108Ac/AAAAAAAAAAI/AAAAAAAAABo/gw7L7Ga_E20/photo.jpg', 0, 'Nasrin Akhter', '', '', 0, '0000-00-00', 'Not defined', '', '', 0, 0, 0, '', 'I AGREE', '2016-01-30 11:42:14', '', '', 0, 0, '0000-00-00 00:00:00', '0000-00-00 00:00:00', 0, 0),
(409, 'Md. Shafiqul Islam', 'bcsirestt_1@yahoo.com', '6be849e2ac7887371a65e70ad662a9a4', '', '', 'PYvpOfwT4Z40Bo2gDC1NkEWHq3ymEK', 'active', 'yes', '', 5, 'Md. Shafiqul Islam', '', '', 2693717221458, '1970-12-31', 'Not defined', '', '', 0, 0, 0, '01912575088', 'I AGREE', '2016-01-31 03:46:24', '', '', 0, 0, '0000-00-00 00:00:00', '0000-00-00 00:00:00', 0, 0),
(410, 'Dr. Md. Hosain Sohrab', 'mhsohrab69@gmail.com', 'f594a3510b775c4c4ed5d99606140366', '', '', 'Im3ZTbvERgEW5hYcBMs5hPsTerEnnV', 'active', 'yes', '', 5, 'Dr. Md. Hosain Sohrab', '', '', 0, '1969-12-01', 'Not defined', '', '', 0, 0, 0, '01720121525', 'I AGREE', '2016-01-31 04:16:43', '', '', 0, 0, '0000-00-00 00:00:00', '0000-00-00 00:00:00', 0, 0),
(411, 'Bidyut', 'bkpaul23@gmail.com', '', '', '117538461868531773839', '0207d429e10d5132986c41cd41942d9b08b6a78a', 'inactive', 'yes', 'https://lh6.googleusercontent.com/-RUBFYBVUB3s/AAAAAAAAAAI/AAAAAAAAABM/XN7q8k2s0HQ/photo.jpg', 0, 'Bidyut Paul', '', '', 0, '0000-00-00', 'Not defined', '', '', 0, 0, 0, '', 'I AGREE', '2016-01-31 06:41:05', '', '', 0, 0, '0000-00-00 00:00:00', '0000-00-00 00:00:00', 0, 0),
(412, ' Kabir Alamgir', 'kabirnfs@gmail.com', '98217c6c881b817b10b4ab6da6b61eac', '', '106888601241643543816', '5Y15fJLhNptyrCcpCLOCEMOfl0suXS', 'active', 'yes', '', 7, ' Kabir Alamgir', '', '', 19781593701479858, '1978-07-18', 'Not defined', '', '', 0, 0, 0, '01710759558', 'I AGREE', '2016-01-31 07:00:29', '', '', 2, 0, '0000-00-00 00:00:00', '2016-01-31 01:03:57', 0, 91),
(413, 'Mr. Moktar Hossain', 'hossainmoktar35@yahoo.com', 'e92b33f7eb6508de1ec6c9f6b3aff53c', '', '', 'jmUrVIX5mOgnpHdCYCNUYreXQEZqyS', 'active', 'yes', '', 5, 'Mr. Moktar Hossain', '', '', 0, '1972-01-11', 'Not defined', '', '', 0, 0, 0, '01813084175', 'I AGREE', '2016-01-31 07:19:58', '', '', 0, 0, '0000-00-00 00:00:00', '0000-00-00 00:00:00', 0, 0),
(414, 'Md. Nazim Uddin', 'nazim@premierlubricant.com', 'a508623a91d7600ca0833bbcac88ccc5', '', '', 'SAeknvviRoPRYjhZNt059vjHw99ciT', 'active', 'yes', '', 5, 'Md. Nazim Uddin', '', '', 0, '1971-05-20', 'Not defined', '', '', 0, 0, 0, '01765100221', 'I AGREE', '2016-01-31 07:59:29', '', '', 0, 0, '0000-00-00 00:00:00', '0000-00-00 00:00:00', 0, 0),
(415, 'Md. Obaydul Haque', 'century.audit@gmail.com', 'ea5b676611de9bf3efca004a00478a07', '', '', 'uid1wLeAHvNKNN4a27AUPxgF3AN3Ww', 'active', 'yes', '', 5, 'Md. Obaydul Haque', '', '', 0, '1984-03-10', 'Not defined', '', '', 0, 0, 0, '01755635218', 'I AGREE', '2016-01-31 08:49:18', '', '', 0, 0, '0000-00-00 00:00:00', '0000-00-00 00:00:00', 0, 0),
(416, 'sefat', 'sefatuli@gmail.com', '4c0b15194b06f0e7e75c8789265fdbd3', '', '', '318ac07d505b1e44505fe300ac8019227a6f9a314c487a63b6131c098f172156', 'active', 'yes', '', 4, 'sefat', '', '', 11021315648974157, '1990-01-01', 'Not defined', '', '', 0, 0, 0, '01722225555', 'I AGREE', '2016-01-31 09:09:04', '', '', 0, 0, '0000-00-00 00:00:00', '0000-00-00 00:00:00', 0, 0),
(417, 'Mohammad Aminul Islam', 'genesisasiapower07@yahoo.com', '', '', '', 'gakKIgzStKfjwcbrqrij6lc8q2xZYb', 'active', 'no', '', 5, 'Mohammad Aminul Islam', '', '', 19802696827821643, '1980-01-01', 'Not defined', '', '', 0, 0, 0, '01971394490', 'I AGREE', '2016-01-31 10:11:28', '', '', 0, 0, '0000-00-00 00:00:00', '0000-00-00 00:00:00', 0, 0),
(418, 'Md. Ridwanul Hasan', 'hasanridwan885@gmail.com', 'c083a2433da65ed9101af75e25f48507', '', '', 'GyhVVFHaZHCwek1pXafoNqwvdFn9Tz', 'active', 'yes', '', 5, 'Md. Ridwanul Hasan', '', '', 0, '1988-11-02', 'Not defined', '', '', 0, 0, 0, '01853605537', 'I AGREE', '2016-01-31 10:28:59', '', '', 0, 0, '0000-00-00 00:00:00', '0000-00-00 00:00:00', 0, 0),
(419, 'Nowroze', 'nowroze.ahmed@summit-centre.com', '', '', '102309744053491409406', 'c832bab25a7a8f95aa6a45a8bf2abe5240e83dcc', 'inactive', 'yes', 'https://lh6.googleusercontent.com/-VOFUy-YG9B4/AAAAAAAAAAI/AAAAAAAAABY/zz-wLT-2IX4/photo.jpg', 0, 'Nowroze Ahmed', '', '', 0, '0000-00-00', 'Not defined', '', '', 0, 0, 0, '', 'I AGREE', '2016-01-31 11:06:31', '', '', 0, 0, '0000-00-00 00:00:00', '0000-00-00 00:00:00', 0, 0),
(420, 'Dr. Mohammad Nazim Zaman', 'nazim_geology@yahoo.com', 'cba683d012e9d52966485e742a848fd9', '', '', 'GG89FuwVmtP6uujJLCSk6koFQwRBri', 'active', 'yes', '', 4, 'Dr. Mohammad Nazim Zaman', '', '', 19713824703113595, '1971-03-01', 'Not defined', '', '', 0, 0, 0, '01711400899', 'I AGREE', '2016-02-01 04:43:17', '', '', 0, 0, '0000-00-00 00:00:00', '0000-00-00 00:00:00', 0, 0),
(421, 'satyajit', 'satyajit.psrd@gmail.com', '', '', '112003976501778338584', '640d17c20c0a0023f943902d9f4799a67d0ea7a6', 'inactive', 'no', 'https://lh6.googleusercontent.com/-EvYIES0gb5Q/AAAAAAAAAAI/AAAAAAAAABs/4272IZ8zMUo/photo.jpg', 0, 'satyajit roy', '', '', 0, '0000-00-00', 'Not defined', '', '', 0, 0, 0, '', 'I AGREE', '2016-02-02 09:16:53', '', '', 0, 0, '0000-00-00 00:00:00', '0000-00-00 00:00:00', 0, 0),
(422, 'Muhaiminul', 'muhaimin1471@gmail.com', '', '', '112459563023598077722', '651374e9f81f94d12a3cc2085d6504503b2f6183', 'inactive', 'no', 'https://lh3.googleusercontent.com/-nxROpJzH0us/AAAAAAAAAAI/AAAAAAAAAG0/1mrOHWTKU_8/photo.jpg', 0, 'Muhaiminul Islam', '', '', 0, '0000-00-00', 'Not defined', '', '', 0, 0, 0, '', 'I AGREE', '2016-02-03 00:13:13', '', '', 0, 0, '0000-00-00 00:00:00', '0000-00-00 00:00:00', 0, 0),
(423, 'Md. Jahidul Islam', 'jahidkhanpstu@gmail.com', 'f3f6a2c2613e5c432fa8388f37785942', '', '', 'bDM4Rh7PMMSHzdxw15Pg3yAPRD9S2G', 'active', 'yes', '', 5, 'Md. Jahidul Islam', '', '', 0, '1991-06-15', 'Not defined', '', '', 0, 0, 0, '01733831757', 'I AGREE', '2016-02-03 04:48:20', '', '', 0, 0, '0000-00-00 00:00:00', '0000-00-00 00:00:00', 0, 0),
(424, 'Md. Ahedul Akbor', 'akborbcsir@gmail.com', '6a37accbb9c93686ce9ef9953d322167', '', '', 'bmG5n78G9OR8WaKRG6mpxQzaZDZFiC', 'active', 'yes', '', 7, 'Md. Ahedul Akbor', '', '', 19782694812070864, '1978-01-01', 'Not defined', '', '', 0, 0, 0, '01816188859', 'I AGREE', '2016-02-03 05:39:01', '', '', 8, 0, '0000-00-00 00:00:00', '2016-02-02 23:46:36', 0, 0),
(425, 'Mohammad Sajjad Hossain', 'fatema.constructions@outlook.com', '483322f160b93aec5eee6a659d91f9b6', '', '', '1705e37acdbf31987595221b9cd957c2a7c97a7abeca502d47c6b954654bd547', 'active', 'yes', '', 5, 'Mohammad Sajjad Hossain', '', '', 0, '1980-03-03', 'Not defined', '', '', 0, 0, 0, '+8801711507190', 'I AGREE', '2016-02-03 06:03:24', '', '', 0, 0, '0000-00-00 00:00:00', '0000-00-00 00:00:00', 0, 0),
(426, 'Jakir Khan Liton', 'mstpharma.jkliton@gmail.com', '655c8ae806d789b5a02c145b0cd2f1d1', '', '', 'gLi8hzZAvwBf1RsjQFSphKqDGvRkKb', 'active', 'yes', '', 5, 'Jakir Khan Liton', '', '', 0, '1974-01-08', 'Not defined', '', '', 0, 0, 0, '01841381627', 'I AGREE', '2016-02-03 06:16:57', '', '', 0, 0, '0000-00-00 00:00:00', '0000-00-00 00:00:00', 0, 0),
(427, 'Jannatun Nayeem Rumee', 'jnrumee@gmail.com', '5975904cc081c80bc4c97cbbf8cf82a0', '', '', 'bLzeCg7Rolj9RUr8tKvk5J3hzEwhx9', 'active', 'yes', '1 (2).jpg', 7, 'Jannatun Nayeem Rumee', '', '', 19882691651201530, '1988-12-22', 'Not defined', '', '', 0, 0, 0, '01670663889', 'I AGREE', '2016-02-03 06:34:03', '', '', 5, 0, '0000-00-00 00:00:00', '2016-02-03 00:36:26', 0, 0),
(428, 'Mohammad Hossain', 'hossainsajjad@live.com', 'ead9ce96f7eaeb98151859e3d72f9ae2', '', '', '5BAihKUA9HgqLhZwBTMKdK4OW0i38M', 'active', 'yes', '', 5, 'Mohammad Hossain', '', '', 0, '1980-03-03', 'Not defined', '', '', 0, 0, 0, '+8801711507190', 'I AGREE', '2016-02-03 07:25:30', '', '', 0, 0, '0000-00-00 00:00:00', '0000-00-00 00:00:00', 0, 0),
(429, 'mainul', 'mainul.mait@gmail.com', '', '', '102717051737102371010', '7d0eb6c6339ffab46529e1d7957d0dd228765b59', 'inactive', 'no', 'https://lh4.googleusercontent.com/-3Q4KLFRsAvs/AAAAAAAAAAI/AAAAAAAAAA0/7HsCoCSOyNU/photo.jpg', 0, 'mainul haque', '', '', 0, '0000-00-00', 'Not defined', '', '', 0, 0, 0, '', 'I AGREE', '2016-02-03 11:26:17', '', '', 0, 0, '0000-00-00 00:00:00', '0000-00-00 00:00:00', 0, 0),
(430, 'Abu Nesar Md. Quyyum', 'quyyum@ngglgroup.com', 'd9f0382793374f1cdbcb4602480be708', '', '', 'Bvh4zWRiTg7RDxFUhzMYQ9UZ8MlsaM', 'active', 'yes', '', 5, 'Abu Nesar Md. Quyyum', '', '', 19722694811005235, '1972-08-31', 'Not defined', '', '', 0, 0, 0, '01755534696', 'I AGREE', '2016-02-04 05:03:47', '', '', 0, 0, '0000-00-00 00:00:00', '0000-00-00 00:00:00', 0, 0),
(431, 'Md. Abu Hasan', 'hasanchdu@gmail.com', '60a86c4fc9e1486b8dc2d3ca05428023', '', '', 'dbe11ae839d7afe033b39fe13bdaa2177a666c794bd049423bcd5cf0f9c2fb28', 'active', 'yes', '', 7, 'Md. Abu Hasan', '', '', 19852694810994641, '1985-08-10', 'Not defined', '', '', 0, 0, 0, '01682846106', 'I AGREE', '2016-02-04 06:55:35', '', '', 7, 0, '0000-00-00 00:00:00', '2016-03-29 00:28:16', 0, 0),
(432, 'Abul Kalam Azad', 'akazad111@hotmail.com', 'da8ec84049fd724a5f5822ea21e49484', '', '', '9pFQBoesV23NaPicwYIv35QdU4CMoW', 'active', 'yes', '', 5, 'Abul Kalam Azad', '', '', 19625525709000001, '1962-11-01', 'Not defined', '', '', 0, 0, 0, '01709635812', 'I AGREE', '2016-02-04 09:47:00', '', '', 0, 0, '0000-00-00 00:00:00', '0000-00-00 00:00:00', 0, 0),
(433, 'Engr. Sadia Mohsin', 'sadia@qtexsolutionsbd.com', '6981bb8cd446ce83864a757ab547b1e6', '', '', '259cca62822b7a63e3507bc59a2f84f0a721dc4569be1def00cd37a9809c3c41', 'active', 'yes', '', 5, 'Engr. Sadia Mohsin', '', '', 0, '1990-02-05', 'Not defined', '', '', 0, 0, 0, '01959902954', 'I AGREE', '2016-02-04 09:56:33', '', '', 0, 0, '0000-00-00 00:00:00', '0000-00-00 00:00:00', 0, 0),
(434, 'Asma', 'qtexasma@gmail.com', '', '', '106901092588015261324', 'fe881e751dfe0bd1b3e2101eba90ecfdeed1fc43', 'inactive', 'no', 'https://lh3.googleusercontent.com/-XdUIqdMkCWA/AAAAAAAAAAI/AAAAAAAAAAA/4252rscbv5M/photo.jpg', 0, 'Asma Jannath', '', '', 0, '0000-00-00', 'Not defined', '', '', 0, 0, 0, '', 'I AGREE', '2016-02-04 10:57:48', '', '', 0, 0, '0000-00-00 00:00:00', '0000-00-00 00:00:00', 0, 0),
(435, 'Md Masroor Abedin', 'masroor166@gmail.com', '3014659b8bcd1f1653add023e679bc70', '', '', 'PgLdhlSNGcW07ytz0LFKIZ4zqomAwo', 'active', 'yes', '', 5, 'Md Masroor Abedin', '', '', 0, '1986-06-28', 'Not defined', '', '', 0, 0, 0, '01938700397', 'I AGREE', '2016-02-06 03:51:42', '', '', 0, 0, '0000-00-00 00:00:00', '0000-00-00 00:00:00', 0, 0),
(436, 'Sa\'ad', 'saad.abdarrafie@gmail.com', '', '', '111837713980405522653', '35b5f124280fc3378859be73cac09effb7a400e4', 'active', 'yes', 'https://lh5.googleusercontent.com/-nYfvDh4OavI/AAAAAAAAAAI/AAAAAAAAC-w/sI1JtjmDIq0/photo.jpg', 5, 'Sa\'ad Abd Ar Rafie', '', '', 19932690230000104, '1993-12-12', 'Not defined', '', '', 0, 0, 0, '01741405548', 'I AGREE', '2016-02-07 05:32:56', '', '', 0, 0, '0000-00-00 00:00:00', '0000-00-00 00:00:00', 0, 0),
(437, 'Monir', 'mzamancep@gmail.com', '', '', '113250451855204061779', 'c331dd5ea4931ff43c3c7e983b5fe688785fb409', 'active', 'yes', 'https://lh3.googleusercontent.com/-XdUIqdMkCWA/AAAAAAAAAAI/AAAAAAAAAAA/4252rscbv5M/photo.jpg', 4, 'Monir Zaman', '', '', 9196208195863, '1986-07-01', 'Not defined', '', '', 0, 0, 0, '01718562292', 'I AGREE', '2016-02-07 08:27:16', '', '', 0, 0, '0000-00-00 00:00:00', '0000-00-00 00:00:00', 0, 0),
(438, 'Abdur Rahman', 'ar_tusher@yahoo.com', 'cc5408ae6ebba2285c0511945e53f9d8', '', '', '4ohoabBnTgWSfIE5t4nYwOM9mE5p0M', 'active', 'yes', '', 5, 'Abdur Rahman', '', '', 0, '1991-12-31', 'Not defined', '', '', 0, 0, 0, '01966639965', 'I AGREE', '2016-02-07 09:35:26', '', '', 0, 0, '0000-00-00 00:00:00', '0000-00-00 00:00:00', 0, 0),
(439, 'Munira', 'muniraeva37@gmail.com', '80d2ae744cd6f991d684c022c5298791', '', '117169058446927199937', 'odUV6DjZEjHDoQJha2QMsSvpTKBblR', 'active', 'yes', '', 5, 'Munira', '', '', 0, '1987-07-04', 'Not defined', '', '', 0, 0, 0, '01722430790', 'I AGREE', '2016-02-07 10:02:02', '', '', 0, 0, '0000-00-00 00:00:00', '0000-00-00 00:00:00', 0, 0),
(440, 'Bashir Ahmed', 'bahmed73@hotmail.com', '8b7ff3e616256b07e81848836a237e2f', '', '', 'Hw5OA3lLJT2kjaDF0S1dQIUaCa8wzl', 'active', 'yes', '', 5, 'Bashir Ahmed', '', '', 5826503450574, '1973-02-03', 'Not defined', '', '', 0, 0, 0, '+8801712103311', 'I AGREE', '2016-02-09 11:56:12', '', '', 0, 0, '0000-00-00 00:00:00', '0000-00-00 00:00:00', 0, 0),
(441, 'Sharif Oheduzzaman', 'uzzal_sharif@yahoo.com', 'b08b70343fbf5931e73092dd04db8a8d', '', '', '8noPQrpV6cSpFpNZlr67Q0WZxY5ikh', 'active', 'yes', '', 5, 'Sharif Oheduzzaman', '', '', 19828613635879199, '1982-12-31', 'Not defined', '', '', 0, 0, 0, '01918516347', 'I AGREE', '2016-02-10 03:39:04', '', '', 0, 0, '0000-00-00 00:00:00', '0000-00-00 00:00:00', 0, 0),
(442, 'Jayad Fayzan', 'jayadfayzan@gmail.com', '879e45ef1856a6c58bda96d773f08bee', '', '', 'oeLxCDI4X7ptCtiw7C1Fb1rk8OtfsM', 'active', 'yes', '', 5, 'Jayad Fayzan', '', '', 0, '1970-12-16', 'Not defined', '', '', 0, 0, 0, '01716899090', 'I AGREE', '2016-02-10 05:31:14', '', '', 0, 0, '0000-00-00 00:00:00', '0000-00-00 00:00:00', 0, 0),
(443, 'Tasfia Mohsin', 'tasfiamohsin2011@gmail.com', '', '', '', 'z16esosnkg5LMHDqrHWxz44wtqkaLg', 'active', 'no', '', 5, 'Tasfia Mohsin', '', '', 0, '2011-02-08', 'Not defined', '', '', 0, 0, 0, '01673988896', 'I AGREE', '2016-02-10 06:04:20', '', '', 0, 0, '0000-00-00 00:00:00', '0000-00-00 00:00:00', 0, 0),
(444, ' Mohsin Tasfia', 'tasfiamohsin@gmail.com', '7db5073d6f5ffa7a6e1fbba5b1cb8df2', '', '', 'mEpPD6ZkmH2dn2rxwIQUlxQxzx0UM5', 'active', 'yes', '', 5, ' Mohsin Tasfia', '', '', 0, '2011-02-08', 'Not defined', '', '', 0, 0, 0, '01673988896', 'I AGREE', '2016-02-10 06:16:40', '', '', 0, 0, '0000-00-00 00:00:00', '0000-00-00 00:00:00', 0, 0),
(445, 'Mahfuza Khanam', 'dir.ifrd@gmail.com', 'f2954feec86a258e22485d160ce9594c', '', '', 'Wp9IBUCX4Osa3tbACklQm8LSw8YF1j', 'active', 'yes', '', 8, 'Mahfuza Khanam', '', '', 1202020202032012, '1955-08-05', 'Not defined', '', '', 0, 0, 0, '01757122087', 'I AGREE', '2016-02-11 08:31:01', '', '', 3, 0, '0000-00-00 00:00:00', '2016-02-11 02:34:56', 0, 91),
(446, 'Muhammad Shahriar Bashar', 'bashar@agni.com', 'a984797bb5a46aca8fd11b734062c6d1', '', '', 'bUhQAoJp8ih0Z2UFvCvls24dZAzO6O', 'active', 'yes', 'SB SQ.jpg', 6, 'Muhammad Shahriar Bashar', '', '', 19782696828803190, '1978-08-21', 'Not defined', '', '', 0, 0, 0, '01552332588', 'I AGREE', '2016-02-11 08:59:14', '', '', 3, 0, '0000-00-00 00:00:00', '2016-02-11 03:02:07', 0, 0),
(447, 'INTERTEK BANGLADESH LIMITED', 'kazi.hassan@intertek.com', 'a1d3b30b1a0842a6651dabdc382edae0', '', '', 'rft0lbRr1bKpVRQ00M9uR7KPPdWBnT', 'active', 'yes', '', 5, 'INTERTEK BANGLADESH LIMITED', '', '', 0, '2016-12-15', 'Not defined', '', '', 0, 0, 0, '8801711636578', 'I AGREE', '2016-02-14 06:58:13', '', '', 0, 0, '0000-00-00 00:00:00', '0000-00-00 00:00:00', 0, 0),
(448, 'anike', 'rfjurfju@gmail.com', '', '', '113699855044270179385', '7e09671c72c10ba89ea9f4d1fd741df917dd5f6a', 'inactive', 'no', 'https://lh3.googleusercontent.com/-XdUIqdMkCWA/AAAAAAAAAAI/AAAAAAAAAAA/4252rscbv5M/photo.jpg', 0, 'anike abu', '', '', 0, '0000-00-00', 'Not defined', '', '', 0, 0, 0, '', 'I AGREE', '2016-02-14 07:09:04', '', '', 0, 0, '0000-00-00 00:00:00', '0000-00-00 00:00:00', 0, 0),
(450, 'Mrs Sayeda', 'sayedakhatun1957@gmail.com', '', '', '104584070584334691171', '03d5237dd01ae0482ed68157fcd034187a504382', 'inactive', 'yes', 'https://lh3.googleusercontent.com/-XdUIqdMkCWA/AAAAAAAAAAI/AAAAAAAAAAA/4252rscbv5M/photo.jpg', 0, 'Mrs Sayeda Khatun', '', '', 0, '0000-00-00', 'Not defined', '', '', 0, 0, 0, '', 'I AGREE', '2016-02-15 05:41:32', '', '', 0, 0, '0000-00-00 00:00:00', '0000-00-00 00:00:00', 0, 0),
(451, 'Md. Abdulla-Al-Masum', 'palashlpe89@gmail.com', '', '', '108333157206191199024', 'eb8543f8c4dd962fdc977b6d5307cb32ddd6822d', 'inactive', 'no', 'https://lh3.googleusercontent.com/-XdUIqdMkCWA/AAAAAAAAAAI/AAAAAAAAAAA/4252rscbv5M/photo.jpg', 0, 'Md. Abdulla-Al-Masum Palash', '', '', 0, '0000-00-00', 'Not defined', '', '', 0, 0, 0, '', 'I AGREE', '2016-02-15 07:32:04', '', '', 0, 0, '0000-00-00 00:00:00', '0000-00-00 00:00:00', 0, 0),
(452, 'dorkarnai', 'dorkarnia@yahoo.com', '', '', '', 'IZoKfHhYPRAhOlhzng7yzcy5PdbtWT', 'active', 'no', '', 5, 'dorkarnai', '', '', 0, '1978-01-01', 'Not defined', '', '', 0, 0, 0, '01811492644', 'I AGREE', '2016-02-15 07:51:14', '', '', 0, 0, '0000-00-00 00:00:00', '0000-00-00 00:00:00', 0, 0),
(453, 'dorkar', 'dorkarnai@yahoo.com', '298053d74ac417eaf5056991d4632046', '', '', '03faa988024646e0cd03a6e39f908cf28b2bcbe2b8a693a909a6e5acd778a40c', 'active', 'yes', '', 5, 'dorkar', '', '', 0, '1978-01-01', 'Not defined', '', '', 0, 0, 0, '01811492644', 'I AGREE', '2016-02-15 07:55:57', '', '', 0, 0, '0000-00-00 00:00:00', '0000-00-00 00:00:00', 0, 0),
(454, 'Md. Shahrear', 'shahrear.aqc@gmail.com', '', '', '117335885027251367503', '81c22b64bb5fdafc0598bbf0a393d4d06c3290d2', 'inactive', 'no', 'https://lh3.googleusercontent.com/-XdUIqdMkCWA/AAAAAAAAAAI/AAAAAAAAAAA/4252rscbv5M/photo.jpg', 0, 'Md. Shahrear Alam', '', '', 0, '0000-00-00', 'Not defined', '', '', 0, 0, 0, '', 'I AGREE', '2016-02-15 09:33:49', '', '', 0, 0, '0000-00-00 00:00:00', '0000-00-00 00:00:00', 0, 0),
(455, 'Newton', 'newtonmoulick@gmail.com', '', '', '100433897660354803655', 'f8e2a89d24094fb9117f416d5330498d2c87abf3', 'inactive', 'yes', 'https://lh3.googleusercontent.com/-XdUIqdMkCWA/AAAAAAAAAAI/AAAAAAAAAAA/4252rscbv5M/photo.jpg', 0, 'Newton Moulick', '', '', 0, '0000-00-00', 'Not defined', '', '', 0, 0, 0, '', 'I AGREE', '2016-02-15 10:22:36', '', '', 0, 0, '0000-00-00 00:00:00', '0000-00-00 00:00:00', 0, 0),
(456, 'Muktadir Hossain', 'zeesan777@gmail.com', '4568e649e23461cab571f1dfc22f44ee', '', '', 'gtqmP1wBjAkkqkcRbDXhuneRxqQuBT', 'active', 'yes', '', 5, 'Muktadir Hossain', '', '', 19851926713089983, '1985-01-01', 'Not defined', '', '', 0, 0, 0, '01711175184', 'I AGREE', '2016-02-15 22:29:05', '', '', 0, 0, '0000-00-00 00:00:00', '0000-00-00 00:00:00', 0, 0),
(457, 'Md. Rafiqul Islam', 'rubel.belchow@gmail.com', '3bfa3b1704b868e892a1ff7b730d1170', '', '', '173930e6aad034661a202bb36069e051a8f69dff198dd8289495530231f2e93e', 'active', 'yes', '18425475f2r0t.jpg', 5, 'Md. Rafiqul Islam', '', '', 19821314918534408, '1982-01-03', 'Not defined', '', '', 0, 0, 0, '01818971788', 'I AGREE', '2016-02-16 05:43:01', '', '', 0, 0, '0000-00-00 00:00:00', '0000-00-00 00:00:00', 0, 0),
(458, 'Syed Alamgir Hossain', 'sahossain80@gmail.com', '8ed2f5dc800940091677e8ae19240468', '', '', 'by4LLc3SCCcyA2F8uKgzektsmxeM7V', 'active', 'yes', '', 5, 'Syed Alamgir Hossain', '', '', 0, '1972-04-10', 'Not defined', '', '', 0, 0, 0, '01716774620', 'I AGREE', '2016-02-16 06:08:19', '', '', 0, 0, '0000-00-00 00:00:00', '0000-00-00 00:00:00', 0, 0),
(459, 'Nurul Islam Lablu', 'lablusarkar83@gmail.com', '7e0d190db55961fe779de3aef8252be6', '', '', '05e3de8ae8671ecbfdbc9787e066c448d47fca5c2a84ecdfb1403a57636cf6a6', 'active', 'yes', '', 5, 'Nurul Islam Lablu', '', '', 0, '1983-02-05', 'Not defined', '', '', 0, 0, 0, '01755514720', 'I AGREE', '2016-02-16 06:27:02', '', '', 0, 0, '0000-00-00 00:00:00', '0000-00-00 00:00:00', 0, 0),
(460, 'Md. Abu Sufian Jewel', 'abusufianjewel@sajeebgroup.com.bd', '69c63ee3f177bbd09c9e0d97893fa9a6', '', '', 'qZLx0cdSwgclQYLKU95TDwMec78ZjR', 'active', 'yes', '', 5, 'Md. Abu Sufian Jewel', '', '', 0, '1976-12-31', 'Not defined', '', '', 0, 0, 0, '01955530007', 'I AGREE', '2016-02-16 07:02:08', '', '', 0, 0, '0000-00-00 00:00:00', '0000-00-00 00:00:00', 0, 0),
(461, 'Md. Mohsin Ali', 'oilmillpubali@gmail.com', '', '', '', 'QoL6gYDMRaBQBZBz1v9GqmyOyqYScP', 'active', 'no', '', 5, 'Md. Mohsin Ali', '', '', 0, '1955-09-21', 'Not defined', '', '', 0, 0, 0, '01711387962', 'I AGREE', '2016-02-16 07:42:48', '', '', 0, 0, '0000-00-00 00:00:00', '0000-00-00 00:00:00', 0, 0),
(462, 'Pubali', 'oillmillpubali@gmail.com', '', '', '106593325662784833923', 'f9ac9411eb081fd271c2d3b818714fdc4f1fcacf', 'active', 'yes', 'https://lh4.googleusercontent.com/--Un2AJAK1yQ/AAAAAAAAAAI/AAAAAAAAABw/10g-eazlm8k/photo.jpg', 5, 'Pubali Oill mill', '', '', 0, '1955-10-21', 'Not defined', '', '', 0, 0, 0, '01711387962', 'I AGREE', '2016-02-16 09:35:34', '', '', 0, 0, '0000-00-00 00:00:00', '0000-00-00 00:00:00', 0, 0),
(463, 'Mohsin Ali', 'Wahidabir786@gmail.com', '', '', '', '91939c1fe4dae86f1d63464dd09cff4c5bf489be4f75a2c862d4e7eb2711c67d', 'active', 'no', '', 5, 'Mohsin Ali', '', '', 7625504133859, '1955-10-21', 'Not defined', '', '', 0, 0, 0, '01711387962', 'I AGREE', '2016-02-16 09:47:54', '', '', 0, 0, '0000-00-00 00:00:00', '0000-00-00 00:00:00', 0, 0),
(464, 'asc', 'ascbcsir@gmail.com', '', '', '108787524809953294532', '020f3957548178fff02fb890b7971cb1d6cc64ff', 'inactive', 'no', 'https://lh3.googleusercontent.com/-XdUIqdMkCWA/AAAAAAAAAAI/AAAAAAAAAAA/4252rscbv5M/photo.jpg', 0, 'asc bcsir', '', '', 0, '0000-00-00', 'Not defined', '', '', 0, 0, 0, '', 'I AGREE', '2016-02-16 09:51:34', '', '', 0, 0, '0000-00-00 00:00:00', '0000-00-00 00:00:00', 0, 0),
(465, 'Nasiruddin Biplob', 'biplob.massengers@gmail.com', '856d5f3f7fb40fdbc7f6ba92fb4233bc', '', '', 'RQJDD3h8psmLnCMq6DarpLS4kMuZIN', 'active', 'yes', 'logo.jpg', 5, 'Nasir Uddin Biplob', '', '', 0, '1987-07-15', 'Not defined', '', '', 0, 0, 0, '01744971012', 'I AGREE', '2016-02-16 10:04:40', '', '', 0, 0, '0000-00-00 00:00:00', '0000-00-00 00:00:00', 0, 0),
(466, 'Mohsin ', 'Oilmilpubali@gmail.com', '', '', '', '3XaT2zg9Hi5RvYhdLWR0JyVX9Z3nbF', 'active', 'no', '', 4, 'Mohsin ', '', '', 7625504133859, '1955-10-21', 'Not defined', '', '', 0, 0, 0, '01711387962', 'I AGREE', '2016-02-16 10:05:37', '', '', 0, 0, '0000-00-00 00:00:00', '0000-00-00 00:00:00', 0, 0),
(467, 'The Aristocrat Group,', 'aristocratcommercial2@gmail.com', '', '', '108382805739146204750', '9f107e3ab071133d180ef6b86863d6551f2389ab', 'inactive', 'yes', 'https://lh3.googleusercontent.com/-XdUIqdMkCWA/AAAAAAAAAAI/AAAAAAAAAAA/4252rscbv5M/photo.jpg', 0, 'The Aristocrat Group, Commercial', '', '', 0, '0000-00-00', 'Not defined', '', '', 0, 0, 0, '', 'I AGREE', '2016-02-17 07:09:10', '', '', 0, 0, '0000-00-00 00:00:00', '0000-00-00 00:00:00', 0, 0),
(468, 'IGCRT', 'igcrt12345@gmail.com', '', '', '112949244165709921059', 'f652e719d8099f26f0934235d379c7da47f11309', 'inactive', 'no', 'https://lh3.googleusercontent.com/-XdUIqdMkCWA/AAAAAAAAAAI/AAAAAAAAAAA/4252rscbv5M/photo.jpg', 0, 'IGCRT BCSIR', '', '', 0, '0000-00-00', 'Not defined', '', '', 0, 0, 0, '', 'I AGREE', '2016-02-18 04:51:37', '', '', 0, 0, '0000-00-00 00:00:00', '0000-00-00 00:00:00', 0, 0),
(469, 'Sabrina Mostofa annie', 'sabrinabcsir@gmail.com', '', '', '', 'CU2egmXX8cVnIyeFcP0DMG1cy3F06p', 'active', 'no', '', 5, 'Sabrina Mostofa annie', '', '', 0, '2016-02-10', 'Not defined', '', '', 0, 0, 0, '01712637115', 'I AGREE', '2016-02-18 10:21:02', '', '', 0, 0, '0000-00-00 00:00:00', '0000-00-00 00:00:00', 0, 0),
(470, 'Mizanu Rahman', 'mrnybabu@gmail.com', '3ec725de6e0cda3aa466e4b514869db3', '', '', 'KvRCItSuz7fromovYCXaNxFwvqAgxT', 'active', 'yes', '', 5, 'Mizanu Rahman', '', '', 0, '1962-02-20', 'Not defined', '', '', 0, 0, 0, '01713008312', 'I AGREE', '2016-02-22 05:25:03', '', '', 0, 0, '0000-00-00 00:00:00', '0000-00-00 00:00:00', 0, 0),
(471, 'Md. Saifur Rahman', 'saif@flogtl.com', '495cbd3c1a33d0fd3fe1e5fd7848fc2c', '', '', 'yH5Ay5Umrk2eEEEasHVPvKFCvIPpOE', 'active', 'yes', '', 5, 'Md. Saifur Rahman', '', '', 0, '1982-08-17', 'Not defined', '', '', 0, 0, 0, '01711984196', 'I AGREE', '2016-02-22 06:05:28', '', '', 0, 0, '0000-00-00 00:00:00', '0000-00-00 00:00:00', 0, 0),
(472, 'Syeed', 'srijonafroj@gmail.com', '', '', '113668746485014440023', '368db029119b6cf3027b313415571bca459b75f2', 'active', 'yes', 'https://lh6.googleusercontent.com/-muJwDfSZYG8/AAAAAAAAAAI/AAAAAAAAABs/llUgxJhQdMI/photo.jpg', 5, 'Md. Abu Syeed Sarker', '', '', 19892693717161132, '1989-02-12', 'Not defined', '', '', 0, 0, 0, '01715618953', 'I AGREE', '2016-02-22 06:33:00', '', '', 0, 0, '0000-00-00 00:00:00', '0000-00-00 00:00:00', 0, 0),
(473, 'Ahammadul', 'ahammadul.kabir@gmail.com', '', '', '109993083744438930609', '12f8b921c4ba9ff3eb56f154393b9d63d77c38b4', 'active', 'yes', 'https://lh5.googleusercontent.com/-bizMUzOL3N4/AAAAAAAAAAI/AAAAAAAAAE4/E7aK1DPElSY/photo.jpg', 5, 'Ahammadul Kabir', '', '', 0, '1968-03-01', 'Not defined', '', '', 0, 0, 0, '01711074775', 'I AGREE', '2016-02-22 06:52:14', '', '', 0, 0, '0000-00-00 00:00:00', '0000-00-00 00:00:00', 0, 0),
(474, 'LAILA ARIFUN NAHAR', 'laila.ahmed0481@hotmail.com', 'daba29fbc34d8051e86b782d47aa7cdb', '', '', '5bBULJNTokSthaOUuAYgfUbVzCL7yL', 'active', 'yes', '', 5, 'LAILA ARIFUN NAHAR', '', '', 0, '1980-01-02', 'Not defined', '', '', 0, 0, 0, '01613554233', 'I AGREE', '2016-02-23 03:59:18', '', '', 0, 0, '0000-00-00 00:00:00', '0000-00-00 00:00:00', 0, 0),
(476, 'Md. Tarick Aziz', 'tarickaziz700@gmail.com', 'dc19441c411c14106d77e927f429e9dc', '', '', 'q9hdw2fRh86eXjvdNLey8ppkXkHUiY', 'active', 'yes', '', 5, 'Md. Tarick Aziz', '', '', 0, '1975-03-06', 'Not defined', '', '', 0, 0, 0, '01912989394', 'I AGREE', '2016-02-23 05:14:26', '', '', 0, 0, '0000-00-00 00:00:00', '0000-00-00 00:00:00', 0, 0),
(477, 'Tawfique', 'mdtawfique@gmail.com', '', '', '114510656216127590379', '9be1a6ad52e4eae75c92de52b6e582c3d9d67418', 'active', 'yes', 'https://lh6.googleusercontent.com/-W7hxRFhT6NQ/AAAAAAAAAAI/AAAAAAAAADw/XPLl7e6qy18/photo.jpg', 5, 'Tawfique Islam', '', '', 1317656053532, '2016-12-02', 'Not defined', '', '', 0, 0, 0, '01856444999', 'I AGREE', '2016-02-23 05:22:30', '', '', 0, 0, '0000-00-00 00:00:00', '0000-00-00 00:00:00', 0, 0),
(478, 'Suman Mohajan', 'suman.mohajan@gmail.com', '8effa89a98df186339611b2cd0452575', '', '105734288382196709761', 'ycp4Bb2zMAkiqvIO6irDfNqAYB7LwQ', 'active', 'yes', '', 7, 'Suman Mohajan', '', '', 0, '1982-12-30', 'Not defined', '', '', 0, 0, 0, '01815544807', 'I AGREE', '2016-02-23 06:37:19', '', '', 2, 0, '0000-00-00 00:00:00', '2016-02-23 00:38:29', 0, 0),
(479, 'Belal', 'behobu@gmail.com', '', '', '110431348808208742582', 'ecde03e31e8f8922e1836a94279c9a4eb982eb24', 'inactive', 'yes', 'https://lh4.googleusercontent.com/-gsN-AsF8ZEc/AAAAAAAAAAI/AAAAAAAAABY/sjFe_MKNQqI/photo.jpg', 0, 'Belal Hossain', '', '', 0, '0000-00-00', 'Not defined', '', '', 0, 0, 0, '', 'I AGREE', '2016-02-23 09:46:12', '', '', 0, 0, '0000-00-00 00:00:00', '0000-00-00 00:00:00', 0, 0),
(480, 'Afroz Hossain', 'afroz.arefin@rsplgroup.com', '', '', '115738946054962189893', '8d9a74603c85c6b84a1daca846367d7bd9f53234', 'inactive', 'no', 'https://lh3.googleusercontent.com/-XdUIqdMkCWA/AAAAAAAAAAI/AAAAAAAAAAA/4252rscbv5M/photo.jpg', 0, 'Afroz Hossain Arefin', '', '', 0, '0000-00-00', 'Not defined', '', '', 0, 0, 0, '', 'I AGREE', '2016-02-23 09:53:56', '', '', 0, 0, '0000-00-00 00:00:00', '0000-00-00 00:00:00', 0, 0),
(481, 'Yeasmin Sultana', 'genesisasianpower07@yahoo.com', '5b0cee6b5ecfb86be0889e128b97fc44', '', '', '654573902cbaa128a9a66612997251b082f76e1a841e85abbbcf88fa2f49625a', 'active', 'yes', '', 5, 'Yeasmin Sultana', '', '', 0, '1993-12-23', 'Not defined', '', '', 0, 0, 0, '01772695159', 'I AGREE', '2016-02-23 10:42:20', '', '', 0, 0, '0000-00-00 00:00:00', '0000-00-00 00:00:00', 0, 0),
(482, 'Md.Anamul Haque Pramanik', 'anamgm04@yahoo.com', '43a94e3a9b61d97e58f9e34f92ff4187', '', '', '0ubIZlrhy4ZdbWKObhABcsqPSsMEKu', 'active', 'yes', '', 5, 'Md.Anamul Haque Pramanik', '', '', 0, '1981-10-15', 'Not defined', '', '', 0, 0, 0, '01716270842', 'I AGREE', '2016-02-24 03:53:32', '', '', 0, 0, '0000-00-00 00:00:00', '0000-00-00 00:00:00', 0, 0),
(484, 'Anamul', 'anamul.hero@gmail.com', '', '', '112283851254615631223', 'ad67f1761a402ea988cf85268c12f2f6ca626ecf', 'inactive', 'yes', 'https://lh3.googleusercontent.com/-XdUIqdMkCWA/AAAAAAAAAAI/AAAAAAAAAAA/4252rscbv5M/photo.jpg', 0, 'Anamul hasan', '', '', 0, '0000-00-00', 'Not defined', '', '', 0, 0, 0, '', 'I AGREE', '2016-02-24 06:05:27', '', '', 0, 0, '0000-00-00 00:00:00', '0000-00-00 00:00:00', 0, 0),
(485, 'meenabazar', 'anamul.hasan@meenabazar.com.bd', '', '', '', '3f7ff9648d439e7ca8e1c4d3daeb5c776a1461a84a698bee27fbfe7eec4d51f8', 'active', 'no', '', 5, 'meenabazar', '', '', 3218286427601, '1979-01-01', 'Not defined', '', '', 0, 0, 0, '01716810509', 'I AGREE', '2016-02-24 06:32:56', '', '', 0, 0, '0000-00-00 00:00:00', '0000-00-00 00:00:00', 0, 0),
(486, 'Gweebarra Bakery Industry Limited', 'hafiz@coopersbakery.com', '7d33fa7d132168087e4ae05ef1d965ad', '', '', '396GcHaeAHDsltPTgnPatTT3TYvWWe', 'active', 'yes', '', 5, 'Gweebarra Bakery Industry Limited', '', '', 0, '2007-06-14', 'Not defined', '', '', 0, 0, 0, '01730009501', 'I AGREE', '2016-02-24 10:13:05', '', '', 0, 0, '0000-00-00 00:00:00', '0000-00-00 00:00:00', 0, 0),
(487, 'Ajoy Kanti Mondal', 'ajoymondal325@gmail.com', '637fb9cc797e2e4e4311f288c5343322', '', '', 'QUFxX9jaeo51DboRIwuvjII0Fta1n6', 'active', 'yes', '', 7, 'Ajoy Kanti Mondal', '', '', 19868710417873789, '1986-06-25', 'Not defined', '', '', 0, 0, 0, '01913454936', 'I AGREE', '2016-02-25 06:04:58', '', '', 3, 0, '0000-00-00 00:00:00', '2016-02-25 00:06:21', 0, 0),
(488, 'bd', 'zakir.hossain@honda.com.bd', '', '', '114083531034625644167', '6815d5cec6ba24c178c65240a50b229c4d406810', 'inactive', 'yes', 'https://lh3.googleusercontent.com/-XdUIqdMkCWA/AAAAAAAAAAI/AAAAAAAAAAA/4252rscbv5M/photo.jpg', 0, 'bd zakir', '', '', 0, '0000-00-00', 'Not defined', '', '', 0, 0, 0, '', 'I AGREE', '2016-02-25 07:42:44', '', '', 0, 0, '0000-00-00 00:00:00', '0000-00-00 00:00:00', 0, 0),
(489, 'Al-amin', 'stcalamin@gmail.com', '', '', '115129228291039633681', 'e33c8128348ca42e3c251a9b0b452730f082a544', 'active', 'yes', 'IMG_5285879550415.jpeg', 5, 'Al-amin Sarker', '', '', 2696653261636, '1986-01-01', 'Not defined', '', '', 0, 0, 0, '01749392174', 'I AGREE', '2016-02-28 03:04:59', '', '', 0, 0, '0000-00-00 00:00:00', '0000-00-00 00:00:00', 0, 0),
(490, 'Kazi Farms Group', 'toufiqul@kazifarms.com', '', '', '', 'OhEzvZdDkP2lM1oG8KAn6YTuATHcww', 'active', 'no', '', 5, 'Kazi Farms Group', '', '', 0, '1983-11-01', 'Not defined', '', '', 0, 0, 0, '01713239139', 'I AGREE', '2016-02-28 05:13:23', '', '', 0, 0, '0000-00-00 00:00:00', '0000-00-00 00:00:00', 0, 0),
(491, 'Md. Bokhtiar Kamal', 'bokhtiar@epylliongroup.com', '391cca8034b5837d6821d2a6a12c6bce', '', '', 'QatQAeY3gHYlIbdZ64TZGazpGFMsUt', 'active', 'yes', '', 5, 'Md. Bokhtiar Kamal', '', '', 0, '1981-02-24', 'Not defined', '', '', 0, 0, 0, '08801713423588', 'I AGREE', '2016-02-28 10:17:12', '', '', 0, 0, '0000-00-00 00:00:00', '0000-00-00 00:00:00', 0, 0),
(492, 'Dr. Zahurul Haque', 'babyfoodincharge@gmail.com', 'd3ebc03b073986dff52cf18c4b68fc18', '', '', 'kc2ZMmVDSqk86yuK9vbjI8u9w51Y6s', 'active', 'yes', '', 6, 'Dr. Zahurul Haque', '', '', 0, '1955-06-30', 'Not defined', '', '', 0, 0, 0, '+8801712255056', 'I AGREE', '2016-02-29 04:03:57', '', '', 2, 0, '0000-00-00 00:00:00', '2016-02-28 22:06:35', 0, 0),
(493, 'Abu Tareq Mohammad Abdullah', 'animalfoodmps@gmail.com', '5e487d11061ab321b0b4dd80058123b5', '', '', 'TYdeYLAvYBM1hyBIkto8o7RazEzgqr', 'active', 'yes', '', 6, 'Abu Tareq Mohammad Abdullah', '', '', 0, '1980-01-15', 'Not defined', '', '', 0, 0, 0, '01552407371', 'I AGREE', '2016-02-29 04:25:29', '', '', 2, 0, '0000-00-00 00:00:00', '2016-02-28 22:26:59', 0, 0),
(494, 'Abu Tareq Md. Abdullah', 'tareq_dubd@yahoo.com', 'ce629cd77bd3eb613cbfb430dd2b9a2d', '', '', '1gKupsDf1P6gDqWNjV0Rq45xz8VH6l', 'active', 'yes', '', 7, 'Abu Tareq Md. Abdullah', '', '', 0, '1980-01-15', 'Not defined', '', '', 0, 0, 0, '+8801552407371', 'I AGREE', '2016-02-29 04:36:45', '', '', 2, 0, '0000-00-00 00:00:00', '2016-02-28 22:38:21', 0, 0),
(495, 'hasan hasan', 'testapplicantbcsir@gmail.com', '706c060cd9ed55f5074489181170226f', '', '', 'GwS9gbvFglOyKvXaBhihy9IWDTO5zY', 'active', 'yes', '', 5, 'hasan hasan', '', '', 0, '1986-01-01', 'Not defined', '', '', 0, 0, 0, '01819460524', 'I AGREE', '2016-02-29 06:03:04', '', '', 0, 0, '0000-00-00 00:00:00', '0000-00-00 00:00:00', 0, 0),
(496, 'Phanindra Kumar', 'phanindrakumarm@bluestarindia.com', 'c584f01686f6af31df1e4b2c68a7b9b5', '', '', 'A3B3HZLRMHPX9KZaZnXK1oTAYxnE6X', 'active', 'yes', '', 5, 'Phanindra Kumar', '', '', 0, '1985-05-01', 'Not defined', '', '', 0, 0, 0, '9500097930', 'I AGREE', '2016-02-29 06:46:36', '', '', 0, 0, '0000-00-00 00:00:00', '0000-00-00 00:00:00', 0, 0),
(497, 'tutul', 'tutulenam@gmail.com', '', '', '109875514394237700745', '43159db8d1acd1c30c41eaefd569edce370acb6f', 'inactive', 'yes', 'https://lh3.googleusercontent.com/-XdUIqdMkCWA/AAAAAAAAAAI/AAAAAAAAAAA/4252rscbv5M/photo.jpg', 0, 'tutul enam', '', '', 0, '0000-00-00', 'Not defined', '', '', 0, 0, 0, '', 'I AGREE', '2016-03-01 15:10:12', '', '', 0, 0, '0000-00-00 00:00:00', '0000-00-00 00:00:00', 0, 0),
(498, 'Yousuf', '113yousuf.bau@gmail.com', '', '', '113738166423986758563', 'd6c0436d17791014f9febff86a27d39fff2de4d1', 'inactive', 'yes', 'https://lh5.googleusercontent.com/-sMvK9UK2yo4/AAAAAAAAAAI/AAAAAAAAABw/AIuVsuRPRqQ/photo.jpg', 0, 'Yousuf Md', '', '', 0, '0000-00-00', 'Not defined', '', '', 0, 0, 0, '', 'I AGREE', '2016-03-02 04:29:56', '', '', 0, 0, '0000-00-00 00:00:00', '0000-00-00 00:00:00', 0, 0),
(499, 'Md. Yousuf', 'yousuf@venturegrp.net', '067b8214d45e710204a690863864b6df', '', '', 'hx6CyqH7ou9wx64D2DfUy9EXZeIYhm', 'active', 'yes', '', 5, 'Md. Yousuf', '', '', 0, '1973-06-01', 'Not defined', '', '', 0, 0, 0, '01713244121', 'I AGREE', '2016-03-02 05:34:41', '', '', 0, 0, '0000-00-00 00:00:00', '0000-00-00 00:00:00', 0, 0),
(500, 'Md. Julfiker Haider', 'md.julfikerhaider@gmail.com', 'a3def80a209378a42dea9a07a9b02fda', '', '106477811966589240895', '9CcxpL4vRPdMUuXNsO2bvrDVISRXnK', 'active', 'yes', '', 5, 'Md. Julfiker Haider', '', '', 19906410342000111, '1990-06-12', 'Not defined', '', '', 0, 0, 0, '01740975147', 'I AGREE', '2016-03-02 06:54:25', '', '', 0, 0, '0000-00-00 00:00:00', '0000-00-00 00:00:00', 0, 0),
(501, 'Abdur', 'chilil118@gmail.com', '', '', '118098867989198448712', '76632dd45831e2d351fd9cc33388806cba61dc4c', 'inactive', 'yes', 'https://lh3.googleusercontent.com/-XdUIqdMkCWA/AAAAAAAAAAI/AAAAAAAAAAA/4252rscbv5M/photo.jpg', 0, 'Abdur Rahman', '', '', 0, '0000-00-00', 'Not defined', '', '', 0, 0, 0, '', 'I AGREE', '2016-03-02 09:33:27', '', '', 0, 0, '0000-00-00 00:00:00', '0000-00-00 00:00:00', 0, 0),
(502, 'Mashiur Rahman', 'sales@progressivechemical.com', '77570c7870e5e409a0ed9273051287d8', '', '', '4539b4e9250d6801fe9ab7db0dd3a708c9a3315509677ce19e2813592b58e261', 'active', 'yes', 'IMG_1911.JPG', 5, 'Mashiur Rahman', '', '', 0, '1974-02-19', 'Not defined', '', '', 0, 0, 0, '01671445555', 'I AGREE', '2016-03-02 10:32:54', '', '', 0, 0, '0000-00-00 00:00:00', '0000-00-00 00:00:00', 0, 0),
(503, 'roni', 'roniatnnews@gmail.com', '', '', '111841869835256624367', 'ffe6bd578ab2081405f3511bbadd10361a4c68c6', 'inactive', 'yes', 'https://lh5.googleusercontent.com/-CemwPMXebc4/AAAAAAAAAAI/AAAAAAAAACI/he_rGJt97jg/photo.jpg', 0, 'roni atnnews', '', '', 0, '0000-00-00', 'Not defined', '', '', 0, 0, 0, '', 'I AGREE', '2016-03-03 04:28:45', '', '', 0, 0, '0000-00-00 00:00:00', '0000-00-00 00:00:00', 0, 0),
(504, 'Biomedical & Toxicological', 'btrl5071@gmail.com', '', '', '100700902710599295259', 'b71d029c2cef5c5480efe15dc670d76d130472e7', 'inactive', 'no', 'https://lh3.googleusercontent.com/-XdUIqdMkCWA/AAAAAAAAAAI/AAAAAAAAAAA/4252rscbv5M/photo.jpg', 0, 'Biomedical & Toxicological Research Laboratory', '', '', 0, '0000-00-00', 'Not defined', '', '', 0, 0, 0, '', 'I AGREE', '2016-03-03 06:49:06', '', '', 0, 0, '0000-00-00 00:00:00', '0000-00-00 00:00:00', 0, 0),
(505, 'Md. Nozibul Hoque', 'qc1@alinfoods.com', '00b36d4370fc273403329d9e02e925a2', '', '', 'V5fLUETIjWDgfDZ8wnlSkwazf6dHw4', 'active', 'yes', '', 5, 'Md. Nozibul Hoque', '', '', 0, '1983-02-21', 'Not defined', '', '', 0, 0, 0, '01841918927', 'I AGREE', '2016-03-07 06:32:49', '', '', 0, 0, '0000-00-00 00:00:00', '0000-00-00 00:00:00', 0, 0),
(506, 'Farjana', 'haqfarjana10880547@gmail.com', '', '', '113117769998143602519', 'c241fe249b80155fb7e490fedd9f9212c9462395', 'active', 'yes', 'https://lh4.googleusercontent.com/-UosCp0zcC6I/AAAAAAAAAAI/AAAAAAAAC_Y/0DchvpWt-kk/photo.jpg', 5, 'Farjana Haq', '', '', 6125216225557, '1981-09-23', 'Not defined', '', '', 0, 0, 0, '01558848399', 'I AGREE', '2016-03-07 18:46:22', '', '', 0, 0, '0000-00-00 00:00:00', '0000-00-00 00:00:00', 0, 0),
(507, 'Square Food and Beverage Ltd.', 'rukshana@squaregroup.com', 'a6f551dddbbc8a8c29b79d6aee973ea8', '', '', '7Dh7eWIoGj95nZHZXPcm9vqoDMU1lV', 'active', 'yes', '', 5, 'Square Food and Beverage Ltd.', '', '', 0, '2000-09-12', 'Not defined', '', '', 0, 0, 0, '01712907971', 'I AGREE', '2016-03-08 08:08:43', '', '', 0, 0, '0000-00-00 00:00:00', '0000-00-00 00:00:00', 0, 0),
(508, 'Shumon Zaman', 'shumon.zaman1982@gmail.com', 'b8c7fc8a2cb565ab785c67e16d33f0bd', '', '', 'KarfM6NxatTmo5TJGyif7YwLogHwEO', 'active', 'yes', '', 5, 'Shumon Zaman', '', '', 0, '1982-03-05', 'Not defined', '', '', 0, 0, 0, '01788445373', 'I AGREE', '2016-03-10 08:05:14', '', '', 0, 0, '0000-00-00 00:00:00', '0000-00-00 00:00:00', 0, 0),
(509, 'Md. Mohiuddin ', 'khokon.ahmed28@gmail.com', '69cfe71360115b485edcede0ec32b1d2', '', '', 'iHhvVf10mvmfO5JWQsoke6UDRUBoVH', 'active', 'yes', '', 5, 'Md. Mohiuddin ', '', '', 19876924103057370, '1987-08-10', 'Not defined', '', '', 0, 0, 0, '01922063743', 'I AGREE', '2016-03-10 09:32:21', '', '', 0, 0, '0000-00-00 00:00:00', '0000-00-00 00:00:00', 0, 0),
(510, 'Md. Jamal Khan', 'primescc@yahoo.com', '16dac4ff90953fe0bed55b0761c39be0', '', '', 'O8SGoiFp1w35C2ipkJSziQeNvIM4Fx', 'active', 'yes', '', 5, 'Md. Jamal Khan', '', '', 0, '1987-07-18', 'Not defined', '', '', 0, 0, 0, '01715572940', 'I AGREE', '2016-03-13 06:24:17', '', '', 0, 0, '0000-00-00 00:00:00', '0000-00-00 00:00:00', 0, 0),
(511, 'Elias Farazi', 'mimpex2005@yahoo.com', '442a9c72017428e3f69d8dbafd679dc7', '', '', 'iSJGSPaU4qCE5z20ncFuR8j9UGgWC1', 'active', 'yes', '', 5, 'Elias Farazi', '', '', 0, '1985-01-01', 'Not defined', '', '', 0, 0, 0, '01726244606', 'I AGREE', '2016-03-13 09:06:12', '', '', 0, 0, '0000-00-00 00:00:00', '0000-00-00 00:00:00', 0, 0),
(512, 'KAWSAR', 'kawsarmaya@gmail.com', '', '', '102798694663681260880', '506c1972a9e610bb5cb8d2323e4d234ae5e38f0e', 'inactive', 'no', 'https://lh6.googleusercontent.com/-bAQnfZfoLLM/AAAAAAAAAAI/AAAAAAAAAAA/59y_nxKW1qo/photo.jpg', 0, 'KAWSAR AHMAD', '', '', 0, '0000-00-00', 'Not defined', '', '', 0, 0, 0, '', 'I AGREE', '2016-03-14 06:44:24', '', '', 0, 0, '0000-00-00 00:00:00', '0000-00-00 00:00:00', 0, 0),
(513, 'Mir Mizanur Rahman', 'mizan.green@gmail.com', '11c90ee8f6085dfd0587b256f6d16338', '', '', 'W7w5zA4fdw77WUjfMlW8NR14HvmU7a', 'active', 'yes', '', 5, 'Mir Mizanur Rahman', '', '', 19672699040691248, '1967-12-31', 'Not defined', '', '', 0, 0, 0, '01755514903', 'I AGREE', '2016-03-15 06:43:47', '', '', 0, 0, '0000-00-00 00:00:00', '0000-00-00 00:00:00', 0, 0),
(514, 'Ershad Ahmed Bhuiyan', 'ershad4000@gmail.com', '6d0b22cb8cc42505dfbf52c81720a693', '', '', 'hvqvRkuw0x8F0vLdeTxohpOdGUZlHw', 'active', 'yes', 'Mithu.JPG', 5, 'Ershad Ahmed Bhuiyan', '', '', 19702693016088743, '1970-01-12', 'Not defined', '', '', 0, 0, 0, '01966660311', 'I AGREE', '2016-03-15 06:56:20', '', '', 0, 0, '0000-00-00 00:00:00', '0000-00-00 00:00:00', 0, 0),
(515, 'Sarif Ahamed', 'sarif.bd86@gmail.com', 'febdc49adefc39cb7a03c43f6936b7ab', '', '', 'NuQo53L6N8wbgIQf6i1F3cYnWikwl1', 'active', 'yes', '', 5, 'Sarif Ahamed', '', '', 0, '1986-07-08', 'Not defined', '', '', 0, 0, 0, '01766673871', 'I AGREE', '2016-03-15 07:30:02', '', '', 0, 0, '0000-00-00 00:00:00', '0000-00-00 00:00:00', 0, 0),
(516, 'Md. Abul Bashar', 'bashara63@gmail.com', '53b855a97ea5c69dfdc316e104fe20df', '', '', '0cfTiEISmxRA5Vwe8OXdeupsImJ2c4', 'active', 'yes', '', 5, 'Md. Abul Bashar', '', '', 0, '1984-05-15', 'Not defined', '', '', 0, 0, 0, '01919872040', 'I AGREE', '2016-03-15 07:53:12', '', '', 0, 0, '0000-00-00 00:00:00', '0000-00-00 00:00:00', 0, 0),
(517, 'Afroza', 'afrozanayantara@gmail.com', '', '', '103468290898277483739', '15a05299b05f4f44be43fc72895e7c9f3d817339', 'inactive', 'yes', 'https://lh5.googleusercontent.com/-62X1FpAWpOg/AAAAAAAAAAI/AAAAAAAAMmA/Y0Dtu3x_Dho/photo.jpg', 0, 'Afroza Akhter', '', '', 0, '0000-00-00', 'Not defined', '', '', 0, 0, 0, '', 'I AGREE', '2016-03-15 08:15:49', '', '', 0, 0, '0000-00-00 00:00:00', '0000-00-00 00:00:00', 0, 0),
(518, 'Md. Masfiqur Rahman', 'masfiqur79@gmail.com', '9b8fdf2a4790b5e598b5f8bfea527c7f', '', '', 'MNOTdqFHHsr0mlXAU6NWySsFgT749G', 'active', 'yes', '', 5, 'Md. Masfiqur Rahman', '', '', 19888524903038690, '1988-01-06', 'Not defined', '', '', 0, 0, 0, '01766684737', 'I AGREE', '2016-03-15 08:38:23', '', '', 0, 0, '0000-00-00 00:00:00', '0000-00-00 00:00:00', 0, 0),
(519, 'BSTI', 'bstibcsir@gmail.com', '509faca429f12bde234f26901ad57b9e', '', '', 'CtC08ZWp7Dik9Bg6hM0KDNtz82fify', 'active', 'yes', '', 5, 'BSTI', '', '', 0, '1970-01-01', 'Not defined', '', '', 0, 0, 0, '02-8870275', 'I AGREE', '2016-03-15 08:46:13', '', '', 0, 0, '0000-00-00 00:00:00', '0000-00-00 00:00:00', 0, 0),
(522, 'Saswata Rabi', 'rabichem07@gmail.com', '73e19a40705a916743cee1a8ff60761c', '', '', 'xjNbw4Blw6azNdpKZX3YeeQWUVtCNH', 'active', 'yes', '', 5, 'Saswata Rabi', '', '', 0, '1987-02-10', 'Not defined', '', '', 0, 0, 0, '01819050618', 'I AGREE', '2016-03-16 06:08:05', '', '', 0, 0, '0000-00-00 00:00:00', '0000-00-00 00:00:00', 0, 0),
(523, 'Pronoy Kumar Dutta', 'apu@arifsbd.com', '83c41ae50d11496bb93698af0f9c8f9f', '', '', 'm23UZ6aWGKKB9XmMWHB5sL5TrlERaJ', 'active', 'yes', '', 5, 'Pronoy Kumar Dutta', '', '', 0, '1981-12-16', 'Not defined', '', '', 0, 0, 0, '01713087087', 'I AGREE', '2016-03-16 07:02:52', '', '', 0, 0, '0000-00-00 00:00:00', '0000-00-00 00:00:00', 0, 0),
(524, 'Shammana Ahmed', 'shammanahmed@gmail.com', '75f00e25975d06057d3fcce00a13856c', '', '', 'y9fffzmsUxRMcXb7hTxxZ7hZrfGPEw', 'active', 'yes', '', 5, 'Shammana Ahmed', '', '', 0, '1987-03-08', 'Not defined', '', '', 0, 0, 0, '01714000208', 'I AGREE', '2016-03-16 07:17:33', '', '', 0, 0, '0000-00-00 00:00:00', '0000-00-00 00:00:00', 0, 0),
(525, 'Md.Shafikul Alam', 'shafikul.alam@rsplgroup.com', '04875356b488c4b533e1eb59782a9a67', '', '109533889733521855963', 'aBXmZ4Bx9i23NBAIajnQ6zWkZldo3V', 'active', 'yes', '', 5, 'Md.Shafikul Alam', '', '', 0, '1989-11-11', 'Not defined', '', '', 0, 0, 0, '01984455599', 'I AGREE', '2016-03-16 07:21:30', '', '', 0, 0, '0000-00-00 00:00:00', '0000-00-00 00:00:00', 0, 0),
(526, 'mahmoodul hoque khan', 'mahmood137@gmail.com', '8bc37a746dc7ce79c92b1b409e7f96d4', '', '', 'POj44ZGs4T8KWsZtu2f6V5mV9RMHWw', 'active', 'yes', '', 5, 'mahmoodul hoque khan', '', '', 0, '1980-08-12', 'Not defined', '', '', 0, 0, 0, '01710930096', 'I AGREE', '2016-03-16 07:38:28', '', '', 0, 0, '0000-00-00 00:00:00', '0000-00-00 00:00:00', 0, 0),
(527, 'Md.Farhad Hossain', 'hfarhad499@gmail.com', '4db6b97c2de79ecd2a787b3961e3c2f1', '', '', 'jvrSABlLOiExiAanqkgo2rmZZYlbWB', 'active', 'yes', '', 5, 'Md.Farhad Hossain', '', '', 0, '1989-06-07', 'Not defined', '', '', 0, 0, 0, '01678001873', 'I AGREE', '2016-03-16 08:17:05', '', '', 0, 0, '0000-00-00 00:00:00', '0000-00-00 00:00:00', 0, 0),
(528, 'Md. Kowsar Ali SK', 'kowsar.atoz@gmail.com', '260307fd0f4dc604664fdfd7572824c2', '', '', '6YYPvtGQw7BBYGaOUpjO5pWCvuij40', 'active', 'yes', '', 5, 'Md. Kowsar Ali SK', '', '', 0, '1980-12-12', 'Not defined', '', '', 0, 0, 0, '01929990216', 'I AGREE', '2016-03-16 09:16:07', '', '', 0, 0, '0000-00-00 00:00:00', '0000-00-00 00:00:00', 0, 0),
(529, 'Md. Mofakkharul Islam', 'akulislam74@gmail.com', 'd329ec1736b5dc849298eb3e61d05da9', '', '', 'Apy6UhvoyLPM903WysrY6U2IVgOvOg', 'active', 'yes', '', 5, 'Md. Mofakkharul Islam', '', '', 0, '1974-11-28', 'Not defined', '', '', 0, 0, 0, '01712671278', 'I AGREE', '2016-03-16 10:03:23', '', '', 0, 0, '0000-00-00 00:00:00', '0000-00-00 00:00:00', 0, 0),
(530, 'MOHD. DELWAR HOSSAIN', 'delwar@mdt.com.bd', '1adcb946477cf67cebbdbb00dc7eddc4', '', '', '5f5cfca6bd5824beb4cca8d038710f5589108c1119fd0a6e4d7f1db423c8745e', 'active', 'yes', '', 5, 'MOHD. DELWAR HOSSAIN', '', '', 2693016081294, '2016-10-15', 'Not defined', '', '', 0, 0, 0, '+8801819297328', 'I AGREE', '2016-03-17 04:59:40', '', '', 0, 0, '0000-00-00 00:00:00', '0000-00-00 00:00:00', 0, 0),
(531, 'Nadira Bashar Badhon', 'nbashar.bot@gmail.com', '9c312e81c63add4bc06c3ae1c9b33135', '', '107015094937299000832', '5UoIvA5j9kGsaDWuLZe2f3Kixavxes', 'active', 'yes', '', 5, 'Nadira Bashar Badhon', '', '', 5225508136653, '1989-04-15', 'Not defined', '', '', 0, 0, 0, '01922915755', 'I AGREE', '2016-03-18 14:35:29', '', '', 0, 0, '0000-00-00 00:00:00', '0000-00-00 00:00:00', 0, 0),
(532, 'Masiur Rahman Pathan', 'engineersinsp@gmail.com', '4fd77fbdf7b778423b3cdbdef4b6ba3f', '', '100189314443863528564', 'UtzbT73cYxePnmBoiNpFn4wuE8HdRA', 'active', 'yes', '', 5, 'Masiur Rahman Pathan', '', '', 0, '1956-02-25', 'Not defined', '', '', 0, 0, 0, '01720530231', 'I AGREE', '2016-03-19 05:13:15', '', '', 0, 0, '0000-00-00 00:00:00', '0000-00-00 00:00:00', 0, 0),
(533, 'Mahanur alam', 'mahanuralam@yahoo.com', '5977fad7d00e3dc68af925776b9270ed', '', '', 'edaadbc92aeb1229c76f90a287bb74d26168e07dd903b3408016902a423eb181', 'active', 'yes', '', 5, 'Mahanur alam', '', '', 2693014943707, '1979-11-01', 'Not defined', '', '', 0, 0, 0, '016111090964', 'I AGREE', '2016-03-20 03:57:48', '', '', 0, 0, '0000-00-00 00:00:00', '0000-00-00 00:00:00', 0, 0),
(534, 'Kazi Mamunul Hassan', 'intertekbcsir@gmail.com', 'c304862827872961d6ac81b61410fca1', '', '', 'd6d268dcc502a20eff999888e51733634c3094bff3f568c821ca505accd39bc8', 'active', 'yes', '', 5, 'Kazi Mamunul Hassan', '', '', 0, '1975-03-01', 'Not defined', '', '', 0, 0, 0, '01711636578', 'I AGREE', '2016-03-20 04:51:05', '', '', 0, 0, '0000-00-00 00:00:00', '0000-00-00 00:00:00', 0, 0);
INSERT INTO `members` (`member_id`, `member_username`, `member_email`, `member_password`, `member_social_type`, `member_social_id`, `member_hash`, `member_status`, `member_verification`, `member_pic`, `member_type`, `member_first_name`, `member_middle_name`, `member_last_name`, `member_nid`, `member_DOB`, `member_gender`, `member_aboutme`, `member_street_address`, `member_country`, `member_city`, `member_zip`, `member_phone`, `member_agree_tc`, `member_first_login`, `member_language`, `institute_name`, `lab_id`, `security_profile_id`, `created_at`, `updated_at`, `is_locked`, `updated_by`) VALUES
(535, 'Md. Hamidul Haque', 'delwar1@live.com', '1785ba1a56c687261b95fa01ac237b47', '', '', 'ZpzFy4WsnYtFv0SqPrlZ42ow5uBtjy', 'active', 'yes', '', 5, 'Md. Hamidul Haque', '', '', 0, '1960-01-01', 'Not defined', '', '', 0, 0, 0, '01716008190', 'I AGREE', '2016-03-20 05:41:06', '', '', 0, 0, '0000-00-00 00:00:00', '0000-00-00 00:00:00', 0, 0),
(536, 'Fakhrul Islam Khan', 'fikhan@controlunion.com', '9cf4074a66ce46763c9fb4e6f8d3c1e0', '', '', 'ktcgKKkBQNfPylpM6f0lKQFy2jlkNr', 'active', 'yes', '', 5, 'Fakhrul Islam Khan', '', '', 0, '1982-06-29', 'Not defined', '', '', 0, 0, 0, '+8801755559636', 'I AGREE', '2016-03-20 07:03:47', '', '', 0, 0, '0000-00-00 00:00:00', '0000-00-00 00:00:00', 0, 0),
(537, 'Mustafijur Rahman', 'm2007rahman@yahoo.com', '945658a6e581bc551448e1b4846fda7b', '', '', 'Bk78xolIVL1f2QoHgWLYhJhNrLAm8i', 'active', 'yes', '', 5, 'Mustafijur Rahman', '', '', 0, '1967-03-04', 'Not defined', '', '', 0, 0, 0, '+8801937466244', 'I AGREE', '2016-03-20 07:04:36', '', '', 0, 0, '0000-00-00 00:00:00', '0000-00-00 00:00:00', 0, 0),
(538, 'Nasif Mahhmud', 'nasifmahmud@yahoo.com', '115d86798e5fc375779a0e98d81c2a7e', '', '', '22a6231632a6a84136f91aa8ed2a67dfde6f0a04a747b6c97187ac467c03c6df', 'active', 'yes', '', 5, 'Nasif Mahhmud', '', '', 0, '1982-06-01', 'Not defined', '', '', 0, 0, 0, '01674795801', 'I AGREE', '2016-03-20 07:42:42', '', '', 0, 0, '0000-00-00 00:00:00', '0000-00-00 00:00:00', 0, 0),
(539, 'Md. Ataur Rahman Pathan', 'smepathan@gmail.com', '', '', '', '9vNdR3rb07gRw3f6sbtlozHIfvM0Cw', 'active', 'no', '', 5, 'Md. Ataur Rahman Pathan', '', '', 0, '1958-03-19', 'Not defined', '', '', 0, 0, 0, '01552487453', 'I AGREE', '2016-03-20 09:30:38', '', '', 0, 0, '0000-00-00 00:00:00', '0000-00-00 00:00:00', 0, 0),
(540, 'Md Mahabubul Islam', 'info@survey2000.net', '', '', '', 'DCPxWOq2HpmSG178n9hVTeDJE0NYEC', 'active', 'no', '', 5, 'Md Mahabubul Islam', '', '', 2696406687071, '1972-08-04', 'Not defined', '', '', 0, 0, 0, '01827706071', 'I AGREE', '2016-03-20 09:32:10', '', '', 0, 0, '0000-00-00 00:00:00', '0000-00-00 00:00:00', 0, 0),
(541, 'Md Mahabubul Islam', 'mahabub.fon@gmail.com', '93231d8cf73f06989c21a4836d4f8cc3', '', '106031033770522385067', '04jba7tqxmADCFmjW1AkFvJEqOfdYz', 'active', 'yes', '', 5, 'Md Mahabubul Islam', '', '', 2696406687071, '1972-08-04', 'Not defined', '', '', 0, 0, 0, '01827706071', 'I AGREE', '2016-03-20 09:48:12', '', '', 0, 0, '0000-00-00 00:00:00', '0000-00-00 00:00:00', 0, 0),
(542, 'Al Amin Khan', 'alaminiskhan@gmail.com', '86737247615d330437cfe3b446286024', '', '', 'QZ5u8bazTt0t3OBDy97QowTLJ8mfiC', 'active', 'yes', '', 5, 'Al Amin Khan', '', '', 0, '1989-01-01', 'Not defined', '', '', 0, 0, 0, '01867861911', 'I AGREE', '2016-03-20 10:05:15', '', '', 0, 0, '0000-00-00 00:00:00', '0000-00-00 00:00:00', 0, 0),
(544, 'Sultana Khanom', 'sultanakhanom42@gmail.com', 'a3d243411a18ce021e7faca12c33e996', '', '', 'NlsvnNmJlqlswtmlnqQg1sDbnI0yr0', 'active', 'yes', '', 7, 'Sultana Khanom', '', '', 0, '1962-11-08', 'Not defined', '', '', 0, 0, 0, '01712603534', 'I AGREE', '2016-03-21 03:48:18', '', '', 2, 0, '0000-00-00 00:00:00', '2016-03-20 21:50:30', 0, 0),
(545, 'Md. Zahidur Rahman', 'zihad.bmb31@gmail.com', 'c00e7f770a549c1235a1bbdeeacd8e2a', '', '', 'O6KYYT7ty9YwZAMyd9sTqYLUDjrOeP', 'active', 'yes', '', 5, 'Md. Zahidur Rahman', '', '', 19842617272888964, '1984-12-31', 'Not defined', '', '', 0, 0, 0, '01914702712', 'I AGREE', '2016-03-21 05:17:04', '', '', 0, 0, '0000-00-00 00:00:00', '0000-00-00 00:00:00', 0, 0),
(546, 'Parvez Alam', 'parvezalambcsir@gmail.com', 'e950bb4425d21cff631d19e65f4666d2', '', '', 'DtkJAmkFy52zO5XhGQtKCmqPofQnuj', 'active', 'yes', '', 5, 'Parvez Alam', '', '', 0, '1967-08-06', 'Not defined', '', '', 0, 0, 0, '01729072614', 'I AGREE', '2016-03-21 06:38:59', '', '', 0, 0, '0000-00-00 00:00:00', '0000-00-00 00:00:00', 0, 0),
(547, 'Md. Abu Hanjala', 'hanjala28@gmail.com', '0cfd505bc4e877c9352ac13e67b462f6', '', '', 'a9563319dc2af3540b17aab7997810d45dc9fbdbdc915fa4c4781c0c63905996', 'active', 'yes', '', 5, 'Md. Abu Hanjala', '', '', 0, '1986-06-16', 'Not defined', '', '', 0, 0, 0, '01882067006', 'I AGREE', '2016-03-21 06:47:28', '', '', 0, 0, '0000-00-00 00:00:00', '0000-00-00 00:00:00', 0, 0),
(548, 'Md. Didarul Islam', 'didarnbil@gmail.com', '092f5c7587f926404ddb321dccc2d6f9', '', '', 'RYJ1dMFXjN5KSMEIdectArMPmhSrrT', 'active', 'yes', '', 5, 'Md. Didarul Islam', '', '', 0, '1967-10-01', 'Not defined', '', '', 0, 0, 0, '01713256846', 'I AGREE', '2016-03-21 08:04:39', '', '', 0, 0, '0000-00-00 00:00:00', '0000-00-00 00:00:00', 0, 0),
(549, 'RAGIB AHSAN', 'ahsanragib@hotmail.com', '8401d42672cd5a4d950f4ba78b394574', '', '', 'TQ8mq4TQ53Y6PCpHRw4Y7R3b4pHlUW', 'active', 'yes', '', 5, 'RAGIB AHSAN', '', '', 0, '1993-01-08', 'Not defined', '', '', 0, 0, 0, '01719248290', 'I AGREE', '2016-03-21 09:16:00', '', '', 0, 0, '0000-00-00 00:00:00', '0000-00-00 00:00:00', 0, 0),
(550, 'Nazmul Hasan', 'Nazmul100237@gmail.com', '1ba5155fb74b3a183b18ba7132d02492', '', '', '1MMynblbEkWmGVrfCylrqbjsiXoVk7', 'active', 'yes', '', 5, 'Nazmul Hasan', '', '', 0, '1992-11-27', 'Not defined', '', '', 0, 0, 0, '01924602915', 'I AGREE', '2016-03-21 09:25:21', '', '', 0, 0, '0000-00-00 00:00:00', '0000-00-00 00:00:00', 0, 0),
(551, 'FARR Ceramics Ltd.', 'yahia@farr.com.bd', 'faf79b3077784efef6d816718d594c1c', '', '', '1aeeeda55b8245425f05f0d42a85802bf9125ad5ef634a56bc7e646aabd7bb43', 'active', 'yes', 'Final.jpg', 5, 'FARR Ceramics Ltd.', '', '', 0, '2005-01-01', 'Not defined', '', '', 0, 0, 0, '+8801844015957', 'I AGREE', '2016-03-21 10:00:36', '', '', 0, 0, '0000-00-00 00:00:00', '0000-00-00 00:00:00', 0, 0),
(552, 'Md. Rejaul Karim', 'raju.bmb.du@gmail.com', 'd29d0585d0b1b97d98fd0bd336fcf530', '', '', '10e079005ed5332167e787534925e3cad1935c4af0bc66466e08b3b8a37cedc8', 'active', 'yes', 'Untitled-6.jpg', 5, 'Md. Rejaul Karim', '', '', 0, '1990-06-01', 'Not defined', '', '', 0, 0, 0, '01723219004', 'I AGREE', '2016-03-22 04:10:15', '', '', 0, 0, '0000-00-00 00:00:00', '0000-00-00 00:00:00', 0, 0),
(553, 'Mirza Sharmin Sultana', 'mirzaashi7@gmail.com', 'e818d489aafa116df0196492fd40d907', '', '', 's4ZaInw8grJCWXgpKvlRpxbXo80wZm', 'active', 'yes', '', 5, 'Mirza Sharmin Sultana', '', '', 0, '1992-09-07', 'Not defined', '', '', 0, 0, 0, '01670265140', 'I AGREE', '2016-03-22 04:28:47', '', '', 0, 0, '0000-00-00 00:00:00', '0000-00-00 00:00:00', 0, 0),
(554, 'Shahariar Afsar Khan', 'shahariarkhan1968@yahoo.com', '39c0d895020e0e0499159b4ebb42727f', '', '', 'oMQtkl7UUHPBUhEhgc1Vs9wqa7MSf1', 'active', 'yes', '', 5, 'Shahariar Afsar Khan', '', '', 0, '1968-01-02', 'Not defined', '', '', 0, 0, 0, '01713014493', 'I AGREE', '2016-03-22 04:43:38', '', '', 0, 0, '0000-00-00 00:00:00', '0000-00-00 00:00:00', 0, 0),
(555, 'Prodim Kumar Nath', 'nath.compliance@gmail.com', 'ca7c1f4249f84676aa308207d472e54f', '', '', 'YfeNvrxnhBHcA5lYnrpMj6deQ2odaa', 'active', 'yes', '', 5, 'Prodim Kumar Nath', '', '', 0, '1979-08-25', 'Not defined', '', '', 0, 0, 0, '01713142450', 'I AGREE', '2016-03-22 06:43:28', '', '', 0, 0, '0000-00-00 00:00:00', '0000-00-00 00:00:00', 0, 0),
(556, 'Saiful Islam', 'sbiplob71@gmail.com', '6e05f59d41068032407ac0a776506ec5', '', '', 'i7zStojxka9NXnc1RE63Dwu2LZ6oFy', 'active', 'yes', '', 5, 'Saiful Islam', '', '', 0, '1973-01-01', 'Not defined', '', '', 0, 0, 0, '01817610026', 'I AGREE', '2016-03-22 06:54:01', '', '', 0, 0, '0000-00-00 00:00:00', '0000-00-00 00:00:00', 0, 0),
(557, 'Md. Hasanuzzaman Shohel', 'shohel3977@concordgroup.net', '5987322e3ae2ff2e385438bd8fda7649', '', '', 'yLIOnoMno3SOyIER67ffVzQWLaPzG2', 'active', 'yes', '', 5, 'Md. Hasanuzzaman Shohel', '', '', 8827812177005, '1985-11-04', 'Not defined', '', '', 0, 0, 0, '01922120634', 'I AGREE', '2016-03-22 07:01:53', '', '', 0, 0, '0000-00-00 00:00:00', '0000-00-00 00:00:00', 0, 0),
(558, 'Shohel', 'shohel_apos@yahoo.com', '47a45210c06e70f615f382c508dec33c', '', '', 'g3WmB9uQkc3VEDI2jt1TMd01MJbl0I', 'active', 'yes', '', 5, 'Shohel', '', '', 8827812177005, '1985-11-04', 'Not defined', '', '', 0, 0, 0, '01711472562', 'I AGREE', '2016-03-22 07:25:09', '', '', 0, 0, '0000-00-00 00:00:00', '0000-00-00 00:00:00', 0, 0),
(559, 'Saiful Islam', 'saiful_islam957@yahoo.com', '2b94388a06efb95edb4f79868b25cd61', '', '', 'Px9JEWHZICMUIPUurvRtkobzuOgo0X', 'active', 'yes', '', 5, 'Saiful Islam', '', '', 0, '1973-01-01', 'Not defined', '', '', 0, 0, 0, '01817610026', 'I AGREE', '2016-03-22 07:47:43', '', '', 0, 0, '0000-00-00 00:00:00', '0000-00-00 00:00:00', 0, 0),
(560, 'Nahid', 'sharmin.n6@gmail.com', '', '', '108815063105158304669', 'fa05071f986fff8b7f37a8a9b4305f68a09ee57e', 'inactive', 'yes', 'https://lh6.googleusercontent.com/-NsQRoiIRMWM/AAAAAAAAAAI/AAAAAAAAAJ8/OpCYlYLqomM/photo.jpg', 0, 'Nahid Sharmin', '', '', 0, '0000-00-00', 'Not defined', '', '', 0, 0, 0, '', 'I AGREE', '2016-03-22 09:11:42', '', '', 0, 0, '0000-00-00 00:00:00', '0000-00-00 00:00:00', 0, 0),
(561, 'Md. Rajedul Islam', 'raju_0501@yahoo.com', 'cdf39a9ea5683ec3fd16ed827ee16233', '', '', '57zqPKqDPfr0k9Bd3GiMERYfIfJ4Jy', 'active', 'yes', '', 5, 'Md. Rajedul Islam', '', '', 0, '1987-06-20', 'Not defined', '', '', 0, 0, 0, '01717489503', 'I AGREE', '2016-03-22 09:12:43', '', '', 0, 0, '0000-00-00 00:00:00', '0000-00-00 00:00:00', 0, 0),
(562, 'Ashraful Islam Rasel', 'pharmatoolseng@yahoo.com', '194248f9519609f5b5d7f03755c39ebf', '', '', 'JazrpZ1EjpEKBsvc6VQeVjFeXBDnbI', 'active', 'yes', '', 5, 'Ashraful Islam Rasel', '', '', 0, '1981-03-04', 'Not defined', '', '', 0, 0, 0, '01919372149', 'I AGREE', '2016-03-22 09:13:29', '', '', 0, 0, '0000-00-00 00:00:00', '0000-00-00 00:00:00', 0, 0),
(563, 'Samir Paul', 'samir@psgbd.com', '4069fc880656056ec5cb6d0f7634fa74', '', '', '2FEjKmsNwxJb6TREJ3zGSIfm0W1HfA', 'active', 'yes', 'Samir Paul DV 2011.JPG', 5, 'Samir Paul', '', '', 0, '1984-12-30', 'Not defined', '', '', 0, 0, 0, '01713413359', 'I AGREE', '2016-03-22 09:31:46', '', '', 0, 0, '0000-00-00 00:00:00', '0000-00-00 00:00:00', 0, 0),
(564, 'Mohammad Moniruzzaman', 'parag_mona2004@yahoo.co.uk', 'ec3eb1b0bf5eb54ee2efc39e7b89c8d5', '', '', 'UUB31EpPAg2NSIEZp5qTu9dXlcdaQH', 'active', 'yes', '', 5, 'Mohammad Moniruzzaman', '', '', 0, '1980-08-06', 'Not defined', '', '', 0, 0, 0, '01816702021', 'I AGREE', '2016-03-22 10:03:43', '', '', 0, 0, '0000-00-00 00:00:00', '0000-00-00 00:00:00', 0, 0),
(565, 'MD MILON UDDIN ', 'milon.brac456@gmail.com', '569b052d1f8168211398d334ebf5c78c', '', '', 'TCY35HWVQHdaRhywfKbqw17bQxBn4y', 'active', 'yes', '', 5, 'MD MILON UDDIN ', '', '', 0, '1989-09-11', 'Not defined', '', '', 0, 0, 0, '01719814017', 'I AGREE', '2016-03-22 11:41:52', '', '', 0, 0, '0000-00-00 00:00:00', '0000-00-00 00:00:00', 0, 0),
(566, 'Jewel', 'wedothewebs@gmail.com', '', '', '113944500330776885559', '99c08a9f169b8281e6f211f10e325a3e43a4f514', 'inactive', 'no', 'https://lh3.googleusercontent.com/-XdUIqdMkCWA/AAAAAAAAAAI/AAAAAAAAAAA/4252rscbv5M/photo.jpg', 0, 'Jewel Kuri', '', '', 0, '0000-00-00', 'Not defined', '', '', 0, 0, 0, '', 'I AGREE', '2016-03-22 12:02:01', '', '', 0, 0, '0000-00-00 00:00:00', '0000-00-00 00:00:00', 0, 0),
(567, 'Rabeya Jahan Rakhi', 'rakhichem.ju@gmail.com', '2b84e4205e240a8134cf9192c424551b', '', '', '54Qcyg6elfNIn00TxgQDUqpT42R9fu', 'active', 'yes', '', 7, 'Rabeya Jahan Rakhi', '', '', 0, '1989-01-01', 'Not defined', '', '', 0, 0, 0, '01777159392', 'I AGREE', '2016-03-23 03:42:31', '', '', 2, 0, '0000-00-00 00:00:00', '2016-03-22 21:44:02', 0, 0),
(568, 'Md. Mamunur Rashid', 'mamunrashid634@gmail.com', 'ca7fac509f3e79bd75e14e94326792f3', '', '', 'vpUYP6J0NxTcsbkEA5aJkJDZmcMIE2', 'active', 'yes', '20150403_165933-1.jpg', 7, 'Md. Mamunur Rashid', '', '', 19874124703034388, '1987-02-20', 'Not defined', '', '', 0, 0, 0, '01717582480', 'I AGREE', '2016-03-23 03:52:44', '', '', 2, 0, '0000-00-00 00:00:00', '2016-03-22 21:53:29', 0, 0),
(569, 'Md. Aynal sheikh', 'ainsmail095@gmail.com', 'b56babd16549d7172e6c48132fccd5d3', '', '', 'uiQeFE3lWKqypQCDYrJ0lfv0HAOKa8', 'active', 'yes', '', 5, 'Md. Aynal sheikh', '', '', 19864795122400321, '1986-11-05', 'Not defined', '', '', 0, 0, 0, '01913579718', 'I AGREE', '2016-03-23 04:39:17', '', '', 0, 0, '0000-00-00 00:00:00', '0000-00-00 00:00:00', 0, 0),
(570, 'Md. Sakil Munna', 'sakilmunna@gmail.com', '3f3c0893ce51857e1167b8e50db92732', '', '', '46037cbd0e4ca26c96fa352997d0abfc5e890f53ece2bdc118f51b353ff35b42', 'active', 'yes', '', 5, 'Md. Sakil Munna', '', '', 0, '1992-08-23', 'Not defined', '', '', 0, 0, 0, '+8801728800887', 'I AGREE', '2016-03-23 04:43:37', '', '', 0, 0, '0000-00-00 00:00:00', '0000-00-00 00:00:00', 0, 0),
(571, 'yusuf Ali', 'qualitybdk@gmail.com', 'cd2ca1d25c9720ca523bade3b1a990b8', '', '', 'nAJGqpEmOVP4kgH8vPAP6s5AOOyA8q', 'active', 'yes', '', 5, 'yusuf Ali', '', '', 19855017944288805, '1985-10-24', 'Not defined', '', '', 0, 0, 0, '01741426160', 'I AGREE', '2016-03-23 04:57:42', '', '', 0, 0, '0000-00-00 00:00:00', '0000-00-00 00:00:00', 0, 0),
(572, 'alamgir sujaet', 'alamgir012@gmail.com', '16f378332b6183d81347a1fcfdb8aa2e', '', '', 'RDoVRYjiYvriwIGHROQRJwqBUp8jj3', 'active', 'yes', '', 5, 'alamgir sujaet', '', '', 0, '1970-01-03', 'Not defined', '', '', 0, 0, 0, '01534132785', 'I AGREE', '2016-03-23 06:06:10', '', '', 0, 0, '0000-00-00 00:00:00', '0000-00-00 00:00:00', 0, 0),
(573, 'Md. Lulu Imtiyaz', 'imtiaz_amsrl@amlbd.com', '3a96c91f571a93ea6f1fc4fa08ed6937', '', '', 'de90d2104fbc41fd3ddbb7214d39ac674e65a9b4a63ecd00082ec3d919ce321d', 'active', 'yes', '', 5, 'Md. Lulu Imtiyaz', '', '', 2693014440209, '1977-10-29', 'Not defined', '', '', 0, 0, 0, '+8801712612253', 'I AGREE', '2016-03-23 06:50:55', '', '', 0, 0, '0000-00-00 00:00:00', '0000-00-00 00:00:00', 0, 0),
(574, 'Md.Kamruzzaman', 'ariqabrar@yahoo.com', '7dff042b1733e2dad5a4a2628c2b8d8f', '', '', 'qXB3ociIjJcoo5OCbxLPZSOfbDqplQ', 'active', 'yes', '', 5, 'Md.Kamruzzaman', '', '', 0, '1971-04-01', 'Not defined', '', '', 0, 0, 0, '01745791800', 'I AGREE', '2016-03-23 09:19:42', '', '', 0, 0, '0000-00-00 00:00:00', '0000-00-00 00:00:00', 0, 0),
(575, 'Afroza Parvin', 'ap_akhy@yahoo.com', 'c4b6b3a9ae3dcf5c2d2a9686d76dedd4', '', '', 'sWEHMYnXnMCyo9sznOsNvDCP6tbZI9', 'active', 'yes', '', 7, 'Afroza Parvin', '', '', 19862690815064184, '1986-10-09', 'Not defined', '', '', 0, 0, 0, '01727270015', 'I AGREE', '2016-03-23 10:44:36', '', '', 5, 0, '0000-00-00 00:00:00', '2016-03-23 04:50:27', 0, 91),
(576, 'Md. Anwor-Ul-Kabir', 'info.fairbd@gmail.com', 'b9b4b1a3ab9f0f88278b08d996c50278', '', '', '3tyEw5b1yJReHhkNuF8gsvqVHwnXDj', 'active', 'yes', '', 5, 'Md. Anwor-Ul-Kabir', '', '', 0, '1966-06-30', 'Not defined', '', '', 0, 0, 0, '01725122423', 'I AGREE', '2016-03-23 10:55:08', '', '', 0, 0, '0000-00-00 00:00:00', '0000-00-00 00:00:00', 0, 0),
(578, 'Shishir  Dutta', 'shishirdutta1988@gmail.com', '69dbe948d50cd895b936948df4eacfd4', '', '', 'tLgcWAi1aOb1qtFQkJVBuufePRJPTJ', 'active', 'yes', '', 5, 'Shishir  Dutta', '', '', 0, '1988-08-02', 'Not defined', '', '', 0, 0, 0, '01933734404', 'I AGREE', '2016-03-24 05:56:15', '', '', 0, 0, '0000-00-00 00:00:00', '0000-00-00 00:00:00', 0, 0),
(579, 'Md. Nazmul Huda', 'fmhuda@gmail.com', 'ad8632c1a67f1f80b93378cb3c93967f', '', '', 'mQDHIZmjMieyjdig9vlSk5ydH38QRJ', 'active', 'yes', '', 5, 'Md. Nazmul Huda', '', '', 19832695041741133, '1983-07-05', 'Not defined', '', '', 0, 0, 0, '01954545812', 'I AGREE', '2016-03-24 06:34:17', '', '', 0, 0, '0000-00-00 00:00:00', '0000-00-00 00:00:00', 0, 0),
(580, 'Md. Munjurul Azam', 'munjurul.azam@gmail.com', '15709406ffa934d79a6500a1e5900444', '', '', 'AINFg4eY8drMOUhogrDQ9LhbfBvBfE', 'active', 'yes', '', 5, 'Md. Munjurul Azam', '', '', 0, '1985-01-01', 'Not defined', '', '', 0, 0, 0, '01920002629', 'I AGREE', '2016-03-24 06:50:07', '', '', 0, 0, '0000-00-00 00:00:00', '0000-00-00 00:00:00', 0, 0),
(581, 'Towhid Al Mamun', 'towhidmamun@gmail.com', '4ce67477c7966994ba0c1deb51f18c85', '', '', '5eh3jNvFvC8843WMhfrWPjdIIT9e6k', 'active', 'yes', '', 5, 'Towhid Al Mamun', '', '', 0, '1977-12-01', 'Not defined', '', '', 0, 0, 0, '01911914844', 'I AGREE', '2016-03-24 07:17:46', '', '', 0, 0, '0000-00-00 00:00:00', '0000-00-00 00:00:00', 0, 0),
(582, 'Monzur Morshed Ahmed', 'reefah02@gmail.com', 'acb6bc7d2694c7efa4161e62e147f57e', '', '', 'lkigix27xCK3T4a9TC5tr1ga03VE4o', 'active', 'yes', '', 6, 'Monzur Morshed Ahmed', '', '', 0, '1968-09-10', 'Not defined', '', '', 0, 0, 0, '01552636715', 'I AGREE', '2016-03-24 11:38:16', '', '', 2, 0, '0000-00-00 00:00:00', '2016-03-24 05:42:02', 0, 0),
(583, 'Meher Nigad Nipa', 'mnbcsir101@yahoo.com', '67f9a6113fc931c60b0883bb56849dd1', '', '', '3c4j4GXaAafFje5Zipdt9ajPWhGIBw', 'active', 'yes', '', 7, 'Meher Nigad Nipa', '', '', 0, '1981-06-06', 'Not defined', '', '', 0, 0, 0, '01719142604', 'I AGREE', '2016-03-27 04:22:10', '', '', 2, 0, '0000-00-00 00:00:00', '2016-03-26 22:23:18', 0, 0),
(585, 'Md. Hemayet Hossain', 'hemayet.hossain02@gmail.com', '3a05be111e6ec976a0f153d153ea14c5', '', '', 'SUNrlmiJhqsw14mYALbBHue5nSG73M', 'active', 'yes', '', 7, 'Md. Hemayet Hossain', '', '', 0, '1980-04-10', 'Not defined', '', '', 0, 0, 0, '01728805884', 'I AGREE', '2016-03-28 10:03:59', '', '', 5, 0, '0000-00-00 00:00:00', '2016-03-28 04:05:51', 0, 0),
(586, 'Mahadi', 'mei18bangkok@gmail.com', '', '', '108471985827226460580', '5549d1ca8b20281a3482ac8781c44ba8de422720', 'inactive', 'no', 'https://lh3.googleusercontent.com/-XdUIqdMkCWA/AAAAAAAAAAI/AAAAAAAAAAA/4252rscbv5M/photo.jpg', 0, 'Mahadi Hassan', '', '', 0, '0000-00-00', 'Not defined', '', '', 0, 0, 0, '', 'I AGREE', '2016-03-28 11:04:07', '', '', 0, 0, '0000-00-00 00:00:00', '0000-00-00 00:00:00', 0, 0),
(587, 'Mahadi Hassan', 'mahadi@cegisbd.com', '54fd8f17f75420c67d1e74929f622ee4', '', '', '2iA5iGNwfWGtcHKt9K2yRq8Fn1dSXX', 'active', 'yes', '', 5, 'Mahadi Hassan', '', '', 19762692526035642, '1976-02-10', 'Not defined', '', '', 0, 0, 0, '01711260139', 'I AGREE', '2016-03-29 04:41:26', '', '', 0, 0, '0000-00-00 00:00:00', '0000-00-00 00:00:00', 0, 0),
(588, 'Md. Kamrul Hasan', 'kamrulzaheen@gmail.com', '33fbc82af358e29a7ee8459942fb5dbf', '', '', 'gxPtSTBPCI4LxCNVwd04tULsr160NQ', 'active', 'yes', '', 5, 'Md. Kamrul Hasan', '', '', 0, '1978-12-01', 'Not defined', '', '', 0, 0, 0, '01813702619', 'I AGREE', '2016-03-29 04:56:31', '', '', 0, 0, '0000-00-00 00:00:00', '0000-00-00 00:00:00', 0, 0),
(589, 'Md. Abdur Rahim', 'apccobd@gmail.com', 'feabd814ed8ce5f155c826e5af8251c8', '', '', 'XyW69C8Id8q0gE3tiOAmmHKb3Xqda5', 'active', 'yes', '', 5, 'Md. Abdur Rahim', '', '', 19812694811033026, '1981-10-05', 'Not defined', '', '', 0, 0, 0, '01730094506', 'I AGREE', '2016-03-29 05:37:35', '', '', 0, 0, '0000-00-00 00:00:00', '0000-00-00 00:00:00', 0, 0),
(590, 'Mashud', 'mashud.dricm@gmail.com', '', '', '113636641727418681471', '8aaa1cbb866e5a32f8fb5d028fe6e91c66551b08', 'inactive', 'yes', 'https://lh3.googleusercontent.com/-XdUIqdMkCWA/AAAAAAAAAAI/AAAAAAAAAAA/4252rscbv5M/photo.jpg', 0, 'Mashud Parvez', '', '', 0, '0000-00-00', 'Not defined', '', '', 0, 0, 0, '', 'I AGREE', '2016-03-29 07:14:05', '', '', 0, 0, '0000-00-00 00:00:00', '0000-00-00 00:00:00', 0, 0),
(591, 'Kazi Baki Ullah', 'g9tradersff@gmail.com', '6bd44a7be3e12919960d9613295fc2f2', '', '', 'b796baeca42ea23c461a13142dcc0f8e5bcbc82c7bdaaad41cb6a476cf962832', 'active', 'yes', '', 5, 'Kazi Baki Ullah', '', '', 0, '1968-03-03', 'Not defined', '', '', 0, 0, 0, '01816652349', 'I AGREE', '2016-03-29 07:26:17', '', '', 0, 0, '0000-00-00 00:00:00', '0000-00-00 00:00:00', 0, 0),
(592, 'Mamudul Hasan Razu', 'razudricm86@gmail.com', '469e722a17fd8593abfe5e68e47e595d', '', '', '9zCuqGEFgQP2sYBP1AkSgtNjIbv4jM', 'active', 'no', '', 7, 'Mamudul Hasan Razu', '', '', 19862611262626263, '1986-11-26', 'Not defined', '', '', 0, 0, 0, '01721218185', 'I AGREE', '2016-03-29 07:32:45', '', '', 7, 0, '0000-00-00 00:00:00', '2016-03-29 01:34:15', 0, 91),
(593, 'Md. Anisur Rahman', 'roney-rahman@yahoo.com', '', '', '', '4N7XBh3TftCPqOrRavywuqxZ0aHE1C', 'active', 'no', '', 5, 'Md. Anisur Rahman', '', '', 19893824705000033, '1989-11-12', 'Not defined', '', '', 0, 0, 0, '+8801711235180', 'I AGREE', '2016-03-29 07:45:25', '', '', 0, 0, '0000-00-00 00:00:00', '0000-00-00 00:00:00', 0, 0),
(594, 'sirajul.h@brac.net', 'salam6881@gmail.com', '', '', '107432330908095520152', 'caf8b4dbcebd6abbe86aeb205785e948a6a00486', 'inactive', 'yes', 'SIRAJ.jpg', 0, 'Md. sirajul haque', '', '', 0, '1969-02-03', 'Not defined', '', '', 0, 0, 0, '01730347196', 'I AGREE', '2016-03-29 12:48:32', '', '', 0, 0, '0000-00-00 00:00:00', '0000-00-00 00:00:00', 0, 0),
(595, 'Md. Sirajul Haque', 'sirajul.h@brac.net', '', '', '', 'JaCIbFmo6zu5Jabb1NTnvbFFGwvRyZ', 'active', 'no', '', 5, 'Md. Sirajul Haque', '', '', 2692619407578, '1969-02-03', 'Not defined', '', '', 0, 0, 0, '01730347196', 'I AGREE', '2016-03-29 12:58:28', '', '', 0, 0, '0000-00-00 00:00:00', '0000-00-00 00:00:00', 0, 0),
(596, 'OMAR HASAN', 'falconofcox@gmail.com', '0a73a7fc72bd8af069c485776dcc4d36', '', '', 'S3BgKD7bIBA5QTzDe5Mt1gSYHsz4SO', 'active', 'yes', 'pic.jpg', 5, 'OMAR HASAN', '', '', 2222405379188, '1984-01-15', 'Not defined', '', '', 0, 0, 0, '+8801840147405', 'I AGREE', '2016-03-29 17:03:14', '', '', 0, 0, '0000-00-00 00:00:00', '0000-00-00 00:00:00', 0, 0),
(597, 'Taposhi Rabeya', 'taposhirabeya@gmail.com', '88712104157c6f80e18d4c752dbfb908', '', '', 'HyPlMVIsX2d3dgqbOBCzCXwabk6q1e', 'active', 'yes', '', 7, 'Taposhi Rabeya', '', '', 0, '1981-06-29', 'Not defined', '', '', 0, 0, 0, '01673988896', 'I AGREE', '2016-03-30 06:52:19', '', '', 3, 0, '0000-00-00 00:00:00', '2016-03-30 00:53:23', 0, 0),
(598, 'ubl', 'ublfoodlab@gmail.com', '', '', '103121579334140057274', 'e324b8ba2a4016b147b0e334f466946508c1a702', 'inactive', 'no', 'https://lh3.googleusercontent.com/-XdUIqdMkCWA/AAAAAAAAAAI/AAAAAAAAAAA/4252rscbv5M/photo.jpg', 0, 'ubl foodlab', '', '', 0, '0000-00-00', 'Not defined', '', '', 0, 0, 0, '', 'I AGREE', '2016-03-30 08:04:38', '', '', 0, 0, '0000-00-00 00:00:00', '0000-00-00 00:00:00', 0, 0),
(599, 'MD. SAIFUL ISLAM', 'mbosaif@gmail.com', '4e110332ba6ecd044bb57c88130d4693', '', '', 'iiWScs8fYuVPyhtAFBrpRgEBBhy9tI', 'active', 'yes', '', 5, 'MD. SAIFUL ISLAM', '', '', 0, '1986-12-04', 'Not defined', '', '', 0, 0, 0, '01955527749', 'I AGREE', '2016-03-31 04:02:15', '', '', 0, 0, '0000-00-00 00:00:00', '0000-00-00 00:00:00', 0, 0),
(600, 'Md. Mahfujul Hasan', 'raihanacce@gmail.com', '3fac900eb055903facd535a020eccd7f', '', '', '6FRXvyAsbzzb1S5ON3FGVhVdbsXisw', 'active', 'yes', '', 7, 'Md. Mahfujul Hasan', '', '', 19875011527194902, '1987-01-01', 'Not defined', '', '', 0, 0, 0, '01571705971', 'I AGREE', '2016-03-31 06:29:11', '', '', 4, 0, '0000-00-00 00:00:00', '2016-03-31 00:30:05', 0, 0),
(601, 'Md. Sirajul Haque', 'sirajul.h69@gmail.com', '1cd950483dadbdf4db972f5e97c05e56', '', '', 'vMvaB7ywj1kxXTm82pdZ0wecAb0pVN', 'active', 'yes', 'SIRAJ.jpg', 5, 'Md. Sirajul Haque', '', '', 2692619407578, '1969-02-03', 'Not defined', '', '', 0, 0, 0, '01730347106', 'I AGREE', '2016-03-31 07:20:04', '', '', 0, 0, '0000-00-00 00:00:00', '0000-00-00 00:00:00', 0, 0),
(602, 'Md. Rubel Ahmed', 'rubelmd617@gmail.com', '234192942ba9064913151d3b7d52f7df', '', '', 'YaWCnEnh57xNTw4FGzROUH6EWoLH6b', 'active', 'yes', '', 5, 'Md. Rubel Ahmed', '', '', 0, '1991-11-11', 'Not defined', '', '', 0, 0, 0, '01929914994', 'I AGREE', '2016-03-31 07:37:02', '', '', 0, 0, '0000-00-00 00:00:00', '0000-00-00 00:00:00', 0, 0),
(603, 'Md.Kamruzzaman', 'arqabrar@yahoo.com', '', '', '', 'jwweNSYz3LA5WjBPHIBE6KPlWkx3na', 'active', 'no', '', 5, 'Md.Kamruzzaman', '', '', 0, '1971-04-01', 'Not defined', '', '', 0, 0, 0, '01745791800', 'I AGREE', '2016-04-03 03:30:59', '', '', 0, 0, '0000-00-00 00:00:00', '0000-00-00 00:00:00', 0, 0),
(604, 'Md.Kamruzzaman', 'Md.Kamruzzaman@cgiar.org', 'a397c5b62c40811a90a7b8334f4583c6', '', '', '2TSRQC0DGddIIk05FgbUORamhQlhlz', 'active', 'yes', '', 5, 'Md.Kamruzzaman', '', '', 0, '1971-04-01', 'Not defined', '', '', 0, 0, 0, '01745791800', 'I AGREE', '2016-04-03 03:33:41', '', '', 0, 0, '0000-00-00 00:00:00', '0000-00-00 00:00:00', 0, 0),
(605, 'Md. Shahazada Imran', 'shahazada.imran@bd.nestle.com', '610cb34890a8f04a295c915a5f6c1dcb', '', '', 'uWcciZ5sseKWG5b1VihccDWPXpHXYQ', 'active', 'yes', 'Imran.New.jpg', 5, 'Md. Shahazada Imran', '', '', 0, '1977-11-15', 'Not defined', '', '', 0, 0, 0, '01714098608', 'I AGREE', '2016-04-05 06:28:48', '', '', 0, 0, '0000-00-00 00:00:00', '0000-00-00 00:00:00', 0, 0),
(606, 'Abdur', 'marahim.ctg2013@gmail.com', '', '', '106753163007732948809', 'ae9338e8e6e66fac57c4757f95456f6c2a4d33c2', 'inactive', 'no', 'https://lh6.googleusercontent.com/-swy-iu2XPKs/AAAAAAAAAAI/AAAAAAAAABw/0kCAbLe7EOE/photo.jpg', 0, 'Abdur Rahim', '', '', 0, '0000-00-00', 'Not defined', '', '', 0, 0, 0, '', 'I AGREE', '2016-04-05 16:49:11', '', '', 0, 0, '0000-00-00 00:00:00', '0000-00-00 00:00:00', 0, 0),
(607, 'Mohammad Yunus', 'webmaster.physics@cu.ac.bd', '894f7e70ebdd8925ba5d50b1594289ca', '', '', 'CsdoprUaqstVTCyZ4COidddtrEcOVs', 'active', 'yes', '', 5, 'Mohammad Yunus', '', '', 19781516119388227, '1978-03-01', 'Not defined', '', '', 0, 0, 0, '01818952494', 'I AGREE', '2016-04-06 06:49:24', '', '', 0, 0, '0000-00-00 00:00:00', '0000-00-00 00:00:00', 0, 0),
(608, 'Md.Zahirul', 'zahircs1817@gmail.com', '', '', '101769423557543604695', 'e8e2eba1a38aabcc2114065e88badb22eba27f6a', 'active', 'yes', 'https://lh3.googleusercontent.com/-OgOelFY7zec/AAAAAAAAAAI/AAAAAAAAABg/wSgTJyNDXEM/photo.jpg', 5, 'Md.Zahirul Islam', '', '', 2696402539843, '1983-07-06', 'Not defined', '', '', 0, 0, 0, '01755631014', 'I AGREE', '2016-04-09 10:23:06', '', '', 0, 0, '0000-00-00 00:00:00', '0000-00-00 00:00:00', 0, 0),
(609, 'Monowara Talukder', 'pbks_gaibandha@yahoo.com', 'bb42949aeefd72f926ae63cf9abaedda', '', '', '0nQhRtwQjtepfZCX6lh3bHgp5U0u8M', 'active', 'yes', '', 5, 'Monowara Talukder', '', '', 0, '1962-04-07', 'Not defined', '', '', 0, 0, 0, '01911488535', 'I AGREE', '2016-04-10 06:22:54', '', '', 0, 0, '0000-00-00 00:00:00', '0000-00-00 00:00:00', 0, 0),
(610, 'William', 'mijo.jfwg@gmail.com', '', '', '111300445471074117589', '1a1feab76796257e99e703112d35e984a3665d31', 'inactive', 'no', 'https://lh3.googleusercontent.com/-39zmAM283iY/AAAAAAAAAAI/AAAAAAAACAs/wgCtJ4qLtic/photo.jpg', 0, 'William Gomes', '', '', 0, '0000-00-00', 'Not defined', '', '', 0, 0, 0, '', 'I AGREE', '2016-04-10 21:50:59', '', '', 0, 0, '0000-00-00 00:00:00', '0000-00-00 00:00:00', 0, 0),
(611, '岡本', 'okono917@gmail.com', '', '', '102501631179522598236', '9032c718ab575ecdf462fbf4b7691ac9489d9840', 'inactive', 'yes', 'https://lh3.googleusercontent.com/-XdUIqdMkCWA/AAAAAAAAAAI/AAAAAAAAAAA/4252rscbv5M/photo.jpg', 0, '章太岡本', '', '', 0, '0000-00-00', 'Not defined', '', '', 0, 0, 0, '', 'I AGREE', '2016-04-12 04:46:39', '', '', 0, 0, '0000-00-00 00:00:00', '0000-00-00 00:00:00', 0, 0),
(612, 'Md. Sharifuzzaman', 'zamanserrif@gmail.com', 'c828bf9059f6c79a676bc4da770fffc1', '', '', '94b5c9ccdeaacee21c101325a676f70506aba0116fcf0c1535351f50f0479a7b', 'active', 'yes', '', 5, 'Md. Sharifuzzaman', '', '', 19889196209197942, '1988-01-05', 'Not defined', '', '', 0, 0, 0, '01673242272', 'I AGREE', '2016-04-12 06:53:25', '', '', 0, 0, '0000-00-00 00:00:00', '0000-00-00 00:00:00', 0, 0),
(613, 'Md. Rakib Ali', 'iubat.rar@gmail.com', '', '', '117656710472050077372', '3cab45cf679092be3dc6b0beb2090364eaf92183', 'inactive', 'yes', 'https://lh6.googleusercontent.com/-7x-3y5LTkMY/AAAAAAAAAAI/AAAAAAAAABY/YIcXE7hSiGA/photo.jpg', 0, 'Md. Rakib Ali Rashel', '', '', 0, '0000-00-00', 'Not defined', '', '', 0, 0, 0, '', 'I AGREE', '2016-04-18 17:30:56', '', '', 0, 0, '0000-00-00 00:00:00', '0000-00-00 00:00:00', 0, 0),
(614, 'A. M. ABU SAYEM MALIK', 'amasm08@gmail.com', 'fd74e4c13e0d693c0460ae8cd6c58ebe', '', '', 'zZNAvtHQzVY0x2NSsN6LYMNBLiiZ55', 'active', 'yes', '', 5, 'A. M. ABU SAYEM MALIK', '', '', 1822305142420, '1989-12-31', 'Not defined', '', '', 0, 0, 0, '01717969484', 'I AGREE', '2016-04-25 03:33:54', '', '', 0, 0, '0000-00-00 00:00:00', '0000-00-00 00:00:00', 0, 0),
(615, 'Selim', 'selimrezakhan13@gmail.com', '', '', '103500899172999740503', '71f8979bb294beef8e1f74d99134273f2946c2b9', 'inactive', 'yes', 'https://lh6.googleusercontent.com/-vWTaMJieWnk/AAAAAAAAAAI/AAAAAAAAABg/w-S1wg1nVZc/photo.jpg', 0, 'Selim Reza', '', '', 0, '0000-00-00', 'Not defined', '', '', 0, 0, 0, '', 'I AGREE', '2016-04-26 13:55:11', '', '', 0, 0, '0000-00-00 00:00:00', '0000-00-00 00:00:00', 0, 0),
(616, 'A. K. M.', 'akmfoysal677@gmail.com', '', '', '103662950117212108710', '875c25f5f60bcb6c3dd0b258c20d33ee0a97f150', 'active', 'yes', 'https://lh6.googleusercontent.com/-zPiJCsfNlTI/AAAAAAAAAAI/AAAAAAAAAFI/J5yq4t0hShY/photo.jpg', 5, 'A. K. M. FOYSAL', '', '', 2692620522091, '1989-10-05', 'Not defined', '', '', 0, 0, 0, '+8801795819380', 'I AGREE', '2016-04-30 09:21:31', '', '', 0, 0, '0000-00-00 00:00:00', '0000-00-00 00:00:00', 0, 0),
(617, 'suman', 'mrsumansmail@gmail.com', '', '', '115686520529172979193', '2ef86069c0c2b9e20480e253913a212bf2530c55', 'active', 'yes', 'https://lh5.googleusercontent.com/-fyCGbAzjbaU/AAAAAAAAAAI/AAAAAAAAACE/SzCoqma2iJE/photo.jpg', 5, 'suman saha', '', '', 19934795124000335, '1993-08-05', 'Not defined', '', '', 0, 0, 0, '01686395927', 'I AGREE', '2016-05-02 04:45:58', '', '', 0, 0, '0000-00-00 00:00:00', '0000-00-00 00:00:00', 0, 0),
(618, 'Nahid Alam', 'nahid.alam0027@gmail.com', '', '', '115791900128228530064', '927934ecf72a49763639bc00a04e6ab836cea92c', 'active', 'yes', 'https://lh5.googleusercontent.com/-8JY1NryP0nU/AAAAAAAAAAI/AAAAAAAAABM/whoQbtG1IU8/photo.jpg', 5, 'Nahid Alam Siddique', '', '', 2696828685538, '1987-04-02', 'Not defined', '', '', 0, 0, 0, '01717719527', 'I AGREE', '2016-05-04 12:32:39', '', '', 0, 0, '0000-00-00 00:00:00', '0000-00-00 00:00:00', 0, 0),
(619, 'S. M. OBAYDULLAH', 'aeximcobd@gmail.com', '', '', '', 'Us2fZnLrlsxUrcXGZd3QGD22jSS1XM', 'active', 'no', '', 5, 'S. M. OBAYDULLAH', '', '', 4719427933142, '1972-06-30', 'Not defined', '', '', 0, 0, 0, '01777114433', 'I AGREE', '2016-05-07 07:41:44', '', '', 0, 0, '0000-00-00 00:00:00', '0000-00-00 00:00:00', 0, 0),
(620, 'Areful Islam', 'areful.2589@diu.edu.bd', '', '', '109245485086412619785', '66bda57a2aca3980e906db969227f774f30a7e8c', 'inactive', 'no', 'https://lh3.googleusercontent.com/-XdUIqdMkCWA/AAAAAAAAAAI/AAAAAAAAAAA/4252rscbv5M/photo.jpg', 0, 'Areful Islam 131-15-2589', '', '', 0, '0000-00-00', 'Not defined', '', '', 0, 0, 0, '', 'I AGREE', '2016-05-11 15:20:44', '', '', 0, 0, '0000-00-00 00:00:00', '0000-00-00 00:00:00', 0, 0),
(621, 'Muhammad Ashfaque Amin', 'm.a.amin@hotmail.co.uk', 'c31b90a4b464ef62c61c2fdaf8662046', '', '', 'kcmbTnbajlZZnKkSZpd4YdZ1LsEem3', 'active', 'yes', '', 5, 'Muhammad Ashfaque Amin', '', '', 19852650898000076, '1985-10-17', 'Not defined', '', '', 0, 0, 0, '01766678114', 'I AGREE', '2016-05-15 10:55:16', '', '', 0, 0, '0000-00-00 00:00:00', '0000-00-00 00:00:00', 0, 0),
(622, 'kalo', 'kalosada5@gmail.com', '', '', '101615094817948240565', '8bc4f6e1eea88793a53a12446b6d4d97be4d4508', 'inactive', 'yes', 'https://lh3.googleusercontent.com/-3kqChYWE6WE/AAAAAAAAAAI/AAAAAAAAABs/ugiiUNN-Bf8/photo.jpg', 0, 'kalo sada', '', '', 0, '0000-00-00', 'Not defined', '', '', 0, 0, 0, '', 'I AGREE', '2016-05-15 14:02:18', '', '', 0, 0, '0000-00-00 00:00:00', '0000-00-00 00:00:00', 0, 0),
(626, 'shohelbuet', 'shohelranasust30@gmail.com', '29718c2f302ee0b4f2b21bd0300dfd18', '', '116364656496864856976', 'auJ64F3I2XBsVPeJLbeJL3AxApPDzA', 'active', 'yes', '', 5, 'shohelbuet', '', '', 5826505455417, '1989-01-01', 'Not defined', '', '', 0, 0, 0, '+8801721020016', 'I AGREE', '2016-05-17 17:57:28', '', '', 0, 0, '0000-00-00 00:00:00', '0000-00-00 00:00:00', 0, 0),
(627, 'S M Zahid Hosen', 'smzahidhosen@gmail.com', '12cccf1afc59f6812b70e947fb9737d0', '', '', '2YE9z4d8cPd7VIov48Fz7AFV83m3N8', 'active', 'yes', '', 4, 'S M Zahid Hosen', '', '', 1595708403544, '1986-01-01', 'Not defined', '', '', 0, 0, 0, '+8801777447192', 'I AGREE', '2016-05-18 07:25:09', '', '', 0, 0, '0000-00-00 00:00:00', '0000-00-00 00:00:00', 0, 0),
(628, 'Raj', 'rajvoice088@gmail.com', '', '', '103399025748782378598', '003aa149a7e1ae77cf112815758cb3e9ca89997b', 'inactive', 'no', 'https://lh3.googleusercontent.com/-XdUIqdMkCWA/AAAAAAAAAAI/AAAAAAAAAAA/4252rscbv5M/photo.jpg', 0, 'Raj Voice', '', '', 0, '0000-00-00', 'Not defined', '', '', 0, 0, 0, '', 'I AGREE', '2016-05-19 03:01:35', '', '', 0, 0, '0000-00-00 00:00:00', '0000-00-00 00:00:00', 0, 0),
(629, 'MG', 'gfaruque.bangla@gmail.com', '', '', '113317552538114138439', '4f68baf5220a1bf65c8ac0ee061a7d9e9d5ee559', 'inactive', 'yes', 'https://lh3.googleusercontent.com/-lBptAoHEQ4k/AAAAAAAAAAI/AAAAAAAAAx8/EBJDQdABUUw/photo.jpg', 0, 'MG Faruque', '', '', 0, '0000-00-00', 'Not defined', '', '', 0, 0, 0, '', 'I AGREE', '2016-05-21 18:19:44', '', '', 0, 0, '0000-00-00 00:00:00', '0000-00-00 00:00:00', 0, 0),
(630, 'Bakul', 'bbch.soil@gmail.com', '', '', '111898734454992175882', '543d7148d91aa71724f2f0cad44653ded1c8023a', 'inactive', 'no', 'https://lh4.googleusercontent.com/-ZjFbAaC1S3s/AAAAAAAAAAI/AAAAAAAAADE/seucRo_3mUA/photo.jpg', 0, 'Bakul Amhoo', '', '', 0, '0000-00-00', 'Not defined', '', '', 0, 0, 0, '', 'I AGREE', '2016-05-23 11:31:26', '', '', 0, 0, '0000-00-00 00:00:00', '0000-00-00 00:00:00', 0, 0),
(631, 'Meer Hossain', 'meer.nstu22@hotmail.com', 'b9a1121cccd342365b6faf4b182603f1', '', '', '3582ec983610a5e60a326176657e0d2d96470a8ea9259c41162ec428bdac8dcc', 'active', 'yes', '', 5, 'Meer Hossain', '', '', 0, '1989-12-31', 'Not defined', '', '', 0, 0, 0, '01919819174', 'I AGREE', '2016-05-23 18:36:11', '', '', 0, 0, '0000-00-00 00:00:00', '0000-00-00 00:00:00', 0, 0),
(632, 'Nabil', 'jnirob@gmail.com', '', '', '108387667283009089157', 'e31bfaf27fb812d5e99b14633eb478a2fc4e675a', 'inactive', 'yes', 'https://lh3.googleusercontent.com/-K5nUu3E_FgM/AAAAAAAAAAI/AAAAAAAAAE4/Ty5YbDLflXw/photo.jpg', 0, 'Nabil Mohammed', '', '', 0, '0000-00-00', 'Not defined', '', '', 0, 0, 0, '', 'I AGREE', '2016-05-27 18:09:28', '', '', 0, 0, '0000-00-00 00:00:00', '0000-00-00 00:00:00', 0, 0),
(633, 'Md. Emdadul Haque', 'emdadulrang052@yahoo.com', 'b6a96f7269e153be49fca57ec9534ae9', '', '', 'vzh7RIqASG8NyLpa96CD76uI7N82Mg', 'active', 'yes', '', 5, 'Md. Emdadul Haque', '', '', 8524906078682, '1984-06-28', 'Not defined', '', '', 0, 0, 0, '01979955660', 'I AGREE', '2016-05-28 13:43:55', '', '', 0, 0, '0000-00-00 00:00:00', '0000-00-00 00:00:00', 0, 0),
(634, 'shahriar', 'shahriar.uvm7@gmail.com', '', '', '105458543550141086721', 'f32811633e82eb8a21cafffa55c732aa6daa5e2a', 'inactive', 'yes', 'https://lh6.googleusercontent.com/-WOJys8xeo58/AAAAAAAAAAI/AAAAAAAAAD0/lU1DEIHMt90/photo.jpg', 0, 'shahriar alam', '', '', 0, '0000-00-00', 'Not defined', '', '', 0, 0, 0, '', 'I AGREE', '2016-05-29 04:51:19', '', '', 0, 0, '0000-00-00 00:00:00', '0000-00-00 00:00:00', 0, 0),
(635, 'MD ABDUL MUKIT', 'mdamukit@brandintbd.com', '07d86f3ee2f1df0e319a2c133fcb447c', '', '', 'b493e7489f963dfb8077f761439b18c04dcaf7701c7fc9db865697e15f9be074', 'active', 'yes', '', 5, 'MD ABDUL MUKIT', '', '', 0, '1988-12-30', 'Not defined', '', '', 0, 0, 0, '01535510390', 'I AGREE', '2016-05-29 17:13:53', '', '', 0, 0, '0000-00-00 00:00:00', '0000-00-00 00:00:00', 0, 0),
(636, 'Md. Sharif', 'sharif.hossan82@gmail.com', '', '', '113871026072627388365', '205a1de504ace57cbd296b9d6bf0bf08c2bdbb42', 'active', 'yes', 'https://lh3.googleusercontent.com/-XdUIqdMkCWA/AAAAAAAAAAI/AAAAAAAAAAA/4252rscbv5M/photo.jpg', 5, 'Md. Sharif Hossan', '', '', 19829329516317352, '1982-12-17', 'Not defined', '', '', 0, 0, 0, '+8801710828173', 'I AGREE', '2016-05-30 19:19:25', '', '', 0, 0, '0000-00-00 00:00:00', '0000-00-00 00:00:00', 0, 0),
(637, 'Osama', 'osama8693@gmail.com', '', '', '118433209352072640428', '9d71e1c882cd86f1f1439740d046eaa541ab4475', 'active', 'yes', 'https://lh6.googleusercontent.com/-KHhO7Abnygo/AAAAAAAAAAI/AAAAAAAAAmI/foWlXzE1Fjc/photo.jpg', 5, 'Osama Abdus Salam', '', '', 19907528703000061, '1990-02-02', 'Not defined', '', '', 0, 0, 0, '01722228693', 'I AGREE', '2016-06-01 06:56:54', '', '', 0, 0, '0000-00-00 00:00:00', '0000-00-00 00:00:00', 0, 0),
(664, 'Shahin', '', '9c4871638837ba127723745145a47340', '', '', '25YpmDxCdGMkKINiSASJgw1sj4LG6O', 'active', 'yes', '', 5, 'Shahin', '', '', 445, '2016-08-02', 'Not defined', '', '', 0, 0, 0, '01672880121', 'I AGREE', '2016-08-24 10:33:34', '', '', 0, 0, '0000-00-00 00:00:00', '0000-00-00 00:00:00', 0, 0),
(665, 'Shahin', 'shahin@batworld.com', 'c7e8b456de80216a692cc79d4e6bf57e', '', '', 'JahzgUTpIbPL0EFHftdOMeEr1XiWIQ', 'active', 'yes', '', 5, 'Shahin', '', '', 445, '2016-08-02', 'Not defined', '', '', 0, 0, 0, '01767957180', 'I AGREE', '2016-08-24 10:54:20', '', '', 0, 0, '0000-00-00 00:00:00', '0000-00-00 00:00:00', 0, 0);

-- --------------------------------------------------------

--
-- Table structure for table `member_logs`
--

CREATE TABLE `member_logs` (
  `ML_id` int(11) NOT NULL,
  `ML_admin_id` int(11) NOT NULL,
  `ML_ip_address` varchar(100) COLLATE utf8_unicode_ci NOT NULL,
  `ML_created_on` timestamp NOT NULL DEFAULT CURRENT_TIMESTAMP,
  `created_at` timestamp NOT NULL DEFAULT '0000-00-00 00:00:00',
  `updated_at` timestamp NOT NULL DEFAULT '0000-00-00 00:00:00',
  `updated_by` int(11) NOT NULL,
  `updated_on` datetime NOT NULL
) ENGINE=InnoDB DEFAULT CHARSET=utf8 COLLATE=utf8_unicode_ci;

-- --------------------------------------------------------

--
-- Table structure for table `member_types`
--

CREATE TABLE `member_types` (
  `mt_id` int(11) NOT NULL,
  `mt_type_name` varchar(255) COLLATE utf8_unicode_ci NOT NULL,
  `mt_is_registarable` int(5) NOT NULL,
  `mt_access_code` varchar(100) COLLATE utf8_unicode_ci NOT NULL,
  `mt_permission_json` text COLLATE utf8_unicode_ci,
  `mt_status` enum('active','inactive') COLLATE utf8_unicode_ci NOT NULL DEFAULT 'inactive',
  `created_at` timestamp NOT NULL DEFAULT '0000-00-00 00:00:00',
  `updated_at` timestamp NOT NULL DEFAULT '0000-00-00 00:00:00',
  `updated_by` int(11) NOT NULL,
  `updated_on` datetime NOT NULL
) ENGINE=InnoDB DEFAULT CHARSET=utf8 COLLATE=utf8_unicode_ci;

--
-- Dumping data for table `member_types`
--

INSERT INTO `member_types` (`mt_id`, `mt_type_name`, `mt_is_registarable`, `mt_access_code`, `mt_permission_json`, `mt_status`, `created_at`, `updated_at`, `updated_by`, `updated_on`) VALUES
(1, 'SysAdmin', -1, '1_101', NULL, 'active', '2015-10-19 18:00:00', '2015-10-19 18:00:00', 1, '2015-10-21 00:00:00'),
(2, 'IT Officer', 2, '2_202', NULL, 'active', '0000-00-00 00:00:00', '0000-00-00 00:00:00', 0, '0000-00-00 00:00:00'),
(3, 'Duty Officer', 2, '3_303', NULL, 'active', '0000-00-00 00:00:00', '0000-00-00 00:00:00', 0, '0000-00-00 00:00:00'),
(4, 'BCSIR Officials', 1, '4_404', NULL, 'active', '0000-00-00 00:00:00', '0000-00-00 00:00:00', 0, '0000-00-00 00:00:00'),
(5, 'Applicant', 1, '5_505', NULL, 'active', '0000-00-00 00:00:00', '0000-00-00 00:00:00', 0, '0000-00-00 00:00:00'),
(6, 'Lab incharge', 2, '6_606', NULL, 'active', '2015-10-28 15:00:00', '2015-10-28 18:00:00', 1, '0000-00-00 00:00:00'),
(7, 'Scientist', 2, '7_707', NULL, 'active', '2015-10-28 15:00:00', '2015-10-28 18:00:00', 1, '0000-00-00 00:00:00'),
(8, 'Lab-Director', 2, '8_808', NULL, 'active', '2015-10-28 15:00:00', '2015-10-28 18:00:00', 1, '0000-00-00 00:00:00'),
(9, 'BCSIR Executive', 2, '9_909', NULL, 'active', '0000-00-00 00:00:00', '0000-00-00 00:00:00', 0, '0000-00-00 00:00:00'),
(10, 'BCSIR Admin', 2, '10_10010', NULL, 'active', '0000-00-00 00:00:00', '0000-00-00 00:00:00', 0, '0000-00-00 00:00:00'),
(11, 'Bank User', 2, '11_11011', NULL, 'active', '0000-00-00 00:00:00', '0000-00-00 00:00:00', 0, '0000-00-00 00:00:00');

-- --------------------------------------------------------

--
-- Table structure for table `migrations`
--

CREATE TABLE `migrations` (
  `migration` varchar(255) COLLATE utf8_unicode_ci NOT NULL,
  `batch` int(11) NOT NULL
) ENGINE=InnoDB DEFAULT CHARSET=utf8 COLLATE=utf8_unicode_ci;

--
-- Dumping data for table `migrations`
--

INSERT INTO `migrations` (`migration`, `batch`) VALUES
('2014_10_12_000000_create_users_table', 1),
('2014_10_12_100000_create_password_resets_table', 1),
('2015_10_01_062352_create_admin_logs_table', 1),
('2015_10_01_062352_create_admin_permission_table', 1),
('2015_10_01_062352_create_admin_types_table', 1),
('2015_10_01_062352_create_admins_table', 1),
('2015_10_01_062352_create_config_settings_table', 1),
('2015_10_01_062352_create_member_logs_table', 1),
('2015_10_01_062352_create_members_table', 1),
('2015_10_12_090958_create_companies_table', 1),
('2015_10_12_102932_app_process_path', 1),
('2015_10_12_102959_app_status', 1),
('2015_10_12_103006_create_tbl_test_name_table', 1),
('2015_10_12_103006_create_test_name_table', 1),
('2015_10_12_103008_app_process_history', 1),
('2015_10_12_103027_create_sample_name_table', 1),
('2015_10_12_103027_create_tbl_sample_name_table', 2),
('2015_10_12_103059_create_parameter_table', 2),
('2015_10_12_103059_create_sample_table', 3),
('2015_10_12_103059_create_sample_table1', 4),
('2015_10_12_103059_create_tbl_lab_table', 4),
('2015_10_12_103059_create_tbl_parameter_table', 4),
('2015_10_13_111948_create_lab_table', 4),
('2015_10_13_114548_create_documents_table', 4),
('2015_10_14_071548_security_profile', 4),
('2015_10_14_101053_create_custom_reports_table', 4),
('2015_10_14_101053_create_dashboard_object_table', 4),
('2015_10_14_105300_create_task_list_table', 4),
('2015_10_14_105346_create_process_list_table', 4),
('2015_10_14_105405_create_process_list_history_table', 4),
('2015_10_14_105438_create_process_1_dummy_table', 4),
('2015_10_14_110004_create_work_permit_form_table', 4),
('2015_10_14_121932_create_company_assoc_table', 5),
('2015_10_15_014154_create_security_profile_table', 5),
('2015_10_15_050254_create_lab_test_mapping', 5),
('2015_10_17_064644_create_tbl_application', 5),
('2015_10_17_065108_create_tbl_app_details', 5),
('2015_10_19_082002_create_tbl_lab_method_mapping', 5),
('2015_10_18_111750_country_info', 6),
('2015_10_19_093534_create_issued_info_table', 6),
('2015_10_19_121114_create_process_path_table', 6),
('2015_10_20_064900_create_apps_table', 6),
('2015_10_20_065138_create_apps_job_table', 7),
('2015_10_20_065155_create_apps_sample_table', 8),
('2015_10_20_143259_create_country_info_table', 8);

-- --------------------------------------------------------

--
-- Table structure for table `password_resets`
--

CREATE TABLE `password_resets` (
  `email` varchar(255) COLLATE utf8_unicode_ci NOT NULL,
  `token` varchar(255) COLLATE utf8_unicode_ci NOT NULL,
  `created_at` timestamp NOT NULL DEFAULT '0000-00-00 00:00:00'
) ENGINE=InnoDB DEFAULT CHARSET=utf8 COLLATE=utf8_unicode_ci;

-- --------------------------------------------------------

--
-- Table structure for table `security_profile`
--

CREATE TABLE `security_profile` (
  `id` int(11) NOT NULL,
  `profile_name` varchar(50) COLLATE utf8_unicode_ci NOT NULL,
  `allowed_remote_ip` varchar(100) COLLATE utf8_unicode_ci NOT NULL,
  `week_off_days` varchar(100) COLLATE utf8_unicode_ci NOT NULL,
  `work_hour_start` time NOT NULL,
  `work_hour_end` time NOT NULL,
  `active_status` enum('yes','no') COLLATE utf8_unicode_ci NOT NULL
) ENGINE=InnoDB DEFAULT CHARSET=utf8 COLLATE=utf8_unicode_ci;

-- --------------------------------------------------------

--
-- Table structure for table `tbl_lab`
--

CREATE TABLE `tbl_lab` (
  `lab_id` int(10) UNSIGNED NOT NULL,
  `lab_name` varchar(255) COLLATE utf8_unicode_ci NOT NULL,
  `created_at` timestamp NOT NULL DEFAULT '0000-00-00 00:00:00',
  `updated_at` timestamp NOT NULL DEFAULT '0000-00-00 00:00:00',
  `is_locked` int(11) NOT NULL,
  `updated_by` int(11) NOT NULL
) ENGINE=InnoDB DEFAULT CHARSET=utf8 COLLATE=utf8_unicode_ci;

--
-- Dumping data for table `tbl_lab`
--

INSERT INTO `tbl_lab` (`lab_id`, `lab_name`, `created_at`, `updated_at`, `is_locked`, `updated_by`) VALUES
(1, 'Test', '2015-10-19 04:06:16', '2015-10-29 04:25:17', 0, 1),
(2, 'Institute of Food Science & Technology (IFST)', '2015-10-19 04:07:59', '2016-01-23 23:40:48', 0, 194),
(3, 'Institute of Fuel Research & Development (IFRD)', '2015-10-19 04:08:11', '2016-05-18 00:01:56', 0, 91),
(4, 'Institute of Glass & Ceramic Research and Testing (IGCRT)', '2015-10-19 04:08:22', '2016-01-18 04:23:41', 0, 194),
(5, 'BCSIR Laboratories, Dhaka (Dhaka Lab)', '2015-10-20 03:17:09', '2016-02-27 23:46:46', 0, 91),
(6, 'Pilot Plant & Process Development Center (PP& PDC)', '2015-10-26 02:16:03', '2016-05-16 23:36:32', 0, 91),
(7, 'Designated Reference Institute for Chemical Measurments (DRiCM)', '2015-10-26 02:16:28', '2016-03-01 11:52:45', 0, 194),
(8, 'Institute of National Analytical Research & Service (INARS)', '2015-10-26 02:17:12', '2015-10-28 04:35:26', 0, 1),
(9, 'A', '2015-10-28 21:37:57', '2016-02-16 03:24:14', 0, 91);

-- --------------------------------------------------------

--
-- Table structure for table `tbl_lab_method_mapping`
--

CREATE TABLE `tbl_lab_method_mapping` (
  `lm_id` int(11) NOT NULL,
  `lab_id` int(11) NOT NULL,
  `method_id` int(11) NOT NULL,
  `price` int(11) NOT NULL,
  `duration` int(11) NOT NULL,
  `created_at` timestamp NOT NULL DEFAULT '0000-00-00 00:00:00',
  `updated_at` timestamp NOT NULL DEFAULT '0000-00-00 00:00:00',
  `is_locked` int(11) NOT NULL,
  `updated_by` int(11) NOT NULL
) ENGINE=InnoDB DEFAULT CHARSET=utf8 COLLATE=utf8_unicode_ci;

--
-- Dumping data for table `tbl_lab_method_mapping`
--

INSERT INTO `tbl_lab_method_mapping` (`lm_id`, `lab_id`, `method_id`, `price`, `duration`, `created_at`, `updated_at`, `is_locked`, `updated_by`) VALUES
(1, 6, 1, 15000, 5, '2016-05-16 23:31:52', '2016-05-16 23:36:45', 0, 91),
(2, 6, 2, 9000, 7, '2016-05-16 23:32:30', '2016-05-16 23:32:30', 0, 91),
(3, 6, 3, 5000, 5, '2016-05-16 23:33:01', '2016-05-16 23:33:01', 0, 91),
(4, 6, 4, 3000, 5, '2016-05-16 23:33:21', '2016-05-16 23:33:21', 0, 91),
(5, 6, 5, 5000, 5, '2016-05-16 23:33:33', '2016-05-16 23:33:33', 0, 91),
(6, 6, 6, 375, 14, '2016-05-16 23:34:04', '2016-05-16 23:34:04', 0, 91),
(7, 6, 7, 5000, 5, '2016-05-16 23:34:16', '2016-05-16 23:34:16', 0, 91),
(8, 6, 8, 5000, 5, '2016-05-16 23:34:36', '2016-05-16 23:34:36', 0, 91),
(9, 6, 9, 5000, 5, '2016-05-16 23:34:47', '2016-05-16 23:34:47', 0, 91),
(10, 6, 10, 6000, 7, '2016-05-16 23:35:25', '2016-05-16 23:35:25', 0, 91),
(11, 6, 11, 1500, 7, '2016-05-16 23:35:47', '2016-05-16 23:35:47', 0, 91),
(12, 6, 12, 5000, 7, '2016-05-16 23:36:12', '2016-05-16 23:36:12', 0, 91),
(13, 6, 13, 6000, 7, '2016-05-16 23:36:23', '2016-05-16 23:36:23', 0, 91),
(14, 6, 14, 5000, 7, '2016-05-16 23:48:40', '2016-05-16 23:48:40', 0, 91),
(15, 6, 15, 5000, 7, '2016-05-16 23:48:53', '2016-05-16 23:48:53', 0, 91),
(16, 6, 16, 5000, 7, '2016-05-16 23:49:25', '2016-05-16 23:49:25', 0, 91),
(17, 6, 17, 10000, 7, '2016-05-16 23:49:49', '2016-05-16 23:49:49', 0, 91),
(18, 6, 18, 6000, 7, '2016-05-16 23:50:00', '2016-05-16 23:50:00', 0, 91),
(19, 6, 19, 6000, 7, '2016-05-16 23:50:19', '2016-05-16 23:50:19', 0, 91),
(20, 6, 20, 7000, 7, '2016-05-16 23:55:29', '2016-05-16 23:55:29', 0, 91),
(21, 6, 21, 15000, 7, '2016-05-16 23:59:37', '2016-05-16 23:59:37', 0, 91),
(22, 6, 22, 20000, 7, '2016-05-17 01:32:52', '2016-05-17 01:32:52', 0, 91),
(23, 6, 23, 6000, 7, '2016-05-17 01:33:51', '2016-05-17 01:33:51', 0, 91),
(24, 6, 24, 5000, 7, '2016-05-17 01:35:15', '2016-05-17 01:35:15', 0, 91),
(25, 6, 25, 6000, 7, '2016-05-17 01:36:35', '2016-05-17 01:36:35', 0, 91),
(26, 6, 26, 5000, 7, '2016-05-17 01:36:57', '2016-05-17 01:36:57', 0, 91),
(27, 6, 27, 10000, 7, '2016-05-17 01:37:13', '2016-05-17 01:37:13', 0, 91),
(28, 6, 29, 10000, 7, '2016-05-17 01:37:42', '2016-05-17 01:37:42', 0, 91),
(29, 6, 30, 3000, 7, '2016-05-17 01:38:07', '2016-05-17 01:38:07', 0, 91),
(30, 6, 31, 5000, 7, '2016-05-17 01:38:25', '2016-05-17 01:38:25', 0, 91),
(31, 6, 32, 5000, 7, '2016-05-17 01:38:44', '2016-05-17 01:38:44', 0, 91),
(32, 6, 33, 5000, 7, '2016-05-17 01:39:16', '2016-05-17 01:39:16', 0, 91),
(33, 6, 34, 5000, 7, '2016-05-17 01:39:52', '2016-05-17 01:39:52', 0, 91),
(34, 6, 35, 5000, 7, '2016-05-17 01:40:07', '2016-05-17 01:40:07', 0, 91),
(35, 6, 36, 5000, 7, '2016-05-17 01:40:20', '2016-05-17 01:40:20', 0, 91),
(36, 6, 37, 6000, 7, '2016-05-17 01:40:35', '2016-05-17 01:40:35', 0, 91),
(37, 6, 38, 5000, 7, '2016-05-17 01:41:03', '2016-05-17 01:41:03', 0, 91),
(38, 6, 39, 5000, 7, '2016-05-17 01:41:12', '2016-05-17 01:41:12', 0, 91),
(39, 6, 40, 25000, 7, '2016-05-17 01:41:27', '2016-05-17 01:41:27', 0, 91),
(40, 6, 41, 20000, 7, '2016-05-17 01:41:40', '2016-05-17 01:41:40', 0, 91),
(41, 6, 42, 10000, 7, '2016-05-17 01:41:52', '2016-05-17 01:41:52', 0, 91),
(42, 6, 43, 10000, 7, '2016-05-17 01:42:01', '2016-05-17 01:42:01', 0, 91),
(43, 6, 44, 20000, 7, '2016-05-17 01:42:11', '2016-05-17 01:42:11', 0, 91),
(44, 6, 45, 20000, 7, '2016-05-17 01:42:23', '2016-05-17 01:42:23', 0, 91),
(45, 6, 46, 10000, 7, '2016-05-17 01:42:35', '2016-05-17 01:42:35', 0, 91),
(46, 6, 47, 10000, 7, '2016-05-17 01:42:43', '2016-05-17 01:42:43', 0, 91),
(47, 6, 48, 15000, 10, '2016-05-17 01:42:55', '2016-05-17 01:42:55', 0, 91),
(48, 6, 49, 10000, 16, '2016-05-17 01:43:20', '2016-05-17 01:43:20', 0, 91),
(49, 6, 50, 3000, 7, '2016-05-17 01:44:08', '2016-05-17 01:44:08', 0, 91),
(50, 6, 51, 7000, 7, '2016-05-17 01:45:06', '2016-05-17 01:45:06', 0, 91),
(51, 6, 52, 7000, 7, '2016-05-17 01:45:26', '2016-05-17 01:45:26', 0, 91),
(52, 6, 53, 5000, 7, '2016-05-17 01:45:46', '2016-05-17 01:45:46', 0, 91),
(53, 6, 58, 15000, 7, '2016-05-17 01:46:25', '2016-05-17 01:46:25', 0, 91),
(54, 6, 59, 9000, 7, '2016-05-17 01:46:40', '2016-05-17 01:46:40', 0, 91),
(55, 6, 60, 5000, 7, '2016-05-17 01:46:50', '2016-05-17 01:46:50', 0, 91),
(56, 6, 61, 3000, 7, '2016-05-17 01:47:02', '2016-05-17 01:47:02', 0, 91),
(57, 6, 62, 5000, 7, '2016-05-17 01:47:08', '2016-05-17 01:47:08', 0, 91),
(58, 6, 63, 375, 14, '2016-05-17 01:47:30', '2016-05-17 01:47:30', 0, 91),
(59, 6, 64, 5000, 7, '2016-05-17 01:47:41', '2016-05-17 01:47:41', 0, 91),
(60, 6, 65, 5000, 7, '2016-05-17 01:47:52', '2016-05-17 01:47:52', 0, 91),
(61, 6, 66, 5000, 7, '2016-05-17 01:48:04', '2016-05-17 01:48:04', 0, 91),
(62, 6, 67, 6000, 7, '2016-05-17 01:48:17', '2016-05-17 01:48:17', 0, 91),
(63, 6, 68, 1500, 7, '2016-05-17 01:48:31', '2016-05-17 01:48:31', 0, 91),
(64, 6, 69, 5000, 7, '2016-05-17 01:48:40', '2016-05-17 01:48:40', 0, 91),
(65, 6, 70, 6000, 7, '2016-05-17 01:48:49', '2016-05-17 01:48:49', 0, 91),
(66, 6, 71, 5000, 7, '2016-05-17 01:49:28', '2016-05-17 01:49:28', 0, 91),
(67, 6, 72, 6000, 7, '2016-05-17 01:49:43', '2016-05-17 01:49:43', 0, 91),
(68, 6, 73, 5000, 7, '2016-05-17 01:49:51', '2016-05-17 01:49:51', 0, 91),
(69, 6, 74, 3000, 7, '2016-05-17 01:49:59', '2016-05-17 01:49:59', 0, 91),
(70, 6, 75, 5000, 7, '2016-05-17 01:50:19', '2016-05-17 01:50:19', 0, 91),
(71, 6, 76, 5000, 7, '2016-05-17 01:50:27', '2016-05-17 01:50:27', 0, 91),
(72, 6, 77, 6000, 7, '2016-05-17 01:50:37', '2016-05-17 01:50:37', 0, 91),
(73, 6, 78, 2000, 7, '2016-05-17 01:50:50', '2016-05-17 01:50:50', 0, 91),
(74, 6, 79, 9000, 7, '2016-05-17 01:50:59', '2016-05-17 01:50:59', 0, 91),
(75, 6, 80, 9000, 7, '2016-05-17 01:51:09', '2016-05-17 01:51:09', 0, 91),
(76, 6, 81, 2000, 7, '2016-05-17 01:51:20', '2016-05-17 01:51:20', 0, 91),
(77, 6, 82, 6000, 7, '2016-05-17 01:51:27', '2016-05-17 01:51:27', 0, 91),
(78, 3, 84, 3000, 7, '2016-05-17 23:41:06', '2016-05-17 23:41:06', 0, 91),
(79, 3, 85, 2000, 7, '2016-05-17 23:41:38', '2016-05-17 23:41:38', 0, 91),
(80, 3, 86, 2000, 7, '2016-05-17 23:42:02', '2016-05-17 23:42:02', 0, 91),
(81, 3, 87, 6000, 7, '2016-05-17 23:42:16', '2016-05-17 23:42:16', 0, 91),
(82, 3, 92, 2000, 7, '2016-05-17 23:42:52', '2016-05-17 23:42:52', 0, 91),
(83, 3, 93, 2000, 7, '2016-05-17 23:43:03', '2016-05-17 23:43:03', 0, 91),
(84, 3, 94, 3000, 7, '2016-05-17 23:43:20', '2016-05-17 23:43:20', 0, 91),
(85, 3, 95, 4000, 7, '2016-05-17 23:43:35', '2016-05-17 23:43:35', 0, 91),
(86, 3, 96, 3000, 7, '2016-05-17 23:44:00', '2016-05-17 23:44:00', 0, 91),
(87, 3, 97, 6000, 7, '2016-05-17 23:44:15', '2016-05-17 23:44:15', 0, 91),
(88, 3, 98, 2500, 7, '2016-05-17 23:44:32', '2016-05-17 23:44:32', 0, 91),
(89, 3, 99, 2500, 7, '2016-05-17 23:44:49', '2016-05-17 23:44:49', 0, 91),
(90, 3, 100, 4000, 7, '2016-05-17 23:58:17', '2016-05-17 23:58:17', 0, 91),
(91, 3, 101, 6000, 7, '2016-05-17 23:58:34', '2016-05-17 23:58:34', 0, 91),
(92, 3, 102, 4000, 7, '2016-05-17 23:58:45', '2016-05-17 23:58:45', 0, 91),
(93, 3, 103, 4000, 7, '2016-05-17 23:58:57', '2016-05-17 23:58:57', 0, 91),
(94, 3, 104, 2000, 7, '2016-05-17 23:59:09', '2016-05-17 23:59:09', 0, 91),
(95, 3, 105, 2000, 7, '2016-05-18 00:01:40', '2016-05-18 00:01:40', 0, 91),
(96, 3, 106, 2000, 7, '2016-05-18 00:01:40', '2016-05-18 00:01:40', 0, 91),
(97, 3, 108, 2000, 7, '2016-05-18 00:01:41', '2016-05-18 00:01:41', 0, 91),
(98, 3, 109, 4000, 7, '2016-05-18 00:01:42', '2016-05-18 00:01:42', 0, 91),
(99, 3, 111, 4000, 7, '2016-05-18 00:01:43', '2016-05-18 00:01:43', 0, 91),
(100, 3, 113, 6000, 7, '2016-05-18 00:01:44', '2016-05-18 00:01:44', 0, 91),
(101, 3, 114, 6000, 7, '2016-05-18 00:01:45', '2016-05-18 00:01:45', 0, 91),
(102, 3, 115, 3000, 7, '2016-05-18 00:01:46', '2016-05-18 00:01:46', 0, 91),
(103, 3, 116, 3000, 7, '2016-05-18 00:01:46', '2016-05-18 00:01:46', 0, 91),
(104, 3, 117, 3000, 7, '2016-05-18 00:01:47', '2016-05-18 00:01:47', 0, 91),
(105, 3, 119, 2500, 7, '2016-05-18 00:01:48', '2016-05-18 00:01:48', 0, 91),
(106, 3, 266, 2000, 7, '2016-05-18 02:00:22', '2016-05-18 02:00:22', 0, 91),
(107, 3, 83, 10000, 10, '2016-05-18 02:48:58', '2016-05-18 02:48:58', 0, 91),
(108, 3, 88, 50000, 30, '2016-05-18 02:49:12', '2016-05-18 02:49:12', 0, 91),
(109, 3, 89, 5000, 7, '2016-05-18 02:49:24', '2016-05-18 02:49:24', 0, 91),
(110, 3, 90, 5000, 7, '2016-05-18 02:49:33', '2016-05-18 02:49:33', 0, 91),
(111, 3, 91, 5000, 7, '2016-05-18 02:49:40', '2016-05-18 02:49:40', 0, 91),
(112, 3, 107, 3000, 7, '2016-05-18 02:50:19', '2016-05-18 02:50:19', 0, 91),
(113, 3, 110, 2000, 7, '2016-05-18 02:50:41', '2016-05-18 02:50:41', 0, 91),
(114, 3, 112, 2000, 7, '2016-05-18 02:50:50', '2016-05-18 02:50:50', 0, 91),
(115, 3, 118, 3000, 7, '2016-05-18 02:51:03', '2016-05-18 02:51:03', 0, 91),
(116, 3, 120, 2500, 7, '2016-05-18 02:51:14', '2016-05-18 02:51:14', 0, 91),
(117, 3, 121, 4000, 7, '2016-05-18 02:51:26', '2016-05-18 02:51:26', 0, 91),
(118, 3, 122, 2000, 7, '2016-05-18 02:51:37', '2016-05-18 02:51:37', 0, 91),
(119, 3, 123, 2000, 7, '2016-05-18 02:51:46', '2016-05-18 02:51:46', 0, 91),
(120, 3, 124, 3000, 7, '2016-05-18 02:51:56', '2016-05-18 02:51:56', 0, 91),
(121, 3, 125, 2000, 7, '2016-05-18 02:52:11', '2016-05-18 02:52:11', 0, 91),
(122, 3, 126, 2500, 7, '2016-05-18 02:52:23', '2016-05-18 02:52:23', 0, 91),
(123, 3, 127, 2500, 7, '2016-05-18 02:52:35', '2016-05-18 02:52:35', 0, 91),
(124, 3, 128, 4000, 7, '2016-05-18 02:52:53', '2016-05-18 02:52:53', 0, 91),
(125, 3, 129, 4000, 7, '2016-05-18 02:53:09', '2016-05-18 02:53:09', 0, 91),
(126, 3, 130, 2000, 7, '2016-05-18 02:53:22', '2016-05-18 02:53:22', 0, 91),
(127, 3, 131, 2000, 7, '2016-05-18 02:53:32', '2016-05-18 02:53:32', 0, 91),
(128, 3, 132, 4000, 7, '2016-05-18 02:53:46', '2016-05-18 02:53:46', 0, 91),
(129, 3, 133, 2000, 7, '2016-05-18 02:53:59', '2016-05-18 02:53:59', 0, 91),
(130, 3, 134, 4000, 7, '2016-05-18 02:54:11', '2016-05-18 02:54:11', 0, 91),
(131, 3, 135, 2000, 7, '2016-05-18 02:54:22', '2016-05-18 02:54:22', 0, 91),
(132, 3, 136, 3000, 7, '2016-05-18 02:54:36', '2016-05-18 02:54:36', 0, 91),
(133, 3, 137, 3000, 7, '2016-05-18 02:54:42', '2016-05-18 02:54:42', 0, 91),
(134, 3, 138, 3000, 7, '2016-05-18 02:54:50', '2016-05-18 02:54:50', 0, 91),
(135, 3, 139, 2500, 7, '2016-05-18 02:55:05', '2016-05-18 02:55:05', 0, 91),
(136, 3, 140, 10000, 7, '2016-05-18 02:57:32', '2016-05-18 02:57:32', 0, 91),
(137, 3, 141, 10000, 7, '2016-05-18 02:57:39', '2016-05-18 02:57:39', 0, 91),
(138, 3, 142, 10000, 7, '2016-05-18 02:57:46', '2016-05-18 02:57:46', 0, 91),
(139, 3, 154, 2000, 7, '2016-05-18 02:58:30', '2016-05-18 02:58:30', 0, 91),
(140, 3, 155, 6500, 7, '2016-05-18 02:58:43', '2016-05-18 02:58:43', 0, 91),
(141, 3, 156, 10000, 7, '2016-05-18 02:58:52', '2016-05-18 02:58:52', 0, 91),
(142, 3, 157, 2000, 7, '2016-05-18 02:59:00', '2016-05-18 02:59:00', 0, 91),
(143, 3, 158, 4000, 7, '2016-05-18 02:59:07', '2016-05-18 02:59:07', 0, 91),
(144, 3, 159, 4000, 7, '2016-05-18 02:59:32', '2016-05-18 02:59:32', 0, 91),
(145, 3, 160, 4000, 7, '2016-05-18 02:59:38', '2016-05-18 02:59:38', 0, 91),
(146, 3, 161, 2000, 7, '2016-05-18 03:00:02', '2016-05-18 03:00:02', 0, 91),
(147, 3, 162, 4000, 7, '2016-05-18 03:00:08', '2016-05-18 03:00:08', 0, 91),
(148, 3, 163, 3000, 7, '2016-05-18 03:00:16', '2016-05-18 03:00:16', 0, 91),
(149, 3, 164, 4000, 7, '2016-05-18 03:00:26', '2016-05-18 03:00:26', 0, 91),
(150, 3, 165, 2000, 7, '2016-05-18 03:00:38', '2016-05-18 03:00:38', 0, 91),
(151, 3, 166, 3000, 7, '2016-05-18 03:00:45', '2016-05-18 03:00:45', 0, 91),
(152, 3, 143, 2000, 7, '2016-05-18 03:01:39', '2016-05-18 03:01:39', 0, 91),
(153, 3, 144, 6500, 7, '2016-05-18 03:01:46', '2016-05-18 03:01:46', 0, 91),
(154, 3, 145, 10000, 7, '2016-05-18 03:01:51', '2016-05-18 03:01:51', 0, 91),
(155, 3, 146, 4000, 7, '2016-05-18 03:01:57', '2016-05-18 03:01:57', 0, 91),
(156, 3, 147, 4000, 7, '2016-05-18 03:02:07', '2016-05-18 03:02:07', 0, 91),
(157, 3, 148, 4000, 7, '2016-05-18 03:02:15', '2016-05-18 03:02:15', 0, 91),
(158, 3, 149, 2000, 7, '2016-05-18 03:02:24', '2016-05-18 03:02:24', 0, 91),
(159, 3, 150, 3000, 7, '2016-05-18 03:02:31', '2016-05-18 03:02:31', 0, 91),
(160, 3, 151, 4000, 7, '2016-05-18 03:02:41', '2016-05-18 03:02:41', 0, 91),
(161, 3, 152, 2000, 7, '2016-05-18 03:02:53', '2016-05-18 03:02:53', 0, 91),
(162, 3, 153, 3000, 7, '2016-05-18 03:03:00', '2016-05-18 03:03:00', 0, 91),
(163, 3, 167, 2000, 7, '2016-05-18 03:04:12', '2016-05-18 03:04:12', 0, 91),
(164, 3, 168, 6500, 7, '2016-05-18 03:04:21', '2016-05-18 03:04:21', 0, 91),
(165, 3, 169, 10000, 7, '2016-05-18 03:04:25', '2016-05-18 03:04:25', 0, 91),
(166, 3, 170, 4000, 7, '2016-05-18 03:04:33', '2016-05-18 03:04:33', 0, 91),
(167, 3, 171, 2000, 7, '2016-05-18 03:04:39', '2016-05-18 03:04:39', 0, 91),
(168, 3, 172, 4000, 7, '2016-05-18 03:04:47', '2016-05-18 03:04:47', 0, 91),
(169, 3, 173, 4000, 7, '2016-05-18 03:04:57', '2016-05-18 03:04:57', 0, 91),
(170, 3, 174, 4000, 7, '2016-05-18 03:05:16', '2016-05-18 03:05:16', 0, 91),
(171, 3, 175, 4000, 7, '2016-05-18 03:05:22', '2016-05-18 03:05:22', 0, 91),
(172, 3, 176, 2000, 7, '2016-05-18 03:05:28', '2016-05-18 03:05:28', 0, 91),
(173, 3, 177, 3000, 7, '2016-05-18 03:05:34', '2016-05-18 03:05:34', 0, 91),
(174, 3, 178, 4000, 7, '2016-05-18 03:05:44', '2016-05-18 03:05:44', 0, 91),
(175, 3, 179, 4000, 7, '2016-05-18 03:05:50', '2016-05-18 03:05:50', 0, 91),
(176, 3, 180, 4000, 7, '2016-05-18 03:05:57', '2016-05-18 03:05:57', 0, 91),
(177, 3, 181, 2000, 7, '2016-05-18 03:06:13', '2016-05-18 03:06:13', 0, 91),
(178, 3, 182, 2000, 7, '2016-05-18 03:06:23', '2016-05-18 03:06:23', 0, 91),
(179, 3, 183, 3000, 7, '2016-05-18 03:06:30', '2016-05-18 03:06:30', 0, 91),
(180, 3, 184, 2000, 7, '2016-05-18 03:07:49', '2016-05-18 03:07:49', 0, 91),
(181, 3, 185, 3000, 7, '2016-05-18 03:07:55', '2016-05-18 03:07:55', 0, 91),
(182, 3, 186, 2000, 7, '2016-05-18 03:08:03', '2016-05-18 03:08:03', 0, 91),
(183, 3, 187, 4000, 7, '2016-05-18 03:08:10', '2016-05-18 03:08:10', 0, 91),
(184, 3, 188, 2000, 7, '2016-05-18 03:08:16', '2016-05-18 03:08:16', 0, 91),
(185, 3, 189, 3000, 7, '2016-05-18 03:08:22', '2016-05-18 03:08:22', 0, 91),
(186, 3, 190, 2500, 7, '2016-05-18 03:08:29', '2016-05-18 03:08:29', 0, 91),
(187, 3, 191, 4000, 7, '2016-05-18 03:08:43', '2016-05-18 03:08:43', 0, 91),
(188, 3, 192, 6000, 7, '2016-05-18 03:09:03', '2016-05-18 03:09:03', 0, 91),
(189, 3, 193, 6000, 7, '2016-05-18 03:09:09', '2016-05-18 03:09:09', 0, 91),
(190, 3, 194, 4000, 7, '2016-05-18 03:09:17', '2016-05-18 03:09:17', 0, 91),
(191, 3, 195, 2000, 7, '2016-05-18 03:09:25', '2016-05-18 03:09:25', 0, 91),
(192, 3, 196, 2000, 7, '2016-05-18 03:09:31', '2016-05-18 03:09:31', 0, 91),
(193, 3, 197, 3000, 7, '2016-05-18 03:09:40', '2016-05-18 03:09:40', 0, 91),
(194, 3, 198, 2000, 7, '2016-05-18 03:09:53', '2016-05-18 03:09:53', 0, 91),
(195, 3, 199, 2500, 7, '2016-05-18 03:10:02', '2016-05-18 03:10:02', 0, 91),
(196, 3, 200, 2500, 7, '2016-05-18 03:10:10', '2016-05-18 03:10:10', 0, 91),
(197, 3, 201, 2500, 7, '2016-05-18 03:10:14', '2016-05-18 03:10:14', 0, 91),
(198, 3, 202, 4000, 7, '2016-05-18 03:10:22', '2016-05-18 03:10:22', 0, 91),
(199, 3, 203, 4000, 7, '2016-05-18 03:10:30', '2016-05-18 03:10:30', 0, 91),
(200, 3, 204, 2000, 7, '2016-05-18 03:10:42', '2016-05-18 03:10:42', 0, 91),
(201, 3, 205, 4000, 7, '2016-05-18 03:10:58', '2016-05-18 03:10:58', 0, 91),
(202, 3, 206, 4000, 7, '2016-05-18 03:11:02', '2016-05-18 03:11:02', 0, 91),
(203, 3, 207, 2500, 7, '2016-05-18 03:11:08', '2016-05-18 03:11:08', 0, 91),
(204, 3, 208, 2000, 7, '2016-05-18 03:11:22', '2016-05-18 03:11:22', 0, 91),
(205, 3, 209, 2000, 7, '2016-05-18 03:11:32', '2016-05-18 03:11:32', 0, 91),
(206, 3, 210, 4000, 7, '2016-05-18 03:11:38', '2016-05-18 03:11:38', 0, 91),
(207, 3, 211, 2000, 7, '2016-05-18 03:11:45', '2016-05-18 03:11:45', 0, 91),
(208, 3, 212, 4000, 7, '2016-05-18 03:11:51', '2016-05-18 03:11:51', 0, 91),
(209, 3, 213, 2000, 7, '2016-05-18 03:12:01', '2016-05-18 03:12:01', 0, 91),
(210, 3, 214, 3000, 7, '2016-05-18 03:12:08', '2016-05-18 03:12:08', 0, 91),
(211, 3, 215, 3000, 7, '2016-05-18 03:12:12', '2016-05-18 03:12:12', 0, 91),
(212, 3, 216, 3000, 7, '2016-05-18 03:12:19', '2016-05-18 03:12:19', 0, 91),
(213, 3, 279, 5000, 7, '2016-05-18 03:14:16', '2016-05-18 03:14:16', 0, 91),
(214, 3, 217, 2000, 7, '2016-05-18 03:15:44', '2016-05-18 03:15:44', 0, 91),
(215, 3, 218, 3000, 7, '2016-05-18 03:15:49', '2016-05-18 03:15:49', 0, 91),
(216, 3, 219, 2000, 7, '2016-05-18 03:15:55', '2016-05-18 03:15:55', 0, 91),
(217, 3, 220, 2000, 7, '2016-05-18 03:16:01', '2016-05-18 03:16:01', 0, 91),
(218, 3, 221, 2500, 7, '2016-05-18 03:16:08', '2016-05-18 03:16:08', 0, 91),
(219, 3, 222, 3000, 7, '2016-05-18 03:16:15', '2016-05-18 03:16:15', 0, 91),
(220, 3, 223, 2000, 7, '2016-05-18 03:16:22', '2016-05-18 03:16:22', 0, 91),
(221, 3, 224, 3000, 7, '2016-05-18 03:16:31', '2016-05-18 03:16:31', 0, 91),
(222, 3, 225, 2500, 7, '2016-05-18 03:16:42', '2016-05-18 03:16:42', 0, 91),
(223, 3, 226, 2500, 7, '2016-05-18 03:16:51', '2016-05-18 03:16:51', 0, 91),
(224, 3, 227, 4000, 7, '2016-05-18 03:17:02', '2016-05-18 03:17:02', 0, 91),
(225, 3, 228, 4000, 7, '2016-05-18 03:17:08', '2016-05-18 03:17:08', 0, 91),
(226, 3, 229, 2000, 7, '2016-05-18 03:17:20', '2016-05-18 03:17:20', 0, 91),
(227, 3, 230, 2000, 7, '2016-05-18 03:17:25', '2016-05-18 03:17:25', 0, 91),
(228, 3, 231, 2000, 7, '2016-05-18 03:17:33', '2016-05-18 03:17:33', 0, 91),
(229, 3, 232, 2000, 7, '2016-05-18 03:17:40', '2016-05-18 03:17:40', 0, 91),
(230, 3, 233, 4000, 7, '2016-05-18 03:17:52', '2016-05-18 03:17:52', 0, 91),
(231, 3, 234, 3000, 7, '2016-05-18 03:17:59', '2016-05-18 03:17:59', 0, 91),
(232, 3, 235, 3000, 7, '2016-05-18 03:18:06', '2016-05-18 03:18:06', 0, 91),
(233, 3, 236, 2500, 7, '2016-05-18 03:18:13', '2016-05-18 03:18:13', 0, 91),
(234, 3, 244, 3000, 7, '2016-05-18 03:18:36', '2016-05-18 03:18:36', 0, 91),
(235, 3, 245, 3000, 7, '2016-05-18 03:18:45', '2016-05-18 03:18:45', 0, 91),
(236, 3, 247, 2500, 7, '2016-05-18 03:18:52', '2016-05-18 03:18:52', 0, 91),
(237, 3, 249, 2500, 7, '2016-05-18 03:18:57', '2016-05-18 03:18:57', 0, 91),
(238, 3, 251, 3000, 7, '2016-05-18 03:19:05', '2016-05-18 03:19:05', 0, 91),
(239, 3, 253, 12000, 7, '2016-05-18 03:19:33', '2016-05-18 03:19:33', 0, 91),
(240, 3, 254, 15000, 7, '2016-05-18 03:19:40', '2016-05-18 03:19:40', 0, 91),
(241, 3, 258, 10000, 7, '2016-05-18 03:20:04', '2016-05-18 03:20:04', 0, 91),
(242, 3, 263, 5000, 7, '2016-05-18 03:20:24', '2016-05-18 03:20:24', 0, 91),
(243, 4, 747, 6000, 7, '2016-06-01 21:40:44', '2016-06-01 21:40:44', 0, 91),
(244, 4, 748, 10000, 7, '2016-06-01 21:40:56', '2016-06-01 21:40:56', 0, 91),
(245, 4, 749, 3000, 7, '2016-06-01 21:42:06', '2016-06-01 21:42:06', 0, 91),
(246, 4, 750, 3000, 7, '2016-06-01 21:42:13', '2016-06-01 21:42:13', 0, 91),
(247, 4, 751, 3000, 7, '2016-06-01 21:42:23', '2016-06-01 21:42:23', 0, 91),
(248, 4, 752, 5000, 7, '2016-06-01 21:42:31', '2016-06-01 21:42:31', 0, 91),
(249, 4, 753, 3000, 7, '2016-06-01 21:42:43', '2016-06-01 21:42:43', 0, 91),
(250, 4, 754, 3000, 7, '2016-06-01 21:42:49', '2016-06-01 21:42:49', 0, 91),
(251, 4, 755, 5000, 7, '2016-06-01 21:42:58', '2016-06-01 21:42:58', 0, 91),
(252, 4, 756, 3000, 7, '2016-06-01 21:43:12', '2016-06-01 21:43:12', 0, 91),
(253, 4, 757, 3000, 7, '2016-06-01 21:43:18', '2016-06-01 21:43:18', 0, 91),
(254, 4, 758, 3000, 7, '2016-06-01 21:43:23', '2016-06-01 21:43:23', 0, 91),
(255, 4, 759, 3000, 7, '2016-06-01 21:43:30', '2016-06-01 21:43:30', 0, 91),
(256, 4, 760, 5000, 7, '2016-06-01 21:43:40', '2016-06-01 21:43:40', 0, 91),
(257, 4, 761, 3000, 7, '2016-06-01 21:43:51', '2016-06-01 21:43:51', 0, 91),
(258, 4, 762, 5000, 7, '2016-06-01 21:43:58', '2016-06-01 21:43:58', 0, 91),
(259, 4, 763, 3000, 7, '2016-06-01 21:44:07', '2016-06-01 21:44:07', 0, 91),
(260, 4, 764, 3000, 7, '2016-06-01 21:44:15', '2016-06-01 21:44:15', 0, 91),
(261, 4, 765, 5000, 7, '2016-06-01 21:44:25', '2016-06-01 21:44:25', 0, 91),
(262, 4, 766, 3000, 7, '2016-06-01 21:46:53', '2016-06-01 21:46:53', 0, 91),
(263, 4, 767, 6000, 7, '2016-06-01 21:46:59', '2016-06-01 21:46:59', 0, 91),
(264, 4, 768, 3000, 7, '2016-06-01 21:47:13', '2016-06-01 21:47:13', 0, 91),
(265, 4, 769, 3000, 7, '2016-06-01 21:47:22', '2016-06-01 21:47:22', 0, 91),
(266, 4, 770, 3000, 7, '2016-06-01 21:47:33', '2016-06-01 21:47:33', 0, 91),
(267, 4, 771, 3000, 7, '2016-06-01 21:47:41', '2016-06-01 21:47:41', 0, 91),
(268, 4, 772, 3000, 7, '2016-06-01 21:47:53', '2016-06-01 21:47:53', 0, 91),
(269, 4, 773, 3000, 7, '2016-06-01 21:47:58', '2016-06-01 21:47:58', 0, 91),
(270, 4, 774, 3000, 7, '2016-06-01 21:48:03', '2016-06-01 21:48:03', 0, 91),
(271, 4, 775, 3000, 7, '2016-06-01 21:48:08', '2016-06-01 21:48:08', 0, 91),
(272, 4, 776, 3000, 7, '2016-06-01 21:48:14', '2016-06-01 21:48:14', 0, 91),
(273, 4, 777, 3000, 7, '2016-06-01 21:48:20', '2016-06-01 21:48:20', 0, 91),
(274, 4, 778, 3000, 7, '2016-06-01 21:48:46', '2016-06-01 21:48:46', 0, 91),
(275, 4, 779, 3000, 7, '2016-06-01 21:50:34', '2016-06-01 21:50:34', 0, 91),
(276, 4, 780, 3000, 7, '2016-06-01 21:50:39', '2016-06-01 21:50:39', 0, 91),
(277, 4, 781, 3000, 7, '2016-06-01 21:50:45', '2016-06-01 21:50:45', 0, 91),
(278, 4, 782, 3000, 7, '2016-06-01 21:50:51', '2016-06-01 21:50:51', 0, 91),
(279, 4, 783, 1000, 7, '2016-06-01 21:51:08', '2016-06-01 21:51:08', 0, 91),
(280, 4, 784, 1000, 7, '2016-06-01 21:51:17', '2016-06-01 21:51:17', 0, 91),
(281, 4, 785, 1000, 7, '2016-06-01 21:51:23', '2016-06-01 21:51:23', 0, 91),
(282, 4, 786, 1000, 7, '2016-06-01 21:51:29', '2016-06-01 21:51:29', 0, 91),
(283, 4, 787, 10000, 7, '2016-06-01 21:51:38', '2016-06-01 21:51:58', 0, 91),
(284, 4, 788, 3000, 7, '2016-06-01 21:52:11', '2016-06-01 21:52:11', 0, 91),
(285, 4, 789, 5000, 7, '2016-06-01 21:52:17', '2016-06-01 21:52:17', 0, 91),
(286, 4, 790, 3000, 7, '2016-06-01 21:52:29', '2016-06-01 21:52:29', 0, 91),
(287, 4, 791, 3000, 7, '2016-06-01 21:52:39', '2016-06-01 21:52:39', 0, 91),
(288, 4, 792, 1000, 7, '2016-06-01 21:55:00', '2016-06-01 21:55:00', 0, 91),
(289, 4, 793, 5000, 7, '2016-06-01 22:24:16', '2016-06-01 22:24:16', 0, 91),
(290, 4, 794, 5000, 7, '2016-06-01 22:24:28', '2016-06-01 22:24:28', 0, 91),
(291, 4, 796, 2000, 7, '2016-06-01 22:24:55', '2016-06-01 22:24:55', 0, 91),
(292, 4, 797, 2000, 7, '2016-06-01 22:25:03', '2016-06-01 22:25:03', 0, 91),
(293, 4, 798, 3000, 7, '2016-06-01 22:26:28', '2016-06-01 22:26:28', 0, 91),
(294, 4, 799, 3000, 7, '2016-06-01 22:26:34', '2016-06-01 22:26:34', 0, 91),
(295, 4, 800, 3000, 7, '2016-06-01 22:26:40', '2016-06-01 22:26:40', 0, 91),
(296, 4, 801, 1000, 7, '2016-06-01 22:27:04', '2016-06-01 22:27:04', 0, 91),
(297, 4, 802, 5000, 7, '2016-06-01 22:27:18', '2016-06-01 22:27:18', 0, 91),
(298, 4, 803, 5000, 7, '2016-06-01 22:27:37', '2016-06-01 22:27:37', 0, 91),
(299, 4, 804, 3000, 7, '2016-06-01 22:27:54', '2016-06-01 22:27:54', 0, 91),
(300, 4, 805, 3000, 7, '2016-06-01 22:28:01', '2016-06-01 22:28:01', 0, 91),
(301, 4, 806, 3000, 7, '2016-06-01 22:28:14', '2016-06-01 22:28:14', 0, 91),
(302, 4, 807, 3000, 7, '2016-06-01 22:29:05', '2016-06-01 22:29:05', 0, 91),
(303, 4, 808, 3000, 7, '2016-06-01 22:29:10', '2016-06-01 22:29:10', 0, 91),
(304, 4, 809, 10000, 7, '2016-06-01 22:29:18', '2016-06-01 22:29:18', 0, 91),
(305, 4, 810, 3000, 7, '2016-06-01 22:29:25', '2016-06-01 22:29:25', 0, 91),
(306, 4, 811, 3000, 7, '2016-06-01 22:29:31', '2016-06-01 22:29:31', 0, 91),
(307, 4, 812, 3000, 7, '2016-06-01 22:29:36', '2016-06-01 22:29:36', 0, 91),
(308, 4, 813, 3000, 7, '2016-06-01 22:29:40', '2016-06-01 22:29:40', 0, 91),
(309, 4, 814, 3000, 7, '2016-06-01 22:29:45', '2016-06-01 22:29:45', 0, 91),
(310, 4, 815, 3000, 7, '2016-06-01 22:29:51', '2016-06-01 22:29:51', 0, 91),
(311, 4, 816, 3000, 7, '2016-06-01 22:29:56', '2016-06-01 22:29:56', 0, 91),
(312, 4, 817, 3000, 7, '2016-06-01 22:30:30', '2016-06-01 22:30:30', 0, 91),
(313, 4, 818, 3000, 7, '2016-06-01 22:30:35', '2016-06-01 22:30:35', 0, 91),
(314, 4, 819, 3000, 7, '2016-06-01 22:30:45', '2016-06-01 22:30:45', 0, 91),
(315, 4, 820, 3000, 7, '2016-06-01 22:30:50', '2016-06-01 22:30:50', 0, 91),
(316, 4, 821, 1000, 7, '2016-06-01 22:30:57', '2016-06-01 22:30:57', 0, 91),
(317, 4, 822, 3000, 7, '2016-06-01 22:31:05', '2016-06-01 22:31:05', 0, 91),
(318, 4, 823, 3000, 7, '2016-06-01 22:31:09', '2016-06-01 22:31:09', 0, 91),
(319, 4, 824, 5000, 7, '2016-06-01 22:31:18', '2016-06-01 22:31:18', 0, 91),
(320, 4, 825, 3000, 7, '2016-06-01 22:31:23', '2016-06-01 22:31:23', 0, 91),
(321, 4, 826, 3000, 7, '2016-06-01 22:32:28', '2016-06-01 22:32:28', 0, 91),
(322, 4, 827, 3000, 7, '2016-06-01 22:32:33', '2016-06-01 22:32:33', 0, 91),
(323, 4, 828, 3000, 7, '2016-06-01 22:32:38', '2016-06-01 22:32:38', 0, 91),
(324, 4, 829, 3000, 7, '2016-06-01 22:32:43', '2016-06-01 22:32:43', 0, 91),
(325, 4, 830, 3000, 7, '2016-06-01 22:33:08', '2016-06-01 22:33:08', 0, 91),
(326, 4, 831, 3000, 7, '2016-06-01 22:33:14', '2016-06-01 22:33:14', 0, 91),
(327, 4, 832, 3000, 7, '2016-06-01 22:33:26', '2016-06-01 22:33:26', 0, 91),
(328, 4, 833, 3000, 7, '2016-06-01 22:35:37', '2016-06-01 22:35:37', 0, 91),
(329, 4, 834, 3000, 7, '2016-06-01 22:35:43', '2016-06-01 22:35:43', 0, 91),
(330, 4, 835, 5000, 7, '2016-06-01 22:35:49', '2016-06-01 22:35:49', 0, 91),
(331, 4, 836, 3000, 7, '2016-06-01 22:36:04', '2016-06-01 22:36:04', 0, 91),
(332, 4, 837, 5000, 7, '2016-06-01 22:36:16', '2016-06-01 22:36:16', 0, 91),
(333, 4, 838, 3000, 7, '2016-06-01 22:36:24', '2016-06-01 22:36:24', 0, 91),
(334, 4, 839, 5000, 7, '2016-06-01 22:36:33', '2016-06-01 22:36:33', 0, 91),
(335, 4, 840, 5000, 7, '2016-06-01 22:36:39', '2016-06-01 22:36:39', 0, 91),
(336, 4, 841, 3000, 7, '2016-06-01 22:36:44', '2016-06-01 22:36:44', 0, 91),
(337, 4, 842, 3000, 7, '2016-06-01 22:38:14', '2016-06-01 22:38:14', 0, 91),
(338, 4, 843, 3000, 7, '2016-06-01 22:38:19', '2016-06-01 22:38:19', 0, 91),
(339, 4, 844, 10000, 7, '2016-06-01 22:38:25', '2016-06-01 22:38:25', 0, 91),
(340, 4, 845, 6000, 7, '2016-06-01 22:38:33', '2016-06-01 22:38:33', 0, 91),
(341, 4, 846, 3000, 7, '2016-06-01 22:38:42', '2016-06-01 22:38:42', 0, 91),
(342, 4, 847, 3000, 7, '2016-06-01 22:38:47', '2016-06-01 22:38:47', 0, 91),
(343, 4, 848, 3000, 7, '2016-06-01 22:38:52', '2016-06-01 22:38:52', 0, 91),
(344, 4, 849, 3000, 7, '2016-06-01 22:38:58', '2016-06-01 22:38:58', 0, 91),
(345, 4, 850, 3000, 7, '2016-06-01 22:39:02', '2016-06-01 22:39:02', 0, 91),
(346, 4, 851, 3000, 7, '2016-06-01 22:39:08', '2016-06-01 22:39:08', 0, 91),
(347, 4, 852, 3000, 7, '2016-06-01 22:39:13', '2016-06-01 22:39:13', 0, 91),
(348, 4, 853, 3000, 7, '2016-06-01 22:39:18', '2016-06-01 22:39:18', 0, 91),
(349, 4, 854, 3000, 7, '2016-06-01 22:39:26', '2016-06-01 22:39:26', 0, 91),
(350, 4, 855, 5000, 7, '2016-06-01 22:40:15', '2016-06-01 22:40:15', 0, 91),
(351, 4, 856, 3000, 7, '2016-06-01 22:40:25', '2016-06-01 22:40:25', 0, 91),
(352, 4, 857, 5000, 7, '2016-06-01 22:40:31', '2016-06-01 22:40:31', 0, 91),
(353, 4, 858, 3000, 7, '2016-06-01 22:40:36', '2016-06-01 22:40:36', 0, 91),
(354, 4, 859, 1000, 7, '2016-06-01 22:40:43', '2016-06-01 22:40:43', 0, 91),
(355, 4, 860, 5000, 7, '2016-06-01 22:40:52', '2016-06-01 22:40:52', 0, 91),
(356, 4, 861, 3000, 7, '2016-06-01 22:41:00', '2016-06-01 22:41:00', 0, 91),
(357, 4, 862, 2000, 7, '2016-06-01 22:41:10', '2016-06-01 22:41:10', 0, 91),
(358, 4, 863, 3000, 7, '2016-06-01 22:41:17', '2016-06-01 22:41:17', 0, 91),
(359, 4, 873, 10000, 7, '2016-06-01 22:42:33', '2016-06-01 22:42:33', 0, 91),
(360, 4, 874, 5000, 7, '2016-06-01 22:42:42', '2016-06-01 22:42:42', 0, 91),
(361, 4, 875, 2000, 7, '2016-06-01 22:42:48', '2016-06-01 22:42:48', 0, 91),
(362, 4, 876, 3000, 7, '2016-06-01 22:46:23', '2016-06-01 22:46:23', 0, 91),
(363, 4, 877, 3000, 7, '2016-06-01 22:46:32', '2016-06-01 22:46:32', 0, 91),
(364, 4, 878, 9000, 7, '2016-06-01 22:46:48', '2016-06-01 22:46:48', 0, 91),
(365, 4, 879, 9000, 7, '2016-06-01 22:46:55', '2016-06-01 22:46:55', 0, 91),
(366, 4, 880, 9000, 7, '2016-06-01 22:47:02', '2016-06-01 22:47:02', 0, 91),
(367, 4, 881, 9000, 7, '2016-06-01 22:47:10', '2016-06-01 22:47:10', 0, 91),
(368, 4, 882, 3000, 7, '2016-06-01 22:47:21', '2016-06-01 22:47:21', 0, 91),
(369, 4, 883, 3000, 7, '2016-06-01 22:47:29', '2016-06-01 22:47:29', 0, 91),
(370, 4, 884, 9000, 7, '2016-06-01 22:48:38', '2016-06-01 22:48:38', 0, 91),
(371, 4, 885, 6000, 7, '2016-06-01 22:48:46', '2016-06-01 22:48:46', 0, 91),
(372, 4, 886, 4000, 7, '2016-06-01 22:49:02', '2016-06-01 22:49:02', 0, 91),
(373, 4, 887, 3000, 7, '2016-06-01 22:49:10', '2016-06-01 22:49:10', 0, 91),
(374, 4, 888, 3000, 7, '2016-06-01 22:49:26', '2016-06-01 22:49:26', 0, 91),
(375, 4, 889, 3000, 7, '2016-06-01 22:49:31', '2016-06-01 22:49:31', 0, 91),
(376, 4, 890, 6000, 7, '2016-06-01 22:49:37', '2016-06-01 22:49:37', 0, 91),
(377, 4, 891, 3000, 7, '2016-06-01 22:49:44', '2016-06-01 22:49:44', 0, 91),
(378, 4, 892, 3000, 7, '2016-06-01 22:49:52', '2016-06-01 22:49:52', 0, 91),
(379, 4, 893, 10000, 7, '2016-06-01 22:50:03', '2016-06-01 22:50:03', 0, 91),
(380, 4, 894, 3000, 7, '2016-06-01 22:50:16', '2016-06-01 22:50:16', 0, 91),
(381, 4, 895, 3000, 7, '2016-06-01 22:50:22', '2016-06-01 22:50:22', 0, 91),
(382, 4, 896, 1000, 7, '2016-06-01 22:50:27', '2016-06-01 22:50:27', 0, 91),
(383, 4, 897, 3000, 7, '2016-06-01 22:50:40', '2016-06-01 22:50:40', 0, 91),
(384, 4, 898, 3000, 7, '2016-06-01 22:50:45', '2016-06-01 22:50:45', 0, 91),
(385, 4, 899, 3000, 7, '2016-06-01 22:50:52', '2016-06-01 22:50:52', 0, 91),
(386, 4, 900, 4000, 7, '2016-06-01 22:51:03', '2016-06-01 22:51:03', 0, 91),
(387, 4, 901, 3000, 7, '2016-06-01 22:51:11', '2016-06-01 22:51:11', 0, 91),
(388, 4, 902, 3000, 7, '2016-06-01 22:51:18', '2016-06-01 22:51:18', 0, 91),
(389, 4, 903, 3000, 7, '2016-06-01 22:51:25', '2016-06-01 22:51:25', 0, 91),
(390, 4, 904, 3000, 7, '2016-06-01 22:51:33', '2016-06-01 22:51:33', 0, 91),
(391, 4, 905, 3000, 7, '2016-06-01 22:51:37', '2016-06-01 22:51:37', 0, 91),
(392, 4, 917, 3000, 7, '2016-06-01 22:52:45', '2016-06-01 22:52:45', 0, 91),
(393, 4, 918, 3000, 7, '2016-06-01 22:52:56', '2016-06-01 22:52:56', 0, 91),
(394, 4, 919, 5000, 7, '2016-06-01 22:53:03', '2016-06-01 22:53:03', 0, 91),
(395, 4, 920, 10000, 7, '2016-06-01 22:53:09', '2016-06-01 22:53:09', 0, 91),
(396, 4, 921, 3000, 7, '2016-06-01 22:53:18', '2016-06-01 22:53:18', 0, 91),
(397, 4, 922, 3000, 7, '2016-06-01 22:53:23', '2016-06-01 22:53:23', 0, 91),
(398, 4, 923, 3000, 7, '2016-06-01 22:53:28', '2016-06-01 22:53:28', 0, 91),
(399, 4, 924, 3000, 7, '2016-06-01 22:53:33', '2016-06-01 22:53:33', 0, 91),
(400, 4, 925, 3000, 7, '2016-06-01 22:53:40', '2016-06-01 22:53:40', 0, 91),
(401, 4, 926, 3000, 7, '2016-06-01 22:53:44', '2016-06-01 22:53:44', 0, 91),
(402, 4, 927, 3000, 7, '2016-06-01 22:53:50', '2016-06-01 22:53:50', 0, 91),
(403, 4, 928, 5000, 7, '2016-06-01 22:54:24', '2016-06-01 22:54:24', 0, 91),
(404, 4, 929, 3000, 7, '2016-06-01 22:54:36', '2016-06-01 22:54:36', 0, 91),
(405, 4, 930, 3000, 7, '2016-06-01 22:54:44', '2016-06-01 22:54:44', 0, 91),
(406, 4, 931, 3000, 7, '2016-06-01 22:54:52', '2016-06-01 22:54:52', 0, 91),
(407, 4, 932, 3000, 7, '2016-06-01 22:55:19', '2016-06-01 22:55:19', 0, 91),
(408, 4, 933, 4000, 7, '2016-06-01 22:55:35', '2016-06-01 22:55:51', 0, 91),
(409, 4, 934, 3000, 7, '2016-06-01 22:56:14', '2016-06-01 22:56:14', 0, 91),
(410, 4, 935, 3000, 7, '2016-06-01 22:57:11', '2016-06-01 22:57:11', 0, 91),
(411, 4, 936, 5000, 7, '2016-06-01 22:57:18', '2016-06-01 22:57:18', 0, 91),
(412, 4, 937, 5000, 7, '2016-06-01 22:57:21', '2016-06-01 22:57:21', 0, 91),
(413, 4, 938, 3000, 7, '2016-06-01 22:57:30', '2016-06-01 22:57:30', 0, 91),
(414, 4, 939, 3000, 7, '2016-06-01 22:58:34', '2016-06-01 22:58:34', 0, 91),
(415, 4, 940, 5000, 7, '2016-06-01 23:00:18', '2016-06-01 23:00:18', 0, 91),
(416, 4, 941, 3000, 7, '2016-06-01 23:00:30', '2016-06-01 23:00:30', 0, 91),
(417, 4, 942, 3000, 7, '2016-06-01 23:00:35', '2016-06-01 23:00:35', 0, 91),
(418, 4, 943, 5000, 7, '2016-06-01 23:00:41', '2016-06-01 23:00:41', 0, 91),
(419, 4, 944, 5000, 7, '2016-06-01 23:00:45', '2016-06-01 23:00:45', 0, 91),
(420, 4, 945, 6000, 7, '2016-06-01 23:01:03', '2016-06-01 23:01:03', 0, 91),
(421, 4, 946, 3000, 7, '2016-06-01 23:01:12', '2016-06-01 23:01:12', 0, 91),
(422, 4, 947, 5000, 7, '2016-06-01 23:10:51', '2016-06-01 23:10:51', 0, 91),
(423, 4, 948, 5000, 7, '2016-06-01 23:11:01', '2016-06-01 23:11:01', 0, 91),
(424, 4, 949, 5000, 7, '2016-06-01 23:11:05', '2016-06-01 23:11:05', 0, 91),
(425, 4, 950, 10000, 7, '2016-06-01 23:11:10', '2016-06-01 23:11:10', 0, 91),
(426, 4, 951, 3000, 7, '2016-06-01 23:11:52', '2016-06-01 23:11:52', 0, 91),
(427, 4, 952, 3000, 7, '2016-06-01 23:11:55', '2016-06-01 23:11:55', 0, 91),
(428, 4, 953, 1000, 7, '2016-06-01 23:12:00', '2016-06-01 23:12:00', 0, 91),
(429, 4, 954, 3000, 7, '2016-06-01 23:12:05', '2016-06-01 23:12:05', 0, 91),
(430, 4, 955, 3000, 7, '2016-06-01 23:12:55', '2016-06-01 23:12:55', 0, 91),
(431, 4, 956, 5000, 7, '2016-06-01 23:13:08', '2016-06-01 23:13:08', 0, 91),
(432, 4, 957, 3000, 7, '2016-06-01 23:13:11', '2016-06-01 23:13:11', 0, 91),
(433, 4, 958, 5000, 7, '2016-06-01 23:13:23', '2016-06-01 23:13:23', 0, 91),
(434, 4, 959, 3000, 7, '2016-06-01 23:13:26', '2016-06-01 23:13:26', 0, 91),
(435, 4, 960, 10000, 7, '2016-06-01 23:13:31', '2016-06-01 23:13:31', 0, 91),
(436, 4, 961, 3000, 7, '2016-06-01 23:13:43', '2016-06-01 23:13:43', 0, 91),
(437, 4, 962, 5000, 7, '2016-06-01 23:13:52', '2016-06-01 23:13:52', 0, 91),
(438, 4, 963, 3000, 7, '2016-06-01 23:14:01', '2016-06-01 23:14:01', 0, 91),
(439, 4, 964, 3000, 7, '2016-06-01 23:14:04', '2016-06-01 23:14:04', 0, 91),
(440, 4, 965, 5000, 7, '2016-06-01 23:14:10', '2016-06-01 23:14:10', 0, 91),
(441, 4, 966, 5000, 7, '2016-06-01 23:14:13', '2016-06-01 23:14:13', 0, 91),
(442, 4, 967, 3000, 7, '2016-06-01 23:14:20', '2016-06-01 23:14:20', 0, 91),
(443, 4, 968, 5000, 7, '2016-06-01 23:15:23', '2016-06-01 23:15:23', 0, 91),
(444, 4, 969, 3000, 7, '2016-06-01 23:15:28', '2016-06-01 23:15:28', 0, 91),
(445, 4, 970, 5000, 7, '2016-06-01 23:15:30', '2016-06-01 23:15:30', 0, 91),
(446, 4, 971, 3000, 7, '2016-06-01 23:15:36', '2016-06-01 23:15:36', 0, 91),
(447, 4, 972, 1000, 7, '2016-06-01 23:15:40', '2016-06-01 23:15:40', 0, 91),
(448, 4, 973, 5000, 7, '2016-06-01 23:15:46', '2016-06-01 23:15:46', 0, 91),
(449, 4, 974, 3000, 7, '2016-06-01 23:15:50', '2016-06-01 23:15:50', 0, 91),
(450, 4, 975, 2000, 7, '2016-06-01 23:15:54', '2016-06-01 23:15:54', 0, 91),
(451, 4, 976, 3000, 7, '2016-06-01 23:16:00', '2016-06-01 23:16:00', 0, 91),
(452, 4, 977, 5000, 7, '2016-06-01 23:17:00', '2016-06-01 23:17:00', 0, 91),
(453, 4, 978, 5000, 7, '2016-06-01 23:17:04', '2016-06-01 23:17:04', 0, 91),
(454, 4, 979, 1000, 7, '2016-06-01 23:17:07', '2016-06-01 23:17:07', 0, 91),
(455, 4, 980, 3000, 7, '2016-06-01 23:17:13', '2016-06-01 23:17:13', 0, 91),
(456, 4, 981, 3000, 7, '2016-06-01 23:17:16', '2016-06-01 23:17:16', 0, 91),
(457, 4, 982, 5000, 7, '2016-06-01 23:17:23', '2016-06-01 23:17:23', 0, 91),
(458, 4, 983, 3000, 7, '2016-06-01 23:17:29', '2016-06-01 23:17:29', 0, 91),
(459, 4, 984, 3000, 7, '2016-06-01 23:17:37', '2016-06-01 23:17:37', 0, 91),
(460, 4, 985, 3000, 7, '2016-06-01 23:19:04', '2016-06-01 23:19:04', 0, 91),
(461, 4, 986, 3000, 7, '2016-06-01 23:19:07', '2016-06-01 23:19:07', 0, 91),
(462, 4, 987, 1000, 7, '2016-06-01 23:19:10', '2016-06-01 23:19:10', 0, 91),
(463, 4, 988, 3000, 7, '2016-06-01 23:19:15', '2016-06-01 23:19:15', 0, 91),
(464, 4, 989, 3000, 7, '2016-06-01 23:19:18', '2016-06-01 23:19:18', 0, 91),
(465, 4, 990, 3000, 7, '2016-06-01 23:20:41', '2016-06-01 23:20:41', 0, 91),
(466, 4, 991, 5000, 7, '2016-06-01 23:20:47', '2016-06-01 23:20:47', 0, 91),
(467, 4, 992, 3000, 7, '2016-06-01 23:20:49', '2016-06-01 23:20:49', 0, 91),
(468, 4, 993, 5000, 7, '2016-06-01 23:20:54', '2016-06-01 23:20:54', 0, 91),
(469, 4, 994, 3000, 7, '2016-06-01 23:20:57', '2016-06-01 23:20:57', 0, 91),
(470, 4, 995, 10000, 7, '2016-06-01 23:21:04', '2016-06-01 23:21:04', 0, 91),
(471, 4, 996, 10000, 7, '2016-06-01 23:21:08', '2016-06-01 23:21:08', 0, 91),
(472, 4, 997, 3000, 7, '2016-06-01 23:21:15', '2016-06-01 23:21:15', 0, 91),
(473, 4, 998, 5000, 7, '2016-06-01 23:21:17', '2016-06-01 23:21:17', 0, 91),
(474, 4, 999, 3000, 7, '2016-06-01 23:21:23', '2016-06-01 23:21:23', 0, 91),
(475, 4, 1000, 3000, 7, '2016-06-01 23:21:26', '2016-06-01 23:21:26', 0, 91),
(476, 4, 1001, 5000, 7, '2016-06-01 23:21:31', '2016-06-01 23:21:31', 0, 91),
(477, 4, 1002, 5000, 7, '2016-06-01 23:21:34', '2016-06-01 23:21:34', 0, 91),
(478, 4, 1003, 3000, 7, '2016-06-01 23:21:39', '2016-06-01 23:21:39', 0, 91),
(479, 4, 1004, 5000, 7, '2016-06-01 23:22:12', '2016-06-01 23:22:12', 0, 91),
(480, 4, 1005, 5000, 7, '2016-06-01 23:22:16', '2016-06-01 23:22:16', 0, 91),
(481, 4, 1006, 2000, 7, '2016-06-01 23:22:20', '2016-06-01 23:22:20', 0, 91),
(482, 4, 1007, 3000, 7, '2016-06-01 23:23:06', '2016-06-01 23:23:06', 0, 91),
(483, 4, 1008, 5000, 7, '2016-06-01 23:23:09', '2016-06-01 23:23:09', 0, 91),
(484, 4, 1009, 5000, 7, '2016-06-01 23:23:12', '2016-06-01 23:23:12', 0, 91),
(485, 4, 1010, 3000, 7, '2016-06-01 23:23:23', '2016-06-01 23:23:23', 0, 91),
(486, 4, 1011, 5000, 7, '2016-06-01 23:23:29', '2016-06-01 23:23:29', 0, 91),
(487, 4, 1012, 3000, 7, '2016-06-01 23:23:37', '2016-06-01 23:23:37', 0, 91),
(488, 4, 1013, 5000, 7, '2016-06-01 23:23:42', '2016-06-01 23:23:42', 0, 91),
(489, 4, 1014, 5000, 7, '2016-06-01 23:23:45', '2016-06-01 23:23:45', 0, 91),
(490, 4, 1015, 3000, 7, '2016-06-01 23:23:55', '2016-06-01 23:23:55', 0, 91),
(491, 4, 1016, 3000, 7, '2016-06-01 23:24:57', '2016-06-01 23:24:57', 0, 91),
(492, 4, 1017, 5000, 7, '2016-06-01 23:24:59', '2016-06-01 23:25:07', 0, 91),
(493, 4, 1018, 3000, 7, '2016-06-01 23:25:11', '2016-06-01 23:25:11', 0, 91),
(494, 4, 1019, 5000, 7, '2016-06-01 23:25:25', '2016-06-01 23:25:25', 0, 91),
(495, 4, 1020, 3000, 7, '2016-06-01 23:25:30', '2016-06-01 23:25:30', 0, 91),
(496, 4, 1021, 5000, 7, '2016-06-01 23:25:34', '2016-06-01 23:25:34', 0, 91),
(497, 4, 1022, 3000, 7, '2016-06-01 23:25:38', '2016-06-01 23:25:38', 0, 91),
(498, 4, 1023, 5000, 7, '2016-06-01 23:25:42', '2016-06-01 23:25:42', 0, 91),
(499, 4, 1024, 5000, 7, '2016-06-01 23:25:48', '2016-06-01 23:25:48', 0, 91),
(500, 4, 1025, 3000, 7, '2016-06-01 23:25:54', '2016-06-01 23:25:54', 0, 91),
(501, 4, 1026, 3000, 7, '2016-06-01 23:27:08', '2016-06-01 23:27:08', 0, 91),
(502, 4, 1027, 3000, 7, '2016-06-01 23:27:13', '2016-06-01 23:27:13', 0, 91),
(503, 4, 1028, 5000, 7, '2016-06-01 23:27:17', '2016-06-01 23:27:17', 0, 91),
(504, 4, 1029, 3000, 7, '2016-06-01 23:27:23', '2016-06-01 23:27:23', 0, 91),
(505, 4, 1030, 5000, 7, '2016-06-01 23:28:07', '2016-06-01 23:28:07', 0, 91),
(506, 4, 1031, 3000, 7, '2016-06-01 23:28:57', '2016-06-01 23:28:57', 0, 91),
(507, 4, 1032, 5000, 7, '2016-06-01 23:29:01', '2016-06-01 23:29:01', 0, 91),
(508, 4, 1033, 5000, 7, '2016-06-01 23:29:04', '2016-06-01 23:29:04', 0, 91),
(509, 4, 1034, 3000, 7, '2016-06-01 23:29:08', '2016-06-01 23:29:08', 0, 91),
(510, 4, 741, 3000, 7, '2016-06-01 23:33:04', '2016-06-01 23:33:04', 0, 91),
(511, 4, 742, 5000, 7, '2016-06-01 23:33:44', '2016-06-01 23:33:44', 0, 91),
(512, 4, 743, 3000, 7, '2016-06-01 23:33:56', '2016-06-01 23:33:56', 0, 91),
(513, 4, 744, 5000, 7, '2016-06-01 23:34:09', '2016-06-01 23:34:09', 0, 91),
(514, 4, 745, 3000, 7, '2016-06-01 23:34:21', '2016-06-01 23:34:21', 0, 91),
(515, 4, 746, 10000, 7, '2016-06-01 23:34:31', '2016-06-01 23:34:31', 0, 91),
(516, 4, 395, 3000, 7, '2016-06-01 23:35:33', '2016-06-01 23:35:33', 0, 91),
(517, 4, 396, 5000, 7, '2016-06-01 23:36:51', '2016-06-01 23:36:51', 0, 91),
(518, 4, 397, 3000, 7, '2016-06-01 23:36:57', '2016-06-01 23:36:57', 0, 91),
(519, 4, 398, 3000, 7, '2016-06-01 23:37:02', '2016-06-01 23:37:02', 0, 91),
(520, 4, 399, 5000, 7, '2016-06-01 23:37:07', '2016-06-01 23:37:07', 0, 91),
(521, 4, 400, 5000, 7, '2016-06-01 23:37:10', '2016-06-01 23:37:10', 0, 91),
(522, 4, 401, 3000, 7, '2016-06-01 23:37:14', '2016-06-01 23:37:14', 0, 91);

-- --------------------------------------------------------

--
-- Table structure for table `tbl_lab_test_mapping`
--

CREATE TABLE `tbl_lab_test_mapping` (
  `lt_id` int(10) UNSIGNED NOT NULL,
  `lab_id` int(11) NOT NULL,
  `tst_id` int(11) NOT NULL,
  `price` int(11) NOT NULL,
  `duration` int(11) NOT NULL,
  `created_at` timestamp NOT NULL DEFAULT '0000-00-00 00:00:00',
  `updated_at` timestamp NOT NULL DEFAULT '0000-00-00 00:00:00',
  `is_locked` int(11) NOT NULL,
  `updated_by` int(11) NOT NULL
) ENGINE=InnoDB DEFAULT CHARSET=utf8 COLLATE=utf8_unicode_ci;

--
-- Dumping data for table `tbl_lab_test_mapping`
--

INSERT INTO `tbl_lab_test_mapping` (`lt_id`, `lab_id`, `tst_id`, `price`, `duration`, `created_at`, `updated_at`, `is_locked`, `updated_by`) VALUES
(4, 6, 1, 0, 0, '2016-05-16 22:52:19', '2016-05-16 22:52:19', 0, 91),
(5, 6, 2, 0, 0, '2016-05-16 23:39:54', '2016-05-16 23:39:54', 0, 91),
(6, 6, 3, 0, 0, '2016-05-16 23:52:35', '2016-05-16 23:52:35', 0, 91),
(7, 6, 4, 0, 0, '2016-05-16 23:58:43', '2016-05-16 23:58:43', 0, 91),
(8, 6, 5, 0, 0, '2016-05-17 00:03:07', '2016-05-17 00:03:07', 0, 91),
(9, 6, 6, 0, 0, '2016-05-17 00:04:35', '2016-05-17 00:04:35', 0, 91),
(10, 6, 7, 0, 0, '2016-05-17 00:24:45', '2016-05-17 00:24:45', 0, 91),
(11, 6, 8, 0, 0, '2016-05-17 00:37:56', '2016-05-17 00:37:56', 0, 91),
(12, 6, 9, 0, 0, '2016-05-17 00:44:44', '2016-05-17 00:44:44', 0, 91),
(22, 6, 10, 0, 0, '2016-05-17 01:02:17', '2016-05-17 01:02:17', 0, 91),
(23, 6, 12, 0, 0, '2016-05-17 01:10:51', '2016-05-17 01:10:51', 0, 91),
(25, 6, 13, 0, 0, '2016-05-17 01:24:58', '2016-05-17 01:24:58', 0, 91),
(26, 6, 14, 0, 0, '2016-05-17 01:27:12', '2016-05-17 01:27:12', 0, 91),
(27, 1, 11, 0, 0, '2016-05-17 02:44:25', '2016-05-17 02:44:25', 0, 91),
(28, 3, 15, 0, 0, '2016-05-17 23:03:58', '2016-05-17 23:03:58', 0, 91),
(31, 3, 17, 0, 0, '2016-05-17 23:35:51', '2016-05-17 23:35:51', 0, 91),
(33, 3, 18, 0, 0, '2016-05-17 23:51:42', '2016-05-17 23:51:42', 0, 91),
(35, 3, 19, 0, 0, '2016-05-18 00:07:29', '2016-05-18 00:07:29', 0, 91),
(36, 1, 24, 0, 0, '2016-05-18 00:11:33', '2016-05-18 00:11:33', 0, 91),
(37, 3, 23, 0, 0, '2016-05-18 00:13:42', '2016-05-18 00:13:42', 0, 91),
(38, 1, 26, 0, 0, '2016-05-18 00:22:51', '2016-05-18 00:22:51', 0, 91),
(45, 3, 25, 0, 0, '2016-05-18 00:42:30', '2016-05-18 00:42:30', 0, 91),
(46, 3, 27, 0, 0, '2016-05-18 00:56:10', '2016-05-18 00:56:10', 0, 91),
(47, 3, 28, 0, 0, '2016-05-18 01:37:38', '2016-05-18 01:37:38', 0, 91),
(48, 3, 29, 0, 0, '2016-05-18 01:40:52', '2016-05-18 01:40:52', 0, 91),
(49, 3, 30, 0, 0, '2016-05-18 01:50:11', '2016-05-18 01:50:11', 0, 91),
(50, 3, 31, 0, 0, '2016-05-18 01:52:45', '2016-05-18 01:52:45', 0, 91),
(51, 3, 32, 0, 0, '2016-05-18 01:54:23', '2016-05-18 01:54:23', 0, 91),
(52, 3, 33, 0, 0, '2016-05-18 01:56:53', '2016-05-18 01:56:53', 0, 91),
(53, 3, 16, 0, 0, '2016-05-18 01:58:32', '2016-05-18 01:58:32', 0, 91),
(54, 3, 20, 0, 0, '2016-05-18 02:07:44', '2016-05-18 02:07:44', 0, 91),
(56, 3, 34, 0, 0, '2016-05-18 21:40:00', '2016-05-18 21:40:00', 0, 91),
(58, 3, 35, 0, 0, '2016-05-18 22:07:16', '2016-05-18 22:07:16', 0, 91),
(60, 3, 36, 0, 0, '2016-05-18 22:34:00', '2016-05-18 22:34:00', 0, 91),
(63, 3, 37, 0, 0, '2016-05-19 00:18:34', '2016-05-19 00:18:34', 0, 91),
(65, 3, 38, 0, 0, '2016-05-19 00:20:28', '2016-05-19 00:20:28', 0, 91),
(66, 3, 39, 0, 0, '2016-05-19 03:36:45', '2016-05-19 03:36:45', 0, 91),
(68, 3, 40, 0, 0, '2016-05-19 03:39:58', '2016-05-19 03:39:58', 0, 91),
(70, 3, 41, 0, 0, '2016-05-19 03:42:12', '2016-05-19 03:42:12', 0, 91),
(72, 3, 42, 0, 0, '2016-05-19 03:44:35', '2016-05-19 03:44:35', 0, 91),
(74, 3, 43, 0, 0, '2016-05-19 04:07:37', '2016-05-19 04:07:37', 0, 91),
(77, 3, 44, 0, 0, '2016-05-21 21:57:57', '2016-05-21 21:57:57', 0, 91),
(79, 3, 45, 0, 0, '2016-05-21 22:00:10', '2016-05-21 22:00:10', 0, 91),
(82, 3, 46, 0, 0, '2016-05-21 22:10:10', '2016-05-21 22:10:10', 0, 91),
(85, 3, 47, 0, 0, '2016-05-21 22:14:54', '2016-05-21 22:14:54', 0, 91),
(87, 3, 48, 0, 0, '2016-05-21 22:17:42', '2016-05-21 22:17:42', 0, 91),
(89, 3, 49, 0, 0, '2016-05-21 22:19:29', '2016-05-21 22:19:29', 0, 91),
(92, 4, 51, 0, 0, '2016-05-22 01:14:58', '2016-05-22 01:14:58', 0, 91),
(93, 4, 52, 0, 0, '2016-05-22 01:17:58', '2016-05-22 01:17:58', 0, 91),
(94, 4, 53, 0, 0, '2016-05-22 01:29:10', '2016-05-22 01:29:10', 0, 91),
(95, 4, 54, 0, 0, '2016-05-22 01:39:23', '2016-05-22 01:39:23', 0, 91),
(96, 4, 55, 0, 0, '2016-05-22 01:44:00', '2016-05-22 01:44:00', 0, 91),
(97, 4, 56, 0, 0, '2016-05-22 01:52:24', '2016-05-22 01:52:24', 0, 91),
(98, 4, 57, 0, 0, '2016-05-22 02:00:26', '2016-05-22 02:00:26', 0, 91),
(99, 4, 58, 0, 0, '2016-05-23 22:56:23', '2016-05-23 22:56:23', 0, 91),
(100, 4, 59, 0, 0, '2016-05-23 23:37:05', '2016-05-23 23:37:05', 0, 91),
(101, 4, 60, 0, 0, '2016-05-23 23:38:06', '2016-05-23 23:38:06', 0, 91),
(102, 4, 61, 0, 0, '2016-05-23 23:52:59', '2016-05-23 23:52:59', 0, 91),
(103, 4, 62, 0, 0, '2016-05-23 23:56:46', '2016-05-23 23:56:46', 0, 91),
(104, 4, 63, 0, 0, '2016-05-23 23:59:21', '2016-05-23 23:59:21', 0, 91),
(105, 4, 64, 0, 0, '2016-05-25 00:30:26', '2016-05-25 00:30:26', 0, 91),
(106, 4, 65, 0, 0, '2016-05-25 00:36:11', '2016-05-25 00:36:11', 0, 91),
(107, 4, 66, 0, 0, '2016-05-25 00:49:03', '2016-05-25 00:49:03', 0, 91),
(108, 4, 67, 0, 0, '2016-05-25 00:51:54', '2016-05-25 00:51:54', 0, 91),
(109, 4, 68, 0, 0, '2016-05-25 00:55:41', '2016-05-25 00:55:41', 0, 91),
(110, 4, 69, 0, 0, '2016-05-25 00:58:47', '2016-05-25 00:58:47', 0, 91),
(111, 4, 70, 0, 0, '2016-05-25 21:37:22', '2016-05-25 21:37:22', 0, 91),
(112, 4, 71, 0, 0, '2016-05-25 21:39:12', '2016-05-25 21:39:12', 0, 91),
(114, 4, 72, 0, 0, '2016-05-25 21:51:17', '2016-05-25 21:51:17', 0, 91),
(115, 4, 73, 0, 0, '2016-05-25 21:53:34', '2016-05-25 21:53:34', 0, 91),
(117, 4, 74, 0, 0, '2016-05-25 22:05:15', '2016-05-25 22:05:15', 0, 91),
(118, 4, 75, 0, 0, '2016-05-25 22:15:17', '2016-05-25 22:15:17', 0, 91),
(119, 4, 76, 0, 0, '2016-05-25 22:18:06', '2016-05-25 22:18:06', 0, 91),
(120, 4, 77, 0, 0, '2016-05-25 22:26:18', '2016-05-25 22:26:18', 0, 91),
(121, 4, 78, 0, 0, '2016-05-25 22:28:23', '2016-05-25 22:28:23', 0, 91),
(122, 4, 79, 0, 0, '2016-05-25 22:30:07', '2016-05-25 22:30:07', 0, 91),
(123, 4, 80, 0, 0, '2016-05-25 22:33:56', '2016-05-25 22:33:56', 0, 91),
(124, 4, 81, 0, 0, '2016-05-26 01:28:37', '2016-05-26 01:28:37', 0, 91),
(125, 4, 82, 0, 0, '2016-05-26 01:31:43', '2016-05-26 01:31:43', 0, 91),
(127, 4, 83, 0, 0, '2016-05-26 01:38:20', '2016-05-26 01:38:20', 0, 91),
(128, 4, 84, 0, 0, '2016-05-26 01:42:08', '2016-05-26 01:42:08', 0, 91),
(129, 4, 85, 0, 0, '2016-05-26 01:46:03', '2016-05-26 01:46:03', 0, 91),
(130, 4, 86, 0, 0, '2016-05-26 01:47:01', '2016-05-26 01:47:01', 0, 91),
(131, 4, 87, 0, 0, '2016-05-26 01:49:36', '2016-05-26 01:49:36', 0, 91),
(132, 4, 50, 0, 0, '2016-05-29 23:07:04', '2016-05-29 23:07:04', 0, 91),
(133, 4, 88, 0, 0, '2016-05-29 23:09:12', '2016-05-29 23:09:12', 0, 91),
(134, 4, 89, 0, 0, '2016-05-29 23:11:13', '2016-05-29 23:11:13', 0, 91),
(135, 4, 90, 0, 0, '2016-05-29 23:16:10', '2016-05-29 23:16:10', 0, 91),
(137, 4, 91, 0, 0, '2016-05-29 23:25:20', '2016-05-29 23:25:20', 0, 91),
(138, 4, 92, 0, 0, '2016-05-29 23:30:16', '2016-05-29 23:30:16', 0, 91),
(139, 4, 93, 0, 0, '2016-05-29 23:34:27', '2016-05-29 23:34:27', 0, 91),
(140, 4, 94, 0, 0, '2016-05-29 23:40:14', '2016-05-29 23:40:14', 0, 91),
(141, 4, 95, 0, 0, '2016-05-29 23:43:40', '2016-05-29 23:43:40', 0, 91),
(142, 4, 96, 0, 0, '2016-05-29 23:46:19', '2016-05-29 23:46:19', 0, 91),
(143, 4, 97, 0, 0, '2016-05-29 23:50:26', '2016-05-29 23:50:26', 0, 91),
(144, 4, 98, 0, 0, '2016-05-29 23:53:53', '2016-05-29 23:53:53', 0, 91),
(146, 4, 99, 0, 0, '2016-05-29 23:57:24', '2016-05-29 23:57:24', 0, 91),
(147, 4, 100, 0, 0, '2016-05-29 23:59:57', '2016-05-29 23:59:57', 0, 91),
(148, 4, 101, 0, 0, '2016-05-30 00:02:01', '2016-05-30 00:02:01', 0, 91),
(150, 4, 103, 0, 0, '2016-05-30 00:30:43', '2016-05-30 00:30:43', 0, 91),
(151, 4, 104, 0, 0, '2016-05-30 03:38:30', '2016-05-30 03:38:30', 0, 91),
(152, 4, 105, 0, 0, '2016-05-30 03:45:23', '2016-05-30 03:45:23', 0, 91),
(153, 4, 106, 0, 0, '2016-06-01 00:21:15', '2016-06-01 00:21:15', 0, 91),
(154, 4, 107, 0, 0, '2016-06-01 00:25:05', '2016-06-01 00:25:05', 0, 91),
(155, 4, 108, 0, 0, '2016-06-01 02:32:15', '2016-06-01 02:32:15', 0, 91),
(156, 4, 109, 0, 0, '2016-06-01 02:34:18', '2016-06-01 02:34:18', 0, 91),
(157, 4, 110, 0, 0, '2016-06-01 02:37:09', '2016-06-01 02:37:09', 0, 91),
(158, 4, 111, 0, 0, '2016-06-01 02:40:26', '2016-06-01 02:40:26', 0, 91),
(159, 4, 112, 0, 0, '2016-06-01 02:44:08', '2016-06-01 02:44:08', 0, 91),
(160, 4, 113, 0, 0, '2016-06-01 02:49:49', '2016-06-01 02:49:49', 0, 91),
(161, 4, 114, 0, 0, '2016-06-01 02:52:44', '2016-06-01 02:52:44', 0, 91),
(162, 4, 115, 0, 0, '2016-06-01 02:55:37', '2016-06-01 02:55:37', 0, 91),
(163, 4, 116, 0, 0, '2016-06-01 02:58:34', '2016-06-01 02:58:34', 0, 91),
(164, 4, 117, 0, 0, '2016-06-01 03:01:32', '2016-06-01 03:01:32', 0, 91),
(165, 4, 118, 0, 0, '2016-06-01 03:05:26', '2016-06-01 03:05:26', 0, 91),
(166, 4, 102, 0, 0, '2016-06-01 22:44:20', '2016-06-01 22:44:20', 0, 91);

-- --------------------------------------------------------

--
-- Table structure for table `tbl_method`
--

CREATE TABLE `tbl_method` (
  `method_id` int(10) UNSIGNED NOT NULL,
  `method_name` varchar(255) COLLATE utf8_unicode_ci NOT NULL,
  `param_id` int(11) NOT NULL,
  `created_at` timestamp NOT NULL DEFAULT '0000-00-00 00:00:00',
  `updated_at` timestamp NOT NULL DEFAULT '0000-00-00 00:00:00',
  `is_locked` int(11) NOT NULL,
  `updated_by` int(11) NOT NULL
) ENGINE=InnoDB DEFAULT CHARSET=utf8 COLLATE=utf8_unicode_ci;

--
-- Dumping data for table `tbl_method`
--

INSERT INTO `tbl_method` (`method_id`, `method_name`, `param_id`, `created_at`, `updated_at`, `is_locked`, `updated_by`) VALUES
(1, 'OES', 4, '2016-05-16 22:52:53', '2016-05-16 22:52:53', 0, 91),
(2, 'Icor/Ecor', 11, '2016-05-16 22:53:59', '2016-05-16 22:53:59', 0, 91),
(3, 'Measurement of Flexural Strength', 5, '2016-05-16 22:54:56', '2016-05-16 22:54:56', 0, 91),
(4, 'Rockwell Hardness', 1, '2016-05-16 22:55:20', '2016-05-16 22:55:20', 0, 91),
(5, 'Vickers Micro-Hardness', 2, '2016-05-16 22:55:45', '2016-05-16 22:55:45', 0, 91),
(6, 'Hardening/Normalizing/Carburizing', 9, '2016-05-16 22:56:53', '2016-05-16 22:56:53', 0, 91),
(7, 'TGA', 8, '2016-05-16 22:58:24', '2016-05-16 22:58:28', 0, 91),
(8, 'Metallography and Microscopy', 13, '2016-05-16 22:59:33', '2016-05-16 22:59:33', 0, 91),
(9, 'Mesurement of Tensile Strength', 6, '2016-05-16 22:59:59', '2016-05-16 22:59:59', 0, 91),
(10, 'TMA', 10, '2016-05-16 23:00:42', '2016-05-16 23:00:42', 0, 91),
(11, 'Thickness of Metal', 3, '2016-05-16 23:01:05', '2016-05-16 23:01:05', 0, 91),
(12, 'Metallic Wear Test', 12, '2016-05-16 23:01:30', '2016-05-16 23:01:30', 0, 91),
(13, 'Phase Identification', 7, '2016-05-16 23:01:56', '2016-05-16 23:01:56', 0, 91),
(14, 'Ceramic Compressive Strength Test', 17, '2016-05-16 23:40:49', '2016-05-16 23:40:49', 0, 91),
(15, 'Flexural Strength Measurment ', 18, '2016-05-16 23:42:44', '2016-05-16 23:42:44', 0, 91),
(16, 'Vickers Micro-Hardness', 14, '2016-05-16 23:44:10', '2016-05-16 23:44:10', 0, 91),
(17, 'Ceramic Body Sintering ', 19, '2016-05-16 23:44:57', '2016-05-16 23:44:57', 0, 91),
(18, 'TMA', 16, '2016-05-16 23:45:24', '2016-05-16 23:45:24', 0, 91),
(19, 'XRD', 15, '2016-05-16 23:45:53', '2016-05-16 23:45:53', 0, 91),
(20, 'Packaging Material Inter Layer Bonding', 20, '2016-05-16 23:55:09', '2016-05-16 23:55:09', 0, 91),
(21, 'Pressure Calibration', 21, '2016-05-16 23:59:06', '2016-05-16 23:59:06', 0, 91),
(22, 'Oxygen Meter Calibration ', 22, '2016-05-17 00:03:32', '2016-05-17 00:03:32', 0, 91),
(23, 'Mineral Type Identification', 23, '2016-05-17 00:07:21', '2016-05-17 00:07:21', 0, 91),
(24, 'Compressive Strength Measurement ', 32, '2016-05-17 00:26:07', '2016-05-17 00:26:07', 0, 91),
(25, 'TMA', 28, '2016-05-17 00:26:55', '2016-05-17 00:26:55', 0, 91),
(26, 'Extrusion Quality by acetone immersion', 35, '2016-05-17 00:28:04', '2016-05-17 00:28:04', 0, 91),
(27, 'Extrusion', 33, '2016-05-17 00:28:47', '2016-05-17 00:30:03', 0, 91),
(28, 'E', 33, '2016-05-17 00:28:47', '2016-05-17 00:30:03', 0, 91),
(29, 'Hot Press', 34, '2016-05-17 00:30:22', '2016-05-17 00:30:22', 0, 91),
(30, 'Rebound Hardness', 25, '2016-05-17 00:31:02', '2016-05-17 00:31:02', 0, 91),
(31, 'Vickers Micro Hardness', 26, '2016-05-17 00:31:32', '2016-05-17 00:31:32', 0, 91),
(32, 'Heat Reversion Test', 36, '2016-05-17 00:32:35', '2016-05-17 00:32:35', 0, 91),
(33, 'ASTM 1238', 30, '2016-05-17 00:33:04', '2016-05-17 00:33:04', 0, 91),
(34, 'Melt Flow Indexer', 31, '2016-05-17 00:33:47', '2016-05-17 00:33:47', 0, 91),
(35, 'Composite Tensile Test', 27, '2016-05-17 00:34:16', '2016-05-17 00:34:16', 0, 91),
(36, 'TG/DTA', 24, '2016-05-17 00:34:33', '2016-05-17 00:34:33', 0, 91),
(37, 'XRD', 29, '2016-05-17 00:34:48', '2016-05-17 00:34:48', 0, 91),
(38, 'Measurement of Breaking Load', 37, '2016-05-17 00:38:24', '2016-05-17 00:38:24', 0, 91),
(39, 'Weight of Zinc Coating', 38, '2016-05-17 00:38:55', '2016-05-17 00:38:55', 0, 91),
(40, 'TGA', 39, '2016-05-17 00:45:50', '2016-05-17 00:45:50', 0, 91),
(41, 'ASTM D2765', 40, '2016-05-17 00:46:08', '2016-05-17 00:46:08', 0, 91),
(42, 'ANSI/ICEA S- 76-474-2004', 41, '2016-05-17 00:46:46', '2016-05-17 00:46:46', 0, 91),
(43, 'ANSI/ICEA S- 76-474-2004', 42, '2016-05-17 00:47:04', '2016-05-17 00:47:04', 0, 91),
(44, 'ANSI/ICEA T- 28-562-2003', 43, '2016-05-17 00:47:44', '2016-05-17 00:47:44', 0, 91),
(45, 'Pressure Test at High Temperature', 44, '2016-05-17 00:48:01', '2016-05-17 00:48:01', 0, 91),
(46, 'IEC 60811-1-3', 45, '2016-05-17 00:48:25', '2016-05-17 00:48:25', 0, 91),
(47, 'ASTM D638', 46, '2016-05-17 00:48:45', '2016-05-17 00:48:45', 0, 91),
(48, 'Thermal Aging', 47, '2016-05-17 00:48:58', '2016-05-17 00:48:58', 0, 91),
(49, 'IEC 60811-1-3', 48, '2016-05-17 00:49:15', '2016-05-17 00:49:15', 0, 91),
(50, 'Rebound Hardness', 52, '2016-05-17 00:53:24', '2016-05-17 00:53:24', 0, 91),
(51, 'Initial Plasticity', 49, '2016-05-17 00:53:47', '2016-05-17 00:53:47', 0, 91),
(52, 'Plasticity Retention Index', 50, '2016-05-17 00:54:22', '2016-05-17 00:54:22', 0, 91),
(53, 'Tensile Strength Measurement', 53, '2016-05-17 00:55:01', '2016-05-17 00:55:01', 0, 91),
(54, 'dfgdfg', 54, '2016-05-17 01:00:33', '2016-05-17 01:02:13', 0, 91),
(55, 'dfgdfg', 54, '2016-05-17 01:00:43', '2016-05-17 01:02:13', 0, 91),
(56, 'dfgdfg', 54, '2016-05-17 01:00:43', '2016-05-17 01:02:13', 0, 91),
(57, 'dfgdfg', 54, '2016-05-17 01:00:43', '2016-05-17 01:02:13', 0, 91),
(58, 'OES', 60, '2016-05-17 01:11:11', '2016-05-17 01:11:11', 0, 91),
(59, 'Icor/Ecor', 71, '2016-05-17 01:11:34', '2016-05-17 01:11:34', 0, 91),
(60, 'Measurement of Flexural Strength', 61, '2016-05-17 01:12:21', '2016-05-17 01:12:21', 0, 91),
(61, 'Rockwell Hardness', 62, '2016-05-17 01:12:47', '2016-05-17 01:12:47', 0, 91),
(62, 'Vickers Micro-Hardness', 63, '2016-05-17 01:13:11', '2016-05-17 01:13:11', 0, 91),
(63, 'Hardening/Normalizing/Carburizing', 69, '2016-05-17 01:13:52', '2016-05-17 01:13:52', 0, 91),
(64, 'TGA', 68, '2016-05-17 01:14:08', '2016-05-17 01:14:08', 0, 91),
(65, 'Metallography and Microscopy ', 64, '2016-05-17 01:14:47', '2016-05-17 01:14:47', 0, 91),
(66, 'Measurement of Tensile Strength ', 65, '2016-05-17 01:15:29', '2016-05-17 01:15:29', 0, 91),
(67, 'TMA', 70, '2016-05-17 01:15:41', '2016-05-17 01:15:41', 0, 91),
(68, 'Thickness of Metal', 66, '2016-05-17 01:16:06', '2016-05-17 01:16:06', 0, 91),
(69, 'Metalic Wear Test', 72, '2016-05-17 01:16:33', '2016-05-17 01:16:33', 0, 91),
(70, 'Phase Identification ', 67, '2016-05-17 01:16:59', '2016-05-17 01:16:59', 0, 91),
(71, 'Compressive Strength Measurement ', 73, '2016-05-17 01:22:47', '2016-05-17 01:22:47', 0, 91),
(72, 'TMA', 74, '2016-05-17 01:23:01', '2016-05-17 01:23:01', 0, 91),
(73, 'Vickers Micro Hardness', 75, '2016-05-17 01:23:28', '2016-05-17 01:23:28', 0, 91),
(74, 'Rebound Hardness', 76, '2016-05-17 01:23:41', '2016-05-17 01:23:41', 0, 91),
(75, 'Composite Tensile Test', 77, '2016-05-17 01:23:57', '2016-05-17 01:23:57', 0, 91),
(76, 'TG/DTA', 78, '2016-05-17 01:24:15', '2016-05-17 01:24:15', 0, 91),
(77, 'XRD', 79, '2016-05-17 01:24:31', '2016-05-17 01:24:31', 0, 91),
(78, 'UV-VIS', 80, '2016-05-17 01:27:34', '2016-05-17 01:27:34', 0, 91),
(79, 'Dip Coating', 81, '2016-05-17 01:27:53', '2016-05-17 01:27:53', 0, 91),
(80, 'Spin Coating', 82, '2016-05-17 01:28:16', '2016-05-17 01:28:16', 0, 91),
(81, 'Heat Treatment', 83, '2016-05-17 01:31:03', '2016-05-17 01:31:03', 0, 91),
(82, 'XRD', 84, '2016-05-17 01:31:40', '2016-05-17 01:31:40', 0, 91),
(83, 'Digital Battery Analyzer', 85, '2016-05-17 23:04:30', '2016-05-17 23:04:30', 0, 91),
(84, 'ASTM D-611-64', 90, '2016-05-17 23:21:08', '2016-05-17 23:21:08', 0, 91),
(85, 'ASTM D-287-64', 91, '2016-05-17 23:28:08', '2016-05-17 23:28:08', 0, 91),
(86, 'ASTM/IP4/58', 92, '2016-05-17 23:28:33', '2016-05-17 23:28:33', 0, 91),
(87, 'Gasoline Sensor Portable Process Analyzer', 94, '2016-05-17 23:30:07', '2016-05-17 23:30:07', 0, 91),
(88, 'Digital Battery Analyzer', 86, '2016-05-17 23:30:13', '2016-05-17 23:30:13', 0, 91),
(89, 'Digital Battery Analyzer', 87, '2016-05-17 23:30:23', '2016-05-17 23:30:23', 0, 91),
(90, 'Digital Battery Analyzer', 88, '2016-05-17 23:30:32', '2016-05-17 23:30:32', 0, 91),
(91, 'Digital Battery Analyzer', 89, '2016-05-17 23:30:41', '2016-05-17 23:30:41', 0, 91),
(92, 'IP 15/55', 95, '2016-05-17 23:30:42', '2016-05-17 23:30:42', 0, 91),
(93, 'Colour', 96, '2016-05-17 23:31:04', '2016-05-17 23:31:04', 0, 91),
(94, 'IP 154/59', 97, '2016-05-17 23:31:28', '2016-05-17 23:31:28', 0, 91),
(95, 'Gasoline Sensor Portable Process Analyzer', 98, '2016-05-17 23:31:52', '2016-05-17 23:31:57', 0, 91),
(96, 'ASTM D 1160', 93, '2016-05-17 23:32:25', '2016-05-17 23:32:25', 0, 91),
(97, 'Gasoline Sensor Portable Process Analyzer', 99, '2016-05-17 23:32:43', '2016-05-17 23:32:43', 0, 91),
(98, 'IP 35/42', 100, '2016-05-17 23:33:00', '2016-05-17 23:33:00', 0, 91),
(99, 'IP 35/42', 101, '2016-05-17 23:33:16', '2016-05-17 23:33:16', 0, 91),
(100, 'Bomb Calorimeter', 102, '2016-05-17 23:33:40', '2016-05-17 23:33:40', 0, 91),
(101, 'Gasoline Sensor Portable Process Analyzer', 103, '2016-05-17 23:33:55', '2016-05-17 23:33:55', 0, 91),
(102, 'Bomb Calorimeter 12/58', 104, '2016-05-17 23:34:24', '2016-05-17 23:34:24', 0, 91),
(103, 'IP 12/58', 105, '2016-05-17 23:34:39', '2016-05-17 23:34:39', 0, 91),
(104, 'ASTM D 97-57', 106, '2016-05-17 23:35:09', '2016-05-17 23:35:09', 0, 91),
(105, 'IP 15/55', 107, '2016-05-17 23:35:32', '2016-05-17 23:35:39', 0, 91),
(106, 'ASTM D 4007', 108, '2016-05-17 23:36:06', '2016-05-17 23:36:06', 0, 91),
(107, 'ASTM D 11-64', 118, '2016-05-17 23:36:31', '2016-05-17 23:36:31', 0, 91),
(108, 'IP 160/57', 109, '2016-05-17 23:36:35', '2016-05-17 23:36:35', 0, 91),
(109, 'IP 61/59', 110, '2016-05-17 23:36:52', '2016-05-17 23:36:52', 0, 91),
(110, 'IP 131/57', 139, '2016-05-17 23:37:12', '2016-05-17 23:38:45', 0, 91),
(111, 'Gasoline Sensor Portable Process Analyzer', 116, '2016-05-17 23:37:13', '2016-05-17 23:37:13', 0, 91),
(112, 'IP 4/58', 119, '2016-05-17 23:37:31', '2016-05-17 23:39:03', 0, 91),
(113, 'Gasoline Sensor Portable Process Analyzer', 111, '2016-05-17 23:37:40', '2016-05-17 23:37:40', 0, 91),
(114, 'Gasoline Sensor Portable Process Analyzer', 117, '2016-05-17 23:38:00', '2016-05-17 23:38:00', 0, 91),
(115, 'Viscometer', 112, '2016-05-17 23:38:16', '2016-05-17 23:38:16', 0, 91),
(116, 'IP 73/53', 113, '2016-05-17 23:38:43', '2016-05-17 23:38:52', 0, 91),
(117, 'ASTM D 4007', 114, '2016-05-17 23:39:07', '2016-05-17 23:39:07', 0, 91),
(118, 'ASTM D 11-60', 120, '2016-05-17 23:39:32', '2016-05-17 23:39:32', 0, 91),
(119, 'IP 2016-65', 115, '2016-05-17 23:39:38', '2016-05-17 23:39:38', 0, 91),
(120, 'IP 13/58', 121, '2016-05-17 23:40:07', '2016-05-17 23:40:07', 0, 91),
(121, 'ASTM D 613-86', 122, '2016-05-17 23:40:49', '2016-05-17 23:40:49', 0, 91),
(122, 'IP 15/55', 123, '2016-05-17 23:41:07', '2016-05-17 23:41:07', 0, 91),
(123, 'Colorimeter ASTM D 1500-64', 124, '2016-05-17 23:41:58', '2016-05-17 23:41:58', 0, 91),
(124, 'IP 154/59', 125, '2016-05-17 23:42:24', '2016-05-17 23:42:24', 0, 91),
(125, 'IP 131/57', 138, '2016-05-17 23:43:01', '2016-05-17 23:43:01', 0, 91),
(126, 'IP 35/42', 126, '2016-05-17 23:43:23', '2016-05-17 23:43:23', 0, 91),
(127, 'ASTM D 93-62', 127, '2016-05-17 23:43:51', '2016-05-17 23:43:51', 0, 91),
(128, 'BOMB Calorimeter 12/58', 128, '2016-05-17 23:44:21', '2016-05-17 23:44:21', 0, 91),
(129, 'BOMB Calorimeter 12/58', 141, '2016-05-17 23:44:41', '2016-05-17 23:44:41', 0, 91),
(130, 'ASTM D 97-57', 129, '2016-05-17 23:45:06', '2016-05-17 23:45:06', 0, 91),
(131, 'ASTM D 4007', 130, '2016-05-17 23:45:24', '2016-05-17 23:45:24', 0, 91),
(132, 'ASTM D 1322-64', 131, '2016-05-17 23:45:49', '2016-05-17 23:45:49', 0, 91),
(133, 'IP 131/57', 140, '2016-05-17 23:46:13', '2016-05-17 23:46:13', 0, 91),
(134, 'IP 61/59', 132, '2016-05-17 23:46:30', '2016-05-17 23:46:30', 0, 91),
(135, 'IP 1/58', 133, '2016-05-17 23:46:47', '2016-05-17 23:46:47', 0, 91),
(136, 'Viscometer', 134, '2016-05-17 23:47:08', '2016-05-17 23:47:08', 0, 91),
(137, 'IP 73/53', 135, '2016-05-17 23:47:28', '2016-05-17 23:47:28', 0, 91),
(138, 'ASTM D 2270', 136, '2016-05-17 23:47:49', '2016-05-17 23:47:49', 0, 91),
(139, 'ASTM 74/57', 137, '2016-05-17 23:48:12', '2016-05-17 23:48:12', 0, 91),
(140, 'GC', 142, '2016-05-17 23:51:52', '2016-05-17 23:51:52', 0, 91),
(141, 'Orsat', 143, '2016-05-17 23:52:05', '2016-05-17 23:52:05', 0, 91),
(142, 'Biogas Analyzer', 144, '2016-05-17 23:52:25', '2016-05-17 23:52:25', 0, 91),
(143, 'IP 4/58', 166, '2016-05-18 00:14:01', '2016-05-18 00:14:01', 0, 91),
(144, 'EleMental Analyzer', 167, '2016-05-18 00:14:36', '2016-05-18 00:14:36', 0, 91),
(145, 'EleMental Analyzer', 168, '2016-05-18 00:14:45', '2016-05-18 00:14:45', 0, 91),
(146, 'Physical', 169, '2016-05-18 00:14:57', '2016-05-18 00:14:57', 0, 91),
(147, 'BOMB Calorimeter', 171, '2016-05-18 00:15:15', '2016-05-18 00:15:15', 0, 91),
(148, 'IP 12/58', 170, '2016-05-18 00:15:34', '2016-05-18 00:16:13', 0, 91),
(149, 'IP 2016-65', 172, '2016-05-18 00:15:58', '2016-05-18 00:15:58', 0, 91),
(150, 'Sieve Analysis', 173, '2016-05-18 00:16:30', '2016-05-18 00:16:30', 0, 91),
(151, 'BOMB Calorimeter', 174, '2016-05-18 00:16:48', '2016-05-18 00:16:48', 0, 91),
(152, 'IP 2016-65', 175, '2016-05-18 00:17:01', '2016-05-18 00:17:01', 0, 91),
(153, 'Mupple Furnace', 176, '2016-05-18 00:17:19', '2016-05-18 00:17:19', 0, 91),
(154, 'IP 4/58', 155, '2016-05-18 00:17:51', '2016-05-18 00:17:51', 0, 91),
(155, 'EleMental Analyzer', 156, '2016-05-18 00:18:04', '2016-05-18 00:18:04', 0, 91),
(156, 'Elemental Analyzer', 157, '2016-05-18 00:18:25', '2016-05-18 00:18:25', 0, 91),
(157, 'IP 160/57', 158, '2016-05-18 00:18:46', '2016-05-18 00:18:46', 0, 91),
(158, 'Physical', 159, '2016-05-18 00:19:02', '2016-05-18 00:19:02', 0, 91),
(159, 'BOMB Calorimeter', 160, '2016-05-18 00:19:13', '2016-05-18 00:19:13', 0, 91),
(160, 'IP 12/58', 161, '2016-05-18 00:19:37', '2016-05-18 00:19:37', 0, 91),
(161, 'ASTM D 1860-63', 153, '2016-05-18 00:20:07', '2016-05-18 00:20:07', 0, 91),
(162, 'IP 12/58', 162, '2016-05-18 00:20:22', '2016-05-18 00:20:22', 0, 91),
(163, 'Sieve Analysis', 163, '2016-05-18 00:20:36', '2016-05-18 00:20:36', 0, 91),
(164, 'IP 61/59', 164, '2016-05-18 00:20:51', '2016-05-18 00:20:51', 0, 91),
(165, 'IP 2016-65', 154, '2016-05-18 00:21:03', '2016-05-18 00:21:03', 0, 91),
(166, 'Mupple Furnace', 165, '2016-05-18 00:21:17', '2016-05-18 00:21:17', 0, 91),
(167, 'IP 4/58', 206, '2016-05-18 00:43:11', '2016-05-18 00:43:11', 0, 91),
(168, 'Elemental Analyzer', 208, '2016-05-18 00:43:27', '2016-05-18 00:43:27', 0, 91),
(169, 'Elemental Analyzer', 209, '2016-05-18 00:43:35', '2016-05-18 00:43:35', 0, 91),
(170, 'BOMB Calorimeter', 219, '2016-05-18 00:43:47', '2016-05-18 00:43:47', 0, 91),
(171, 'IP 160/57', 207, '2016-05-18 00:44:15', '2016-05-18 00:44:15', 0, 91),
(172, 'Physical', 220, '2016-05-18 00:44:27', '2016-05-18 00:44:27', 0, 91),
(173, 'BOMB Calorimeter', 222, '2016-05-18 00:44:59', '2016-05-18 00:44:59', 0, 91),
(174, 'BOMB Calorimeter', 210, '2016-05-18 00:45:48', '2016-05-18 00:45:48', 0, 91),
(175, 'IP 12/58', 211, '2016-05-18 00:45:59', '2016-05-18 00:45:59', 0, 91),
(176, 'ASTM D 1860-63', 212, '2016-05-18 00:46:22', '2016-05-18 00:46:22', 0, 91),
(177, 'Sieve Analysis', 213, '2016-05-18 00:46:35', '2016-05-18 00:46:35', 0, 91),
(178, 'BOMB Calorimeter', 214, '2016-05-18 00:46:51', '2016-05-18 00:46:51', 0, 91),
(179, 'IP 12/58', 215, '2016-05-18 00:47:06', '2016-05-18 00:47:06', 0, 91),
(180, 'IP 61/59', 216, '2016-05-18 00:47:28', '2016-05-18 00:47:28', 0, 91),
(181, 'IP', 221, '2016-05-18 00:47:53', '2016-05-18 00:47:53', 0, 91),
(182, 'IP 2016-65', 217, '2016-05-18 00:48:13', '2016-05-18 00:48:13', 0, 91),
(183, 'Mupple Furnace', 218, '2016-05-18 00:48:24', '2016-05-18 00:48:24', 0, 91),
(184, 'IP 1/58', 223, '2016-05-18 00:57:34', '2016-05-18 00:57:34', 0, 91),
(185, 'ASTM D 611-64', 224, '2016-05-18 01:18:16', '2016-05-18 01:18:16', 0, 91),
(186, 'ASTM D 287-64', 225, '2016-05-18 01:18:46', '2016-05-18 01:18:46', 0, 91),
(187, 'Gasoline Sensor Portable Process Analyzer', 226, '2016-05-18 01:19:25', '2016-05-18 01:19:25', 0, 91),
(188, 'IP 4/58', 227, '2016-05-18 01:19:40', '2016-05-18 01:19:40', 0, 91),
(189, 'ASTM D 1160', 228, '2016-05-18 01:20:09', '2016-05-18 01:20:09', 0, 91),
(190, 'IP 13/58', 229, '2016-05-18 01:21:12', '2016-05-18 01:21:12', 0, 91),
(191, 'ASTM D 613-86', 230, '2016-05-18 01:25:27', '2016-05-18 01:25:27', 0, 91),
(192, 'Diesel Portable Process Analyzer', 231, '2016-05-18 01:26:02', '2016-05-18 01:26:02', 0, 91),
(193, 'Diesel Portable Process Analyzer', 232, '2016-05-18 01:26:13', '2016-05-18 01:26:13', 0, 91),
(194, 'ASTM D 613-86', 233, '2016-05-18 01:26:28', '2016-05-18 01:26:28', 0, 91),
(195, 'IP 15/55', 234, '2016-05-18 01:26:46', '2016-05-18 01:26:46', 0, 91),
(196, 'Colorimeter ASTM D 1500-64', 235, '2016-05-18 01:27:01', '2016-05-18 01:27:01', 0, 91),
(197, 'IP 154/59', 236, '2016-05-18 01:27:14', '2016-05-18 01:27:14', 0, 91),
(198, 'IP 160/57', 237, '2016-05-18 01:27:28', '2016-05-18 01:27:28', 0, 91),
(199, 'ASTM D 93-62', 238, '2016-05-18 01:27:50', '2016-05-18 01:27:50', 0, 91),
(200, 'IP 35/42', 239, '2016-05-18 01:28:03', '2016-05-18 01:28:03', 0, 91),
(201, 'ASTM D 93-62', 240, '2016-05-18 01:28:29', '2016-05-18 01:28:29', 0, 91),
(202, 'BOMB Calorimeter', 242, '2016-05-18 01:28:40', '2016-05-18 01:28:40', 0, 91),
(203, 'IP 12/58', 241, '2016-05-18 01:28:51', '2016-05-18 01:28:51', 0, 91),
(204, 'ASTM D 4007', 243, '2016-05-18 01:29:14', '2016-05-18 01:29:14', 0, 91),
(205, 'IP 12/58', 244, '2016-05-18 01:29:29', '2016-05-18 01:29:29', 0, 91),
(206, 'BOMB Calorimeter', 245, '2016-05-18 01:29:46', '2016-05-18 01:29:46', 0, 91),
(207, 'IP 2016-65', 246, '2016-05-18 01:30:02', '2016-05-18 01:30:02', 0, 91),
(208, 'IP 15/55', 247, '2016-05-18 01:30:18', '2016-05-18 01:30:18', 0, 91),
(209, 'ASTM D 4007', 248, '2016-05-18 01:30:42', '2016-05-18 01:30:42', 0, 91),
(210, 'ASTM D 1322-64', 249, '2016-05-18 01:31:01', '2016-05-18 01:31:01', 0, 91),
(211, 'IP 160/57', 250, '2016-05-18 01:31:22', '2016-05-18 01:31:22', 0, 91),
(212, 'IP 61/59', 251, '2016-05-18 01:31:47', '2016-05-18 01:31:47', 0, 91),
(213, 'IP 1/58', 252, '2016-05-18 01:32:08', '2016-05-18 01:32:08', 0, 91),
(214, 'Viscometer', 253, '2016-05-18 01:32:22', '2016-05-18 01:32:22', 0, 91),
(215, 'IP 73/53', 254, '2016-05-18 01:32:36', '2016-05-18 01:32:36', 0, 91),
(216, 'ASTM D 2270', 255, '2016-05-18 01:32:55', '2016-05-18 01:32:55', 0, 91),
(217, 'IP 1/58', 257, '2016-05-18 01:41:12', '2016-05-18 01:41:12', 0, 91),
(218, 'ASTM D 611-64', 258, '2016-05-18 01:41:28', '2016-05-18 01:41:28', 0, 91),
(219, 'ASTM D 287-64', 259, '2016-05-18 01:41:51', '2016-05-18 01:41:51', 0, 91),
(220, 'ASTM/IP4/58', 260, '2016-05-18 01:42:14', '2016-05-18 01:42:14', 0, 91),
(221, 'IP 13/58', 261, '2016-05-18 01:42:26', '2016-05-18 01:42:26', 0, 91),
(222, 'IP 154/59', 262, '2016-05-18 01:42:53', '2016-05-18 01:42:53', 0, 91),
(223, 'IP 160/57', 263, '2016-05-18 01:43:08', '2016-05-18 01:43:08', 0, 91),
(224, 'ASTM D 1160', 264, '2016-05-18 01:43:23', '2016-05-18 01:43:23', 0, 91),
(225, 'IP 35/42', 265, '2016-05-18 01:43:38', '2016-05-18 01:43:38', 0, 91),
(226, 'IP 35/42', 266, '2016-05-18 01:43:56', '2016-05-18 01:43:56', 0, 91),
(227, 'BOMB Calorimeter', 268, '2016-05-18 01:44:45', '2016-05-18 01:44:45', 0, 91),
(228, 'IP 12/58', 269, '2016-05-18 01:44:56', '2016-05-18 01:44:56', 0, 91),
(229, 'ASTM D 97-57', 276, '2016-05-18 01:45:14', '2016-05-18 01:45:14', 0, 91),
(230, 'IP 15/55', 277, '2016-05-18 01:45:28', '2016-05-18 01:45:28', 0, 91),
(231, 'ASTM D 2270', 270, '2016-05-18 01:45:53', '2016-05-18 01:45:53', 0, 91),
(232, 'IP 131/57', 271, '2016-05-18 01:46:11', '2016-05-18 01:46:11', 0, 91),
(233, 'IP 61/59', 274, '2016-05-18 01:46:26', '2016-05-18 01:46:26', 0, 91),
(234, 'Viscometer', 272, '2016-05-18 01:46:39', '2016-05-18 01:46:39', 0, 91),
(235, 'ASTM D 2270', 273, '2016-05-18 01:46:56', '2016-05-18 01:46:56', 0, 91),
(236, 'IP 2016-65', 275, '2016-05-18 01:47:12', '2016-05-18 01:47:12', 0, 91),
(237, 'IP 1/58', 145, '2016-05-18 01:47:32', '2016-05-18 01:47:32', 0, 91),
(238, 'IP 1/58', 198, '2016-05-18 01:47:56', '2016-05-18 01:47:56', 0, 91),
(239, 'ASTM D-611-64', 146, '2016-05-18 01:48:22', '2016-05-18 01:48:22', 0, 91),
(240, 'ASTM D-287-64', 147, '2016-05-18 01:48:42', '2016-05-18 01:48:42', 0, 91),
(241, 'ASTM/IP4/58', 148, '2016-05-18 01:49:09', '2016-05-18 01:49:09', 0, 91),
(242, 'ASTM D 1160', 149, '2016-05-18 01:49:41', '2016-05-18 01:49:41', 0, 91),
(243, 'IP 13/58', 150, '2016-05-18 01:50:30', '2016-05-18 01:50:30', 0, 91),
(244, 'IP 154/59', 278, '2016-05-18 01:50:35', '2016-05-18 01:50:35', 0, 91),
(245, 'IP 131/57', 279, '2016-05-18 01:50:49', '2016-05-18 01:50:49', 0, 91),
(246, 'IP 15/55', 151, '2016-05-18 01:50:56', '2016-05-18 01:50:56', 0, 91),
(247, 'IP 2016-65', 280, '2016-05-18 01:51:04', '2016-05-18 01:51:04', 0, 91),
(248, 'ASTM D 1500-64', 152, '2016-05-18 01:51:15', '2016-05-18 01:51:15', 0, 91),
(249, 'ASTM D 1860-63', 281, '2016-05-18 01:51:21', '2016-05-18 01:51:21', 0, 91),
(250, 'IP 154/59', 177, '2016-05-18 01:51:33', '2016-05-18 01:51:33', 0, 91),
(251, 'IP 50/57', 282, '2016-05-18 01:51:38', '2016-05-18 01:51:38', 0, 91),
(252, 'IP 154/59/ASTM D 130-65', 202, '2016-05-18 01:52:35', '2016-05-18 01:52:35', 0, 91),
(253, 'WBT', 283, '2016-05-18 01:52:54', '2016-05-18 01:52:54', 0, 91),
(254, 'WBT', 284, '2016-05-18 01:53:02', '2016-05-18 01:53:02', 0, 91),
(255, 'IP 13/58/ASTM D 189-65', 201, '2016-05-18 01:53:37', '2016-05-18 01:53:37', 0, 91),
(256, 'IP 160/57', 178, '2016-05-18 01:53:57', '2016-05-18 01:53:57', 0, 91),
(257, 'IP 131/57', 192, '2016-05-18 01:54:48', '2016-05-18 01:54:48', 0, 91),
(258, 'Digital Power Analyzer, Digital Oscilloscop', 285, '2016-05-18 01:54:59', '2016-05-18 01:54:59', 0, 91),
(259, 'IP 35/42', 179, '2016-05-18 01:55:12', '2016-05-18 01:55:12', 0, 91),
(260, 'IP 35/42', 180, '2016-05-18 01:55:29', '2016-05-18 01:55:29', 0, 91),
(261, 'ASTM D93-62', 195, '2016-05-18 01:56:49', '2016-05-18 01:56:49', 0, 91),
(262, 'ASTM 74/57', 181, '2016-05-18 01:57:17', '2016-05-18 01:57:17', 0, 91),
(263, 'Digital Light Meter', 286, '2016-05-18 01:57:52', '2016-05-18 01:57:52', 0, 91),
(264, 'ASTM D 1860-63', 203, '2016-05-18 01:58:08', '2016-05-18 01:58:08', 0, 91),
(265, 'pH Meter', 190, '2016-05-18 01:58:25', '2016-05-18 01:58:25', 0, 91),
(266, 'IP 1/58', 287, '2016-05-18 01:58:47', '2016-05-18 01:58:47', 0, 91),
(267, 'ASTM D 97-57', 182, '2016-05-18 01:59:05', '2016-05-18 01:59:05', 0, 91),
(268, 'IP 15/55', 183, '2016-05-18 01:59:21', '2016-05-18 01:59:21', 0, 91),
(269, 'ASTM D 4007', 184, '2016-05-18 01:59:45', '2016-05-18 02:00:13', 0, 91),
(270, 'IP 131/57', 185, '2016-05-18 02:01:14', '2016-05-18 02:01:14', 0, 91),
(271, 'IP 61/59', 186, '2016-05-18 02:01:33', '2016-05-18 02:01:33', 0, 91),
(272, 'IP 61/53', 196, '2016-05-18 02:02:00', '2016-05-18 02:02:00', 0, 91),
(273, 'Viscometer', 187, '2016-05-18 02:02:19', '2016-05-18 02:02:19', 0, 91),
(274, 'IP 73/53', 188, '2016-05-18 02:02:36', '2016-05-18 02:02:36', 0, 91),
(275, 'IP 74/57', 197, '2016-05-18 02:03:40', '2016-05-18 02:03:51', 0, 91),
(276, 'ASTM  D 2270', 189, '2016-05-18 02:04:42', '2016-05-18 02:04:42', 0, 91),
(277, 'ASTM D 97-57', 204, '2016-05-18 02:06:24', '2016-05-18 02:06:24', 0, 91),
(278, 'IP 41/58', 199, '2016-05-18 02:07:35', '2016-05-18 02:07:35', 0, 91),
(279, 'Digital Power Analyzer, Digital Oscilloscope', 256, '2016-05-18 03:13:51', '2016-05-18 03:13:51', 0, 91),
(280, 'GC', 288, '2016-05-18 21:39:35', '2016-05-18 21:39:35', 0, 91),
(281, 'GC', 289, '2016-05-18 21:39:54', '2016-05-18 21:39:54', 0, 91),
(282, 'IP 1/58', 290, '2016-05-18 21:58:59', '2016-05-18 21:58:59', 0, 91),
(283, 'ASTM D-611-64', 291, '2016-05-18 21:59:23', '2016-05-18 21:59:23', 0, 91),
(284, 'ASTM D287-64', 292, '2016-05-18 21:59:43', '2016-05-18 21:59:43', 0, 91),
(285, 'Gasoline Sensor Portable Process Analyzer', 293, '2016-05-18 22:00:24', '2016-05-18 22:00:24', 0, 91),
(286, 'IP 4/58', 294, '2016-05-18 22:00:40', '2016-05-18 22:00:40', 0, 91),
(287, 'IP 13/58', 295, '2016-05-18 22:01:04', '2016-05-18 22:01:04', 0, 91),
(288, 'ASTM D 189-65', 296, '2016-05-18 22:01:20', '2016-05-18 22:01:20', 0, 91),
(289, 'IP 15/55', 297, '2016-05-18 22:01:44', '2016-05-18 22:01:44', 0, 91),
(290, 'IP 154/59', 298, '2016-05-18 22:02:31', '2016-05-18 22:02:36', 0, 91),
(291, 'IP 160/57', 300, '2016-05-18 22:02:49', '2016-05-18 22:02:49', 0, 91),
(292, 'Gasoline Sensor Portable Process Analyzer', 301, '2016-05-18 22:03:00', '2016-05-18 22:03:00', 0, 91),
(293, 'IP 35/42', 302, '2016-05-18 22:03:18', '2016-05-18 22:03:18', 0, 91),
(294, 'IP 35/42', 303, '2016-05-18 22:03:27', '2016-05-18 22:03:27', 0, 91),
(295, 'Bomb Calorimeter', 304, '2016-05-18 22:03:52', '2016-05-18 22:03:52', 0, 91),
(296, 'IP 12/58', 305, '2016-05-18 22:04:04', '2016-05-18 22:04:04', 0, 91),
(297, 'Bomb Calorimeter', 306, '2016-05-18 22:04:11', '2016-05-18 22:04:11', 0, 91),
(298, 'IP 12/58', 307, '2016-05-18 22:04:22', '2016-05-18 22:04:29', 0, 91),
(299, 'IP 2016-65', 308, '2016-05-18 22:04:44', '2016-05-18 22:04:44', 0, 91),
(300, 'Gasoline Sensor Portable Process Analyzer', 309, '2016-05-18 22:04:57', '2016-05-18 22:04:57', 0, 91),
(301, 'Gasoline Sensor Portable Process Analyzer', 310, '2016-05-18 22:05:06', '2016-05-18 22:05:06', 0, 91),
(302, 'IP 1/58', 311, '2016-05-18 22:05:25', '2016-05-18 22:05:25', 0, 91),
(303, 'Gasoline Sensor Portable Process Analyzer', 312, '2016-05-18 22:05:41', '2016-05-18 22:05:41', 0, 91),
(304, 'IP 160/57', 313, '2016-05-18 22:05:58', '2016-05-18 22:05:58', 0, 91),
(305, 'IP 61/59', 314, '2016-05-18 22:06:16', '2016-05-18 22:06:18', 0, 91),
(306, 'Viscometer', 315, '2016-05-18 22:06:31', '2016-05-18 22:06:31', 0, 91),
(307, 'IP 73/53', 316, '2016-05-18 22:06:50', '2016-05-18 22:06:50', 0, 91),
(308, 'ASTM D 2270', 317, '2016-05-18 22:07:11', '2016-05-18 22:07:11', 0, 91),
(309, 'IP 1/58', 318, '2016-05-18 22:25:33', '2016-05-18 22:25:33', 0, 91),
(310, 'ASTM D-611-64', 319, '2016-05-18 22:25:47', '2016-05-18 22:25:47', 0, 91),
(311, 'ASTM D287-64', 320, '2016-05-18 22:26:06', '2016-05-18 22:26:06', 0, 91),
(312, 'IP 4/58', 321, '2016-05-18 22:26:30', '2016-05-18 22:26:36', 0, 91),
(313, 'ASTM D 1160', 322, '2016-05-18 22:26:59', '2016-05-18 22:26:59', 0, 91),
(314, 'IP 13/58 ASTM D 189-65', 323, '2016-05-18 22:27:26', '2016-05-18 22:28:11', 0, 91),
(315, 'ASTM D 1500-64', 324, '2016-05-18 22:28:36', '2016-05-18 22:28:36', 0, 91),
(316, 'IP 154/59', 325, '2016-05-18 22:29:00', '2016-05-18 22:29:00', 0, 91),
(317, 'IP 160/57', 326, '2016-05-18 22:29:16', '2016-05-18 22:29:16', 0, 91),
(318, 'IP 35/42', 327, '2016-05-18 22:29:32', '2016-05-18 22:29:32', 0, 91),
(319, 'IP 35/42', 328, '2016-05-18 22:29:46', '2016-05-18 22:29:46', 0, 91),
(320, 'Bomb Calorimeter', 329, '2016-05-18 22:29:58', '2016-05-18 22:29:58', 0, 91),
(321, 'IP 12/58', 330, '2016-05-18 22:30:15', '2016-05-18 22:30:22', 0, 91),
(322, 'ASTM D 97-57', 336, '2016-05-18 22:30:56', '2016-05-18 22:30:56', 0, 91),
(323, 'IP 15/55', 337, '2016-05-18 22:31:15', '2016-05-18 22:31:15', 0, 91),
(324, 'ASTM D 4007', 331, '2016-05-18 22:31:40', '2016-05-18 22:31:40', 0, 91),
(325, 'ASTM D 1322-64', 332, '2016-05-18 22:31:59', '2016-05-18 22:31:59', 0, 91),
(326, 'Viscometer', 333, '2016-05-18 22:32:15', '2016-05-18 22:32:15', 0, 91),
(327, 'ASTM D 2270', 334, '2016-05-18 22:32:36', '2016-05-18 22:32:36', 0, 91),
(328, 'IP 2016-65', 335, '2016-05-18 22:33:00', '2016-05-18 22:33:00', 0, 91),
(329, 'IP 4/58', 338, '2016-05-19 00:06:45', '2016-05-19 00:06:45', 0, 91),
(330, 'ASTM D 1160', 340, '2016-05-19 00:07:09', '2016-05-19 00:07:09', 0, 91),
(331, 'IP 13/58', 341, '2016-05-19 00:07:37', '2016-05-19 00:07:37', 0, 91),
(332, 'IP 15/55', 348, '2016-05-19 00:07:51', '2016-05-19 00:08:08', 0, 91),
(333, 'ASTM D 1500-64', 349, '2016-05-19 00:08:26', '2016-05-19 00:08:37', 0, 91),
(334, 'IP 154/59', 350, '2016-05-19 00:08:56', '2016-05-19 00:08:56', 0, 91),
(335, 'IP 160/57', 351, '2016-05-19 00:09:13', '2016-05-19 00:09:13', 0, 91),
(336, 'IP 35/42', 346, '2016-05-19 00:09:31', '2016-05-19 00:09:33', 0, 91),
(337, 'IP 12/58', 347, '2016-05-19 00:09:47', '2016-05-19 00:09:47', 0, 91),
(338, 'Bomb Calorimeter 12/58', 342, '2016-05-19 00:11:51', '2016-05-19 00:11:51', 0, 91),
(339, 'IP 12/58', 343, '2016-05-19 00:12:04', '2016-05-19 00:12:04', 0, 91),
(340, 'Dec-58', 344, '2016-05-19 00:12:18', '2016-05-19 00:12:18', 0, 91),
(341, 'IP 12/58', 345, '2016-05-19 00:12:30', '2016-05-19 00:12:30', 0, 91),
(342, 'IP 1/58', 339, '2016-05-19 00:13:00', '2016-05-19 00:13:00', 0, 91),
(343, 'ASTM D 97-57', 353, '2016-05-19 00:13:20', '2016-05-19 00:13:22', 0, 91),
(344, 'IP 15/55', 354, '2016-05-19 00:13:37', '2016-05-19 00:13:37', 0, 91),
(345, 'ASTM D 4007', 355, '2016-05-19 00:13:51', '2016-05-19 00:13:51', 0, 91),
(346, 'IP 131/57', 356, '2016-05-19 00:14:08', '2016-05-19 00:14:08', 0, 91),
(347, 'IP 61/59', 357, '2016-05-19 00:14:23', '2016-05-19 00:14:23', 0, 91),
(348, 'Viscometer', 358, '2016-05-19 00:14:37', '2016-05-19 00:14:37', 0, 91),
(349, 'IP 73/53', 359, '2016-05-19 00:14:52', '2016-05-19 00:14:52', 0, 91),
(350, 'ASTM D 4007', 360, '2016-05-19 00:15:09', '2016-05-19 00:15:09', 0, 91),
(351, 'ASTM 74/57', 352, '2016-05-19 00:15:36', '2016-05-19 00:15:36', 0, 91),
(352, 'Digital Sun Simulator', 361, '2016-05-19 00:20:17', '2016-05-19 00:20:17', 0, 91),
(353, 'Digital Power Analyzer', 362, '2016-05-19 03:37:10', '2016-05-19 03:37:10', 0, 91),
(354, 'Digital Sun Simulator', 363, '2016-05-19 03:39:50', '2016-05-19 03:39:50', 0, 91),
(355, 'Digital Sun Simulator', 364, '2016-05-19 03:42:07', '2016-05-19 03:42:07', 0, 91),
(356, 'Digital Sun Simulator', 365, '2016-05-19 03:44:47', '2016-05-19 03:45:37', 0, 91),
(357, 'Physical', 366, '2016-05-19 03:52:39', '2016-05-19 03:52:39', 0, 91),
(358, 'Physical and IP 2016-65', 367, '2016-05-19 03:53:01', '2016-05-19 03:53:01', 0, 91),
(359, 'Physical and IP 4/58', 368, '2016-05-19 03:53:18', '2016-05-19 03:53:18', 0, 91),
(360, 'Physical and IP 2016-65', 369, '2016-05-19 03:54:06', '2016-05-19 03:54:15', 0, 91),
(361, 'IP 1/58', 370, '2016-05-21 21:54:42', '2016-05-21 21:54:42', 0, 91),
(362, 'ASTM D 1160', 371, '2016-05-21 21:55:02', '2016-05-21 21:55:02', 0, 91),
(363, 'IP 131/57', 372, '2016-05-21 21:55:17', '2016-05-21 21:55:17', 0, 91),
(364, 'ASTM D 93-62', 373, '2016-05-21 21:55:35', '2016-05-21 21:55:35', 0, 91),
(365, 'IP 15/55, ASTM D 97-57', 374, '2016-05-21 21:56:01', '2016-05-21 21:56:01', 0, 91),
(366, 'IP 131/57', 375, '2016-05-21 21:56:22', '2016-05-21 21:56:22', 0, 91),
(367, 'IP 61/59', 376, '2016-05-21 21:56:37', '2016-05-21 21:56:44', 0, 91),
(368, 'Viscometer, IP 73/53', 377, '2016-05-21 21:57:06', '2016-05-21 21:57:06', 0, 91),
(369, 'ASTM 74/57', 378, '2016-05-21 21:57:27', '2016-05-21 21:57:27', 0, 91),
(370, 'Incubation & Titration', 379, '2016-05-21 21:59:24', '2016-05-21 21:59:24', 0, 91),
(371, 'Incubation & Titration', 380, '2016-05-21 21:59:32', '2016-05-21 21:59:32', 0, 91),
(372, 'DO Meter', 381, '2016-05-21 21:59:54', '2016-05-21 21:59:54', 0, 91),
(373, 'Titration', 382, '2016-05-21 22:00:07', '2016-05-21 22:00:07', 0, 91),
(374, '130 eV EDX', 383, '2016-05-21 22:05:40', '2016-05-21 22:05:40', 0, 91),
(375, 'Four Point Probe', 384, '2016-05-21 22:06:28', '2016-05-21 22:06:28', 0, 91),
(376, 'AFM', 385, '2016-05-21 22:06:52', '2016-05-21 22:06:52', 0, 91),
(377, 'DektaXT-A', 386, '2016-05-21 22:07:13', '2016-05-21 22:07:13', 0, 91),
(378, '0.55 Tesla', 387, '2016-05-21 22:07:27', '2016-05-21 22:07:27', 0, 91),
(379, '30KV VP-SEM', 388, '2016-05-21 22:07:45', '2016-05-21 22:07:51', 0, 91),
(380, '190-2600 nm', 389, '2016-05-21 22:08:13', '2016-05-21 22:08:13', 0, 91),
(381, '190-2600 nm', 391, '2016-05-21 22:08:29', '2016-05-21 22:08:29', 0, 91),
(382, '190-2600 nm', 392, '2016-05-21 22:08:41', '2016-05-21 22:08:41', 0, 91),
(383, '240-2600 nm', 390, '2016-05-21 22:08:55', '2016-05-21 22:08:55', 0, 91),
(384, '240-2600 nm', 393, '2016-05-21 22:09:11', '2016-05-21 22:09:11', 0, 91),
(385, 'GBC XRD', 394, '2016-05-21 22:09:28', '2016-05-21 22:09:28', 0, 91),
(386, 'ASTM/IP4/58', 395, '2016-05-21 22:12:53', '2016-05-21 22:12:53', 0, 91),
(387, 'Physical', 396, '2016-05-21 22:13:07', '2016-05-21 22:13:07', 0, 91),
(388, 'Bomb Calorimeter', 397, '2016-05-21 22:13:21', '2016-05-21 22:13:21', 0, 91),
(389, 'IP 2016-65', 398, '2016-05-21 22:14:08', '2016-05-21 22:14:08', 0, 91),
(390, 'Mupple Furnace', 399, '2016-05-21 22:14:31', '2016-05-21 22:14:31', 0, 91),
(391, 'Precision Impedance Analyzer', 400, '2016-05-21 22:17:34', '2016-05-21 22:17:34', 0, 91),
(392, 'Incubation & Titration', 401, '2016-05-21 22:18:43', '2016-05-21 22:18:43', 0, 91),
(393, 'Titration', 402, '2016-05-21 22:18:49', '2016-05-21 22:19:10', 0, 91),
(394, 'DO Meter', 403, '2016-05-21 22:19:23', '2016-05-21 22:19:23', 0, 91),
(395, 'ASTM/AOAC', 404, '2016-05-22 01:11:08', '2016-05-22 01:22:44', 0, 91),
(396, 'ASTM/AOAC', 405, '2016-05-22 01:11:49', '2016-05-22 01:22:51', 0, 91),
(397, 'ASTM/AOAC', 406, '2016-05-22 01:11:59', '2016-05-22 01:22:57', 0, 91),
(398, 'ASTM/AOAC', 407, '2016-05-22 01:12:07', '2016-05-22 01:23:03', 0, 91),
(399, 'ASTM/AOAC', 408, '2016-05-22 01:12:16', '2016-05-22 01:23:10', 0, 91),
(400, 'ASTM/AOAC', 409, '2016-05-22 01:12:26', '2016-05-22 01:23:19', 0, 91),
(401, 'ASTM/AOAC', 410, '2016-05-22 01:12:37', '2016-05-22 01:23:29', 0, 91),
(402, 'ASTM/AOAC', 413, '2016-05-22 01:18:30', '2016-05-22 01:21:06', 0, 91),
(403, 'ASTM/AOAC', 414, '2016-05-22 01:18:41', '2016-05-22 01:21:13', 0, 91),
(404, 'ASTM', 415, '2016-05-22 01:18:53', '2016-05-22 01:18:53', 0, 91),
(405, 'ASTM/AOAC', 416, '2016-05-22 01:19:05', '2016-05-22 01:21:22', 0, 91),
(406, 'ASTM/AOAC', 417, '2016-05-22 01:19:12', '2016-05-22 01:21:30', 0, 91),
(407, 'ASTM/AOAC', 418, '2016-05-22 01:19:18', '2016-05-22 01:21:36', 0, 91),
(408, 'ASTM/AOAC', 419, '2016-05-22 01:19:27', '2016-05-22 01:21:42', 0, 91),
(409, 'ASTM/AOAC', 420, '2016-05-22 01:19:34', '2016-05-22 01:21:48', 0, 91),
(410, 'ASTM/AOAC', 421, '2016-05-22 01:19:42', '2016-05-22 01:21:54', 0, 91),
(411, 'ASTM/AOAC', 422, '2016-05-22 01:19:49', '2016-05-22 01:22:02', 0, 91),
(412, 'ASTM/AOAC', 423, '2016-05-22 01:29:32', '2016-05-22 01:29:32', 0, 91),
(413, 'ASTM/AOAC', 424, '2016-05-22 01:29:38', '2016-05-22 01:29:38', 0, 91),
(414, 'ASTM/AOAC', 425, '2016-05-22 01:29:44', '2016-05-22 01:29:44', 0, 91),
(415, 'ASTM/AOAC', 426, '2016-05-22 01:29:50', '2016-05-22 01:29:50', 0, 91),
(416, 'ASTM/AOAC', 427, '2016-05-22 01:29:57', '2016-05-22 01:29:57', 0, 91),
(417, 'ASTM/AOAC', 428, '2016-05-22 01:30:04', '2016-05-22 01:30:04', 0, 91),
(418, 'ASTM/AOAC', 429, '2016-05-22 01:30:10', '2016-05-22 01:30:10', 0, 91),
(419, 'ASTM/AOAC', 430, '2016-05-22 01:34:21', '2016-05-22 01:34:21', 0, 91),
(420, 'ASTM/AOAC', 431, '2016-05-22 01:34:29', '2016-05-22 01:34:29', 0, 91),
(421, 'ASTM/AOAC', 432, '2016-05-22 01:34:52', '2016-05-22 01:34:52', 0, 91),
(422, 'ASTM/AOAC', 433, '2016-05-22 01:35:00', '2016-05-22 01:35:00', 0, 91),
(423, 'ASTM/AOAC', 434, '2016-05-22 01:35:08', '2016-05-22 01:35:08', 0, 91),
(424, 'ASTM/AOAC', 435, '2016-05-22 01:35:16', '2016-05-22 01:35:16', 0, 91),
(425, 'ASTM/AOAC', 436, '2016-05-22 01:35:22', '2016-05-22 01:35:22', 0, 91),
(426, 'ASTM/AOAC', 437, '2016-05-22 01:35:30', '2016-05-22 01:35:30', 0, 91),
(427, 'ASTM/AOAC', 438, '2016-05-22 01:35:48', '2016-05-22 01:35:48', 0, 91),
(428, 'ASTM/AOAC', 439, '2016-05-22 01:36:00', '2016-05-22 01:36:00', 0, 91),
(429, 'ASTM/AOAC', 440, '2016-05-22 01:36:07', '2016-05-22 01:36:07', 0, 91),
(430, 'ASTM/AOAC', 441, '2016-05-22 01:36:14', '2016-05-22 01:36:14', 0, 91),
(431, 'ASTM/AOAC', 442, '2016-05-22 01:36:22', '2016-05-22 01:36:22', 0, 91),
(432, 'ASTM/AOAC', 443, '2016-05-22 01:36:29', '2016-05-22 01:36:29', 0, 91),
(433, 'ASTM/AOAC', 444, '2016-05-22 01:36:36', '2016-05-22 01:36:36', 0, 91),
(434, 'ASTM/AOAC', 445, '2016-05-22 01:36:43', '2016-05-22 01:36:43', 0, 91),
(435, 'ASTM/AOAC', 446, '2016-05-22 01:36:51', '2016-05-22 01:36:51', 0, 91),
(436, 'ASTM/AOAC', 447, '2016-05-22 01:36:59', '2016-05-22 01:36:59', 0, 91),
(437, 'ASTM/AOAC', 448, '2016-05-22 01:37:08', '2016-05-22 01:37:08', 0, 91),
(438, 'ASTM', 449, '2016-05-22 01:39:50', '2016-05-22 01:39:50', 0, 91),
(439, 'ASTM', 450, '2016-05-22 01:40:00', '2016-05-22 01:40:00', 0, 91),
(440, 'ASTM', 451, '2016-05-22 01:40:07', '2016-05-22 01:40:07', 0, 91),
(441, 'ASTM', 452, '2016-05-22 01:40:15', '2016-05-22 01:40:15', 0, 91),
(442, 'ASTM', 453, '2016-05-22 01:40:20', '2016-05-22 01:40:20', 0, 91),
(443, 'ASTM', 454, '2016-05-22 01:40:26', '2016-05-22 01:40:26', 0, 91),
(444, 'ASTM', 455, '2016-05-22 01:40:35', '2016-05-22 01:40:35', 0, 91),
(445, 'ASTM', 456, '2016-05-22 01:44:34', '2016-05-22 01:44:34', 0, 91),
(446, 'ASTM', 457, '2016-05-22 01:44:40', '2016-05-22 01:44:40', 0, 91),
(447, 'ASTM', 458, '2016-05-22 01:44:47', '2016-05-22 01:44:47', 0, 91),
(448, 'ASTM', 459, '2016-05-22 01:44:55', '2016-05-22 01:44:55', 0, 91),
(449, 'ASTM', 460, '2016-05-22 01:45:18', '2016-05-22 01:45:18', 0, 91),
(450, 'ASTM', 461, '2016-05-22 01:45:29', '2016-05-22 01:45:29', 0, 91),
(451, 'ASTM', 462, '2016-05-22 01:45:37', '2016-05-22 01:45:37', 0, 91),
(452, 'ASTM/AOAC', 463, '2016-05-22 01:45:44', '2016-05-22 01:45:57', 0, 91),
(453, 'ASTM', 464, '2016-05-22 01:46:09', '2016-05-22 01:46:09', 0, 91),
(454, 'ASTM', 465, '2016-05-22 01:46:16', '2016-05-22 01:46:16', 0, 91),
(455, 'ASTM/AOAC', 466, '2016-05-22 01:46:51', '2016-05-22 01:46:51', 0, 91),
(456, 'ASTM', 467, '2016-05-22 01:47:01', '2016-05-22 01:47:01', 0, 91),
(457, 'ASTM', 468, '2016-05-22 01:47:08', '2016-05-22 01:47:08', 0, 91),
(458, 'ASTM', 469, '2016-05-22 01:52:46', '2016-05-22 01:52:46', 0, 91),
(459, 'ASTM', 470, '2016-05-22 01:52:54', '2016-05-22 01:52:54', 0, 91),
(460, 'ASTM', 471, '2016-05-22 01:53:00', '2016-05-22 01:53:00', 0, 91),
(461, 'ASTM', 472, '2016-05-22 01:53:06', '2016-05-22 01:53:06', 0, 91),
(462, 'ASTM', 473, '2016-05-22 01:53:12', '2016-05-22 01:53:12', 0, 91),
(463, 'ASTM', 474, '2016-05-22 01:53:18', '2016-05-22 01:53:18', 0, 91),
(464, 'ASTM', 475, '2016-05-22 01:53:25', '2016-05-22 01:53:25', 0, 91),
(465, 'ASTM', 476, '2016-05-22 01:53:31', '2016-05-22 01:53:31', 0, 91),
(466, 'ASTM', 477, '2016-05-22 01:53:37', '2016-05-22 01:53:37', 0, 91),
(467, 'ASTM/AOAC', 478, '2016-05-22 01:53:49', '2016-05-22 01:53:49', 0, 91),
(468, 'ASTM', 479, '2016-05-22 01:54:07', '2016-05-22 01:54:07', 0, 91),
(469, 'ASTM', 480, '2016-05-22 01:54:17', '2016-05-22 01:54:17', 0, 91),
(470, 'ASTM', 481, '2016-05-22 01:54:25', '2016-05-22 01:54:25', 0, 91),
(471, 'ASTM', 482, '2016-05-22 01:54:31', '2016-05-22 01:54:31', 0, 91),
(472, 'ASTM', 483, '2016-05-22 01:54:38', '2016-05-22 01:54:38', 0, 91),
(473, 'ASTM', 484, '2016-05-22 01:54:46', '2016-05-22 01:54:46', 0, 91),
(474, 'ASTM', 485, '2016-05-22 01:54:53', '2016-05-22 01:54:53', 0, 91),
(475, 'ASTM', 486, '2016-05-22 01:55:01', '2016-05-22 01:55:01', 0, 91),
(476, 'ASTM', 487, '2016-05-22 01:55:09', '2016-05-22 01:55:09', 0, 91),
(477, 'ASTM', 488, '2016-05-22 01:55:17', '2016-05-22 01:55:17', 0, 91),
(478, 'ASTM', 489, '2016-05-22 01:55:24', '2016-05-22 01:55:24', 0, 91),
(479, 'ASTM', 490, '2016-05-22 01:55:31', '2016-05-22 01:55:31', 0, 91),
(480, 'ASTM', 491, '2016-05-22 01:55:38', '2016-05-22 01:55:38', 0, 91),
(481, 'ASTM', 492, '2016-05-22 02:01:02', '2016-05-22 02:01:02', 0, 91),
(482, 'ASTM', 493, '2016-05-22 02:01:09', '2016-05-22 02:01:09', 0, 91),
(483, 'ASTM/AOAC', 494, '2016-05-22 02:01:33', '2016-05-22 02:01:33', 0, 91),
(484, 'ASTM/AOAC', 495, '2016-05-22 02:01:45', '2016-05-22 02:01:45', 0, 91),
(485, 'ASTM', 496, '2016-05-22 02:01:52', '2016-05-22 02:01:52', 0, 91),
(486, 'ASTM', 497, '2016-05-22 02:01:57', '2016-05-22 02:01:57', 0, 91),
(487, 'ASTM', 498, '2016-05-22 02:02:03', '2016-05-22 02:02:03', 0, 91),
(488, 'ASTM', 499, '2016-05-22 02:02:10', '2016-05-22 02:02:10', 0, 91),
(489, 'ASTM', 500, '2016-05-22 02:02:17', '2016-05-22 02:02:17', 0, 91),
(490, 'ASTM', 501, '2016-05-22 02:02:29', '2016-05-22 02:02:29', 0, 91),
(491, 'ASTM', 502, '2016-05-22 02:02:37', '2016-05-22 02:02:37', 0, 91),
(492, 'ASTM', 503, '2016-05-22 02:02:43', '2016-05-22 02:02:43', 0, 91),
(493, 'ASTM', 504, '2016-05-22 02:03:02', '2016-05-22 02:03:02', 0, 91),
(494, 'ASTM', 505, '2016-05-22 02:03:09', '2016-05-22 02:03:09', 0, 91),
(495, 'ASTM/AOAC', 506, '2016-05-23 22:56:48', '2016-05-23 22:56:48', 0, 91),
(496, 'ASTM/AOAC', 507, '2016-05-23 22:56:57', '2016-05-23 22:56:57', 0, 91),
(497, 'ASTM/AOAC', 508, '2016-05-23 22:57:09', '2016-05-23 22:57:09', 0, 91),
(498, 'ASTM/AOAC', 509, '2016-05-23 22:57:18', '2016-05-23 22:57:18', 0, 91),
(499, 'ASTM/AOAC', 510, '2016-05-23 22:57:26', '2016-05-23 22:57:26', 0, 91),
(500, 'ASTM/AOAC', 511, '2016-05-23 22:57:32', '2016-05-23 22:57:32', 0, 91),
(501, 'ASTM/AOAC', 512, '2016-05-23 22:57:39', '2016-05-23 22:57:39', 0, 91),
(502, 'ASTM/AOAC', 513, '2016-05-23 22:57:46', '2016-05-23 22:57:46', 0, 91),
(503, 'ASTM/AOAC', 514, '2016-05-23 22:57:53', '2016-05-23 22:57:53', 0, 91),
(504, 'ASTM/AOAC', 515, '2016-05-23 22:57:59', '2016-05-23 22:57:59', 0, 91),
(505, 'ASTM/AOAC', 516, '2016-05-23 22:58:06', '2016-05-23 22:58:06', 0, 91),
(506, 'ASTM/AOAC', 517, '2016-05-23 22:58:13', '2016-05-23 22:58:13', 0, 91),
(507, 'ASTM/AOAC', 518, '2016-05-23 22:58:21', '2016-05-23 22:58:21', 0, 91),
(508, 'ASTM/AOAC', 519, '2016-05-23 23:37:19', '2016-05-23 23:37:19', 0, 91),
(509, 'ASTM', 520, '2016-05-23 23:38:15', '2016-05-23 23:38:15', 0, 91),
(510, 'Atomic', 521, '2016-05-23 23:53:33', '2016-05-23 23:53:33', 0, 91),
(511, 'Atomic', 522, '2016-05-23 23:53:41', '2016-05-23 23:53:41', 0, 91),
(512, 'Atomic', 523, '2016-05-23 23:53:54', '2016-05-23 23:53:54', 0, 91),
(513, 'Atomic', 524, '2016-05-23 23:54:01', '2016-05-23 23:54:01', 0, 91),
(514, 'Atomic', 525, '2016-05-23 23:54:10', '2016-05-23 23:54:10', 0, 91),
(515, 'Atomic', 526, '2016-05-23 23:54:17', '2016-05-23 23:54:17', 0, 91),
(516, 'Atomic', 527, '2016-05-23 23:54:26', '2016-05-23 23:54:26', 0, 91),
(517, 'Atomic', 528, '2016-05-23 23:54:39', '2016-05-23 23:54:39', 0, 91),
(518, 'Atomic', 529, '2016-05-23 23:54:49', '2016-05-23 23:54:49', 0, 91),
(519, 'Atomic', 533, '2016-05-23 23:54:58', '2016-05-23 23:54:58', 0, 91),
(520, 'Atomic', 530, '2016-05-23 23:55:11', '2016-05-23 23:55:11', 0, 91),
(521, 'ASTM/AOAC', 531, '2016-05-23 23:55:23', '2016-05-23 23:55:23', 0, 91),
(522, 'Atomic', 532, '2016-05-23 23:55:35', '2016-05-23 23:55:35', 0, 91),
(523, 'ASTM', 534, '2016-05-23 23:57:00', '2016-05-23 23:57:00', 0, 91),
(524, 'ASTM', 535, '2016-05-23 23:57:06', '2016-05-23 23:57:06', 0, 91),
(525, 'ASTM', 536, '2016-05-23 23:57:12', '2016-05-23 23:57:12', 0, 91),
(526, 'ASTM', 537, '2016-05-23 23:57:20', '2016-05-23 23:57:20', 0, 91),
(527, 'ASTM/AOAC', 538, '2016-05-23 23:59:53', '2016-05-23 23:59:53', 0, 91),
(528, 'ASTM/AOAC', 539, '2016-05-23 23:59:59', '2016-05-23 23:59:59', 0, 91),
(529, 'ASTM/AOAC', 540, '2016-05-24 00:00:05', '2016-05-24 00:00:05', 0, 91),
(530, 'ASTM/AOAC', 541, '2016-05-24 00:00:11', '2016-05-24 00:00:11', 0, 91),
(531, 'ASTM/AOAC', 542, '2016-05-24 00:00:17', '2016-05-24 00:00:17', 0, 91),
(532, 'ASTM/AOAC', 543, '2016-05-24 00:00:25', '2016-05-24 00:00:25', 0, 91),
(533, 'ASTM/AOAC', 544, '2016-05-24 00:00:31', '2016-05-24 00:00:31', 0, 91),
(534, 'ASTM/AOAC', 545, '2016-05-24 00:00:37', '2016-05-24 00:00:37', 0, 91),
(535, 'ASTM/AOAC', 546, '2016-05-24 00:00:43', '2016-05-24 00:00:43', 0, 91),
(536, 'ASTM', 547, '2016-05-25 00:30:58', '2016-05-25 00:30:58', 0, 91),
(537, 'ASTM', 548, '2016-05-25 00:31:04', '2016-05-25 00:31:04', 0, 91),
(538, 'ASTM', 549, '2016-05-25 00:31:10', '2016-05-25 00:31:10', 0, 91),
(539, 'ASTM', 550, '2016-05-25 00:31:16', '2016-05-25 00:31:16', 0, 91),
(540, 'ASTM', 551, '2016-05-25 00:31:23', '2016-05-25 00:31:23', 0, 91),
(541, 'ASTM', 552, '2016-05-25 00:31:29', '2016-05-25 00:31:29', 0, 91),
(542, 'ASTM', 553, '2016-05-25 00:31:35', '2016-05-25 00:31:35', 0, 91),
(543, 'ASTM', 554, '2016-05-25 00:31:41', '2016-05-25 00:31:41', 0, 91),
(544, 'ASTM', 555, '2016-05-25 00:31:47', '2016-05-25 00:31:47', 0, 91),
(545, 'ASTM', 556, '2016-05-25 00:31:53', '2016-05-25 00:31:53', 0, 91),
(546, 'ASTM', 557, '2016-05-25 00:32:00', '2016-05-25 00:32:00', 0, 91),
(547, 'ASTM', 558, '2016-05-25 00:32:07', '2016-05-25 00:32:07', 0, 91),
(548, 'ASTM', 559, '2016-05-25 00:32:13', '2016-05-25 00:32:13', 0, 91),
(549, 'ASTM', 560, '2016-05-25 00:32:18', '2016-05-25 00:32:18', 0, 91),
(550, 'ASTM', 561, '2016-05-25 00:32:24', '2016-05-25 00:32:24', 0, 91),
(551, 'ASTM', 562, '2016-05-25 00:32:30', '2016-05-25 00:32:30', 0, 91),
(552, 'ASTM', 563, '2016-05-25 00:32:36', '2016-05-25 00:32:36', 0, 91),
(553, 'ASTM', 564, '2016-05-25 00:32:42', '2016-05-25 00:32:42', 0, 91),
(554, 'ASTM', 565, '2016-05-25 00:32:50', '2016-05-25 00:32:50', 0, 91),
(555, 'ASTM', 566, '2016-05-25 00:32:56', '2016-05-25 00:32:56', 0, 91),
(556, 'ASTM', 567, '2016-05-25 00:33:02', '2016-05-25 00:33:02', 0, 91),
(557, 'ASTM', 568, '2016-05-25 00:33:10', '2016-05-25 00:33:10', 0, 91),
(558, 'ASTM', 569, '2016-05-25 00:33:15', '2016-05-25 00:33:15', 0, 91),
(559, 'ASTM', 570, '2016-05-25 00:33:22', '2016-05-25 00:33:22', 0, 91),
(560, 'ASTM', 571, '2016-05-25 00:33:29', '2016-05-25 00:33:29', 0, 91),
(561, 'ASTM', 572, '2016-05-25 00:33:37', '2016-05-25 00:33:37', 0, 91),
(562, 'ASTM/AOAC', 573, '2016-05-25 00:36:25', '2016-05-25 00:36:25', 0, 91),
(563, 'ASTM/AOAC', 574, '2016-05-25 00:36:32', '2016-05-25 00:36:32', 0, 91),
(564, 'ASTM/AOAC', 575, '2016-05-25 00:36:39', '2016-05-25 00:36:39', 0, 91),
(565, 'ASTM/AOAC', 576, '2016-05-25 00:36:44', '2016-05-25 00:36:44', 0, 91),
(566, 'ASTM/AOAC', 577, '2016-05-25 00:36:50', '2016-05-25 00:36:50', 0, 91),
(567, 'ASTM/AOAC', 578, '2016-05-25 00:36:56', '2016-05-25 00:36:56', 0, 91),
(568, 'ASTM/AOAC', 579, '2016-05-25 00:37:02', '2016-05-25 00:37:02', 0, 91),
(569, 'ASTM/AOAC', 580, '2016-05-25 00:37:07', '2016-05-25 00:37:07', 0, 91),
(570, 'ASTM/AOAC', 581, '2016-05-25 00:37:13', '2016-05-25 00:37:13', 0, 91),
(571, 'ASTM', 582, '2016-05-25 00:49:12', '2016-05-25 00:49:12', 0, 91),
(572, 'ASTM/AOAC', 583, '2016-05-25 00:52:16', '2016-05-25 00:52:16', 0, 91),
(573, 'ASTM/AOAC', 584, '2016-05-25 00:52:22', '2016-05-25 00:52:22', 0, 91),
(574, 'ASTM/AOAC', 585, '2016-05-25 00:52:30', '2016-05-25 00:52:30', 0, 91),
(575, 'ASTM/AOAC', 586, '2016-05-25 00:52:39', '2016-05-25 00:52:39', 0, 91),
(576, 'ASTM/AOAC', 587, '2016-05-25 00:52:46', '2016-05-25 00:52:46', 0, 91),
(577, 'ASTM/AOAC', 588, '2016-05-25 00:52:52', '2016-05-25 00:52:52', 0, 91),
(578, 'ASTM/AOAC', 589, '2016-05-25 00:52:58', '2016-05-25 00:52:58', 0, 91),
(579, 'ASTM/AOAC', 590, '2016-05-25 00:53:04', '2016-05-25 00:53:04', 0, 91),
(580, 'ASTM/AOAC', 591, '2016-05-25 00:53:10', '2016-05-25 00:53:10', 0, 91),
(581, 'ASTM/AOAC', 592, '2016-05-25 00:53:15', '2016-05-25 00:53:15', 0, 91),
(582, 'ASTM/AOAC', 593, '2016-05-25 00:53:23', '2016-05-25 00:53:23', 0, 91),
(583, 'ASTM/AOAC', 594, '2016-05-25 00:55:52', '2016-05-25 00:55:52', 0, 91),
(584, 'ASTM/AOAC', 595, '2016-05-25 00:56:02', '2016-05-25 00:56:02', 0, 91),
(585, 'ASTM/AOAC', 596, '2016-05-25 00:56:08', '2016-05-25 00:56:08', 0, 91),
(586, 'ASTM/AOAC', 597, '2016-05-25 00:56:14', '2016-05-25 00:56:14', 0, 91),
(587, 'ASTM/AOAC', 598, '2016-05-25 00:56:20', '2016-05-25 00:56:20', 0, 91),
(588, 'ASTM/AOAC', 599, '2016-05-25 00:56:26', '2016-05-25 00:56:26', 0, 91),
(589, 'ASTM/AOAC', 600, '2016-05-25 00:56:32', '2016-05-25 00:56:32', 0, 91),
(590, 'ASTM/AOAC', 601, '2016-05-25 00:56:39', '2016-05-25 00:56:39', 0, 91),
(591, 'ASTM/AOAC', 602, '2016-05-25 00:56:46', '2016-05-25 00:56:46', 0, 91),
(592, 'ASTM/AOAC', 603, '2016-05-25 00:58:55', '2016-05-25 00:58:55', 0, 91),
(593, 'ASTM/AOAC', 604, '2016-05-25 00:59:01', '2016-05-25 00:59:01', 0, 91),
(594, 'ASTM/AOAC', 605, '2016-05-25 00:59:07', '2016-05-25 00:59:07', 0, 91),
(595, 'ASTM/AOAC', 606, '2016-05-25 00:59:16', '2016-05-25 00:59:16', 0, 91),
(596, 'ASTM/AOAC', 607, '2016-05-25 00:59:22', '2016-05-25 00:59:22', 0, 91),
(597, 'ASTM/AOAC', 608, '2016-05-25 00:59:27', '2016-05-25 00:59:27', 0, 91),
(598, 'ASTM/AOAC', 609, '2016-05-25 00:59:33', '2016-05-25 00:59:33', 0, 91),
(599, 'ASTM/AOAC', 610, '2016-05-25 00:59:39', '2016-05-25 00:59:39', 0, 91),
(600, 'ASTM/AOAC', 611, '2016-05-25 00:59:46', '2016-05-25 00:59:46', 0, 91),
(601, 'ASTM/AOAC', 612, '2016-05-25 21:37:39', '2016-05-25 22:12:27', 0, 91),
(602, 'ASTM/AOAC', 613, '2016-05-25 21:37:47', '2016-05-25 22:12:32', 0, 91),
(603, 'ASTM/AOAC', 614, '2016-05-25 21:37:52', '2016-05-25 22:12:37', 0, 91),
(604, 'ASTM/AOAC', 615, '2016-05-25 21:37:58', '2016-05-25 22:12:43', 0, 91),
(605, 'ASTM/AOAC', 617, '2016-05-25 21:38:05', '2016-05-25 22:12:48', 0, 91),
(606, 'ASTM/AOAC', 616, '2016-05-25 21:38:11', '2016-05-25 22:12:54', 0, 91),
(607, 'ASTM', 618, '2016-05-25 21:39:27', '2016-05-25 21:39:27', 0, 91),
(608, 'ASTM/AOAC', 619, '2016-05-25 21:49:44', '2016-05-25 22:10:21', 0, 91),
(609, 'ASTM/AOAC', 620, '2016-05-25 21:49:50', '2016-05-25 22:10:27', 0, 91),
(610, 'ASTM/AOAC', 621, '2016-05-25 21:49:58', '2016-05-25 22:10:32', 0, 91),
(611, 'ASTM/AOAC', 622, '2016-05-25 21:50:03', '2016-05-25 22:10:37', 0, 91),
(612, 'ASTM/AOAC', 623, '2016-05-25 21:50:10', '2016-05-25 22:10:43', 0, 91),
(613, 'ASTM/AOAC', 624, '2016-05-25 21:50:15', '2016-05-25 22:10:49', 0, 91),
(614, 'ASTM/AOAC', 625, '2016-05-25 21:50:21', '2016-05-25 22:10:55', 0, 91),
(615, 'ASTM/AOAC', 626, '2016-05-25 21:50:27', '2016-05-25 22:11:02', 0, 91),
(616, 'ASTM/AOAC', 627, '2016-05-25 21:50:33', '2016-05-25 22:11:07', 0, 91),
(617, 'ASTM/AOAC', 628, '2016-05-25 21:50:45', '2016-05-25 22:11:13', 0, 91),
(618, 'ASTM/AOAC', 629, '2016-05-25 21:50:52', '2016-05-25 22:11:19', 0, 91),
(619, 'ASTM/AOAC', 630, '2016-05-25 21:50:58', '2016-05-25 22:11:25', 0, 91),
(620, 'ASTM/AOAC', 631, '2016-05-25 21:51:05', '2016-05-25 22:11:31', 0, 91),
(621, 'ASTM/AOAC', 632, '2016-05-25 21:53:43', '2016-05-25 22:09:04', 0, 91),
(622, 'ASTM/AOAC', 633, '2016-05-25 21:53:49', '2016-05-25 22:09:11', 0, 91),
(623, 'ASTM/AOAC', 634, '2016-05-25 21:53:55', '2016-05-25 22:09:16', 0, 91),
(624, 'ASTM/AOAC', 635, '2016-05-25 21:54:01', '2016-05-25 22:09:22', 0, 91),
(625, 'ASTM/AOAC', 636, '2016-05-25 21:54:07', '2016-05-25 22:09:28', 0, 91),
(626, 'ASTM/AOAC', 637, '2016-05-25 21:54:14', '2016-05-25 22:09:35', 0, 91),
(627, 'ASTM/AOAC', 638, '2016-05-25 21:54:25', '2016-05-25 22:09:42', 0, 91),
(628, 'ASTM/AOAC', 639, '2016-05-25 21:54:31', '2016-05-25 22:09:47', 0, 91),
(629, 'ASTM/AOAC', 640, '2016-05-25 21:54:38', '2016-05-25 22:09:53', 0, 91),
(630, 'ASTM/AOAC', 641, '2016-05-25 22:05:29', '2016-05-25 22:06:26', 0, 91),
(631, 'ASTM/AOAC', 642, '2016-05-25 22:05:35', '2016-05-25 22:06:36', 0, 91),
(632, 'ASTM/AOAC', 643, '2016-05-25 22:05:43', '2016-05-25 22:06:15', 0, 91),
(633, 'ASTM/AOAC', 644, '2016-05-25 22:05:49', '2016-05-25 22:06:00', 0, 91),
(634, 'ASTM/AOAC', 645, '2016-05-25 22:06:58', '2016-05-25 22:06:58', 0, 91),
(635, 'ASTM/AOAC', 646, '2016-05-25 22:07:18', '2016-05-25 22:07:18', 0, 91),
(636, 'ASTM/AOAC', 647, '2016-05-25 22:07:25', '2016-05-25 22:07:25', 0, 91),
(637, 'ASTM/AOAC', 648, '2016-05-25 22:07:33', '2016-05-25 22:07:33', 0, 91),
(638, 'ASTM/AOAC', 649, '2016-05-25 22:07:39', '2016-05-25 22:07:39', 0, 91),
(639, 'ASTM/AOAC', 650, '2016-05-25 22:07:45', '2016-05-25 22:07:45', 0, 91),
(640, 'ASTM/AOAC', 651, '2016-05-25 22:07:51', '2016-05-25 22:07:51', 0, 91);
INSERT INTO `tbl_method` (`method_id`, `method_name`, `param_id`, `created_at`, `updated_at`, `is_locked`, `updated_by`) VALUES
(641, 'ASTM/AOAC', 652, '2016-05-25 22:15:24', '2016-05-25 22:15:24', 0, 91),
(642, 'ASTM/AOAC', 653, '2016-05-25 22:15:30', '2016-05-25 22:15:30', 0, 91),
(643, 'ASTM/AOAC', 654, '2016-05-25 22:15:36', '2016-05-25 22:15:36', 0, 91),
(644, 'ASTM/AOAC', 655, '2016-05-25 22:15:42', '2016-05-25 22:15:42', 0, 91),
(645, 'ASTM/AOAC', 656, '2016-05-25 22:15:48', '2016-05-25 22:15:48', 0, 91),
(646, 'ASTM/AOAC', 657, '2016-05-25 22:15:54', '2016-05-25 22:15:54', 0, 91),
(647, 'ASTM/AOAC', 658, '2016-05-25 22:15:59', '2016-05-25 22:15:59', 0, 91),
(648, 'ASTM/AOAC', 659, '2016-05-25 22:16:05', '2016-05-25 22:16:05', 0, 91),
(649, 'ASTM/AOAC', 660, '2016-05-25 22:16:10', '2016-05-25 22:16:10', 0, 91),
(650, 'ASTM/AOAC', 661, '2016-05-25 22:18:14', '2016-05-25 22:18:14', 0, 91),
(651, 'ASTM/AOAC', 662, '2016-05-25 22:18:20', '2016-05-25 22:18:20', 0, 91),
(652, 'ASTM/AOAC', 663, '2016-05-25 22:18:26', '2016-05-25 22:18:26', 0, 91),
(653, 'ASTM/AOAC', 664, '2016-05-25 22:18:32', '2016-05-25 22:18:32', 0, 91),
(654, 'ASTM/AOAC', 665, '2016-05-25 22:18:38', '2016-05-25 22:18:38', 0, 91),
(655, 'ASTM/AOAC', 666, '2016-05-25 22:18:45', '2016-05-25 22:18:45', 0, 91),
(656, 'ASTM/AOAC', 667, '2016-05-25 22:18:51', '2016-05-25 22:18:51', 0, 91),
(657, 'ASTM/AOAC', 668, '2016-05-25 22:18:57', '2016-05-25 22:18:57', 0, 91),
(658, 'ASTM/AOAC', 669, '2016-05-25 22:19:03', '2016-05-25 22:19:03', 0, 91),
(659, 'ASTM/AOAC', 670, '2016-05-25 22:19:09', '2016-05-25 22:19:09', 0, 91),
(660, 'ASTM/AOAC', 671, '2016-05-25 22:19:15', '2016-05-25 22:19:15', 0, 91),
(661, 'ASTM/AOAC', 672, '2016-05-25 22:26:30', '2016-05-25 22:26:30', 0, 91),
(662, 'ASTM/AOAC', 673, '2016-05-25 22:26:36', '2016-05-25 22:26:36', 0, 91),
(663, 'ASTM/AOAC', 674, '2016-05-25 22:26:41', '2016-05-25 22:26:41', 0, 91),
(664, 'ASTM/AOAC', 675, '2016-05-25 22:26:47', '2016-05-25 22:26:47', 0, 91),
(665, 'ASTM/AOAC', 676, '2016-05-25 22:26:57', '2016-05-25 22:26:57', 0, 91),
(666, 'ASTM/AOAC', 677, '2016-05-25 22:27:05', '2016-05-25 22:27:05', 0, 91),
(667, 'ASTM/AOAC', 678, '2016-05-25 22:27:11', '2016-05-25 22:27:11', 0, 91),
(668, 'ASTM/AOAC', 679, '2016-05-25 22:27:17', '2016-05-25 22:27:17', 0, 91),
(669, 'ASTM/AOAC', 680, '2016-05-25 22:27:23', '2016-05-25 22:27:23', 0, 91),
(670, 'ASTM/AOAC', 681, '2016-05-25 22:27:28', '2016-05-25 22:27:28', 0, 91),
(671, 'ASTM/AOAC', 683, '2016-05-25 22:27:35', '2016-05-25 22:27:35', 0, 91),
(672, 'ASTM/AOAC', 684, '2016-05-25 22:27:41', '2016-05-25 22:27:41', 0, 91),
(673, 'ASTM/AOAC', 682, '2016-05-25 22:27:48', '2016-05-25 22:27:48', 0, 91),
(674, 'ASTM/AOAC', 685, '2016-05-25 22:28:31', '2016-05-25 22:28:31', 0, 91),
(675, 'ASTM/AOAC', 686, '2016-05-25 22:30:17', '2016-05-25 22:30:17', 0, 91),
(676, 'ASTM/AOAC', 687, '2016-05-25 22:30:22', '2016-05-25 22:30:22', 0, 91),
(677, 'ASTM/AOAC', 688, '2016-05-25 22:30:27', '2016-05-25 22:30:27', 0, 91),
(678, 'ASTM/AOAC', 689, '2016-05-25 22:30:34', '2016-05-25 22:30:34', 0, 91),
(679, 'ASTM/AOAC', 690, '2016-05-25 22:30:39', '2016-05-25 22:30:39', 0, 91),
(680, 'ASTM/AOAC', 691, '2016-05-25 22:30:46', '2016-05-25 22:30:46', 0, 91),
(681, 'ASTM/AOAC', 692, '2016-05-25 22:30:52', '2016-05-25 22:30:52', 0, 91),
(682, 'ASTM/AOAC', 693, '2016-05-25 22:30:57', '2016-05-25 22:30:57', 0, 91),
(683, 'ASTM/AOAC', 694, '2016-05-25 22:31:04', '2016-05-25 22:31:04', 0, 91),
(684, 'Atomic', 695, '2016-05-25 22:34:39', '2016-05-25 22:34:39', 0, 91),
(685, 'Atomic', 696, '2016-05-25 22:34:45', '2016-05-25 22:34:45', 0, 91),
(686, 'Atomic', 697, '2016-05-25 22:34:51', '2016-05-25 22:34:51', 0, 91),
(687, 'Atomic', 698, '2016-05-25 22:34:57', '2016-05-25 22:34:57', 0, 91),
(688, 'Atomic', 699, '2016-05-25 22:35:10', '2016-05-25 22:35:10', 0, 91),
(689, 'Atomic', 700, '2016-05-25 22:35:16', '2016-05-25 22:35:16', 0, 91),
(690, 'FTIR', 701, '2016-05-25 22:35:28', '2016-05-25 22:35:28', 0, 91),
(691, 'Atomic', 702, '2016-05-25 22:37:05', '2016-05-25 22:37:05', 0, 91),
(692, 'Atomic', 703, '2016-05-25 22:37:11', '2016-05-25 22:37:11', 0, 91),
(693, 'Atomic', 704, '2016-05-25 22:37:17', '2016-05-25 22:37:17', 0, 91),
(694, 'Atomic', 705, '2016-05-25 22:37:22', '2016-05-25 22:37:22', 0, 91),
(695, 'Atomic', 706, '2016-05-25 22:37:28', '2016-05-25 22:37:28', 0, 91),
(696, 'Atomic', 707, '2016-05-25 22:37:36', '2016-05-25 22:37:36', 0, 91),
(697, 'ASTM/AOAC', 708, '2016-05-26 01:28:50', '2016-05-26 01:28:50', 0, 91),
(698, 'ASTM/AOAC', 709, '2016-05-26 01:28:56', '2016-05-26 01:28:56', 0, 91),
(699, 'ASTM/AOAC', 710, '2016-05-26 01:29:03', '2016-05-26 01:29:03', 0, 91),
(700, 'ASTM/AOAC', 711, '2016-05-26 01:29:10', '2016-05-26 01:29:10', 0, 91),
(701, 'ASTM/AOAC', 712, '2016-05-26 01:29:17', '2016-05-26 01:29:17', 0, 91),
(702, 'ASTM/AOAC', 713, '2016-05-26 01:29:24', '2016-05-26 01:29:24', 0, 91),
(703, 'ASTM/AOAC', 714, '2016-05-26 01:29:30', '2016-05-26 01:29:30', 0, 91),
(704, 'ASTM/AOAC', 715, '2016-05-26 01:29:36', '2016-05-26 01:29:36', 0, 91),
(705, 'ASTM/AOAC', 716, '2016-05-26 01:29:42', '2016-05-26 01:29:42', 0, 91),
(706, 'ASTM', 717, '2016-05-26 01:32:01', '2016-05-26 01:32:01', 0, 91),
(707, 'ASTM', 718, '2016-05-26 01:32:06', '2016-05-26 01:32:06', 0, 91),
(708, 'ASTM', 719, '2016-05-26 01:32:11', '2016-05-26 01:32:11', 0, 91),
(709, 'ASTM', 720, '2016-05-26 01:32:17', '2016-05-26 01:32:17', 0, 91),
(710, 'ASTM', 721, '2016-05-26 01:32:23', '2016-05-26 01:32:23', 0, 91),
(711, 'ASTM', 722, '2016-05-26 01:32:30', '2016-05-26 01:32:30', 0, 91),
(712, 'ASTM', 723, '2016-05-26 01:32:36', '2016-05-26 01:32:36', 0, 91),
(713, 'ASTM', 724, '2016-05-26 01:32:42', '2016-05-26 01:32:42', 0, 91),
(714, 'ASTM/AOAC', 725, '2016-05-26 01:36:06', '2016-05-26 01:36:06', 0, 91),
(715, 'ASTM/AOAC', 726, '2016-05-26 01:36:22', '2016-05-26 01:36:22', 0, 91),
(716, 'ASTM/AOAC', 727, '2016-05-26 01:36:28', '2016-05-26 01:36:28', 0, 91),
(717, 'ASTM/AOAC', 728, '2016-05-26 01:36:34', '2016-05-26 01:36:34', 0, 91),
(718, 'ASTM/AOAC', 729, '2016-05-26 01:36:40', '2016-05-26 01:36:40', 0, 91),
(719, 'ASTM/AOAC', 730, '2016-05-26 01:36:46', '2016-05-26 01:36:46', 0, 91),
(720, 'ASTM/AOAC', 731, '2016-05-26 01:36:52', '2016-05-26 01:36:52', 0, 91),
(721, 'ASTM/AOAC', 732, '2016-05-26 01:36:59', '2016-05-26 01:36:59', 0, 91),
(722, 'ASTM/AOAC', 733, '2016-05-26 01:37:05', '2016-05-26 01:37:05', 0, 91),
(723, 'ASTM/AOAC', 734, '2016-05-26 01:38:01', '2016-05-26 01:38:01', 0, 91),
(724, 'ASTM/AOAC', 735, '2016-05-26 01:38:27', '2016-05-26 01:38:27', 0, 91),
(725, 'ASTM/AOAC', 736, '2016-05-26 01:42:18', '2016-05-26 01:42:18', 0, 91),
(726, 'ASTM/AOAC', 737, '2016-05-26 01:42:24', '2016-05-26 01:42:24', 0, 91),
(727, 'ASTM/AOAC', 738, '2016-05-26 01:42:30', '2016-05-26 01:42:30', 0, 91),
(728, 'ASTM/AOAC', 739, '2016-05-26 01:42:38', '2016-05-26 01:42:38', 0, 91),
(729, 'ASTM/AOAC', 740, '2016-05-26 01:42:44', '2016-05-26 01:42:44', 0, 91),
(730, 'ASTM/AOAC', 741, '2016-05-26 01:42:49', '2016-05-26 01:42:49', 0, 91),
(731, 'ASTM/AOAC', 742, '2016-05-26 01:42:55', '2016-05-26 01:42:55', 0, 91),
(732, 'ASTM/AOAC', 743, '2016-05-26 01:43:01', '2016-05-26 01:43:01', 0, 91),
(733, 'ASTM/AOAC', 744, '2016-05-26 01:43:07', '2016-05-26 01:43:07', 0, 91),
(734, 'ASTM', 745, '2016-05-26 01:46:10', '2016-05-26 01:46:10', 0, 91),
(735, 'ASTM/AOAC', 746, '2016-05-26 01:47:12', '2016-05-26 01:47:12', 0, 91),
(736, 'ASTM/AOAC', 747, '2016-05-26 01:47:18', '2016-05-26 01:47:18', 0, 91),
(737, 'ASTM/AOAC', 748, '2016-05-26 01:47:23', '2016-05-26 01:47:23', 0, 91),
(738, 'ASTM/AOAC', 749, '2016-05-26 01:49:42', '2016-05-26 01:49:42', 0, 91),
(739, 'ASTM/AOAC', 750, '2016-05-26 01:49:48', '2016-05-26 01:49:48', 0, 91),
(740, 'ASTM/AOAC', 751, '2016-05-26 01:49:54', '2016-05-26 01:49:54', 0, 91),
(741, 'ASTM/AOAC', 752, '2016-05-29 23:07:22', '2016-05-29 23:07:22', 0, 91),
(742, 'ASTM/AOAC', 753, '2016-05-29 23:07:28', '2016-05-29 23:07:28', 0, 91),
(743, 'ASTM/AOAC', 754, '2016-05-29 23:07:34', '2016-05-29 23:07:34', 0, 91),
(744, 'ASTM/AOAC', 755, '2016-05-29 23:07:40', '2016-05-29 23:07:40', 0, 91),
(745, 'ASTM/AOAC', 756, '2016-05-29 23:07:46', '2016-05-29 23:07:46', 0, 91),
(746, 'ASTM/AOAC', 757, '2016-05-29 23:07:52', '2016-05-29 23:07:52', 0, 91),
(747, 'XRD', 758, '2016-05-29 23:10:20', '2016-05-29 23:10:20', 0, 91),
(748, 'ASTM', 759, '2016-05-29 23:11:21', '2016-05-29 23:11:21', 0, 91),
(749, 'ASTM/AOAC', 760, '2016-05-29 23:16:26', '2016-05-29 23:16:26', 0, 91),
(750, 'ASTM/AOAC', 761, '2016-05-29 23:16:33', '2016-05-29 23:16:33', 0, 91),
(751, 'ASTM/AOAC', 762, '2016-05-29 23:16:38', '2016-05-29 23:16:38', 0, 91),
(752, 'ASTM/AOAC', 763, '2016-05-29 23:16:44', '2016-05-29 23:16:44', 0, 91),
(753, 'ASTM/AOAC', 764, '2016-05-29 23:16:52', '2016-05-29 23:16:52', 0, 91),
(754, 'ASTM/AOAC', 765, '2016-05-29 23:17:23', '2016-05-29 23:17:23', 0, 91),
(755, 'ASTM/AOAC', 766, '2016-05-29 23:17:30', '2016-05-29 23:17:30', 0, 91),
(756, 'ASTM/AOAC', 767, '2016-05-29 23:17:53', '2016-05-29 23:17:53', 0, 91),
(757, 'ASTM/AOAC', 768, '2016-05-29 23:18:03', '2016-05-29 23:18:03', 0, 91),
(758, 'ASTM/AOAC', 769, '2016-05-29 23:18:10', '2016-05-29 23:18:10', 0, 91),
(759, 'ASTM/AOAC', 770, '2016-05-29 23:18:23', '2016-05-29 23:18:23', 0, 91),
(760, 'ASTM/AOAC', 771, '2016-05-29 23:18:29', '2016-05-29 23:18:29', 0, 91),
(761, 'ASTM/AOAC', 772, '2016-05-29 23:18:34', '2016-05-29 23:18:34', 0, 91),
(762, 'ASTM/AOAC', 773, '2016-05-29 23:18:41', '2016-05-29 23:18:41', 0, 91),
(763, 'ASTM/AOAC', 774, '2016-05-29 23:18:47', '2016-05-29 23:18:47', 0, 91),
(764, 'ASTM/AOAC', 775, '2016-05-29 23:18:53', '2016-05-29 23:18:53', 0, 91),
(765, 'ASTM/AOAC', 776, '2016-05-29 23:19:01', '2016-05-29 23:19:01', 0, 91),
(766, 'ASTM/AOAC', 777, '2016-05-29 23:19:07', '2016-05-29 23:19:42', 0, 91),
(767, 'XRD', 778, '2016-05-29 23:19:36', '2016-05-29 23:19:36', 0, 91),
(768, 'ASTM/AOAC', 779, '2016-05-29 23:19:52', '2016-05-29 23:19:52', 0, 91),
(769, 'ASTM/AOAC', 780, '2016-05-29 23:19:58', '2016-05-29 23:19:58', 0, 91),
(770, 'ASTM/AOAC', 781, '2016-05-29 23:20:05', '2016-05-29 23:20:05', 0, 91),
(771, 'ASTM/AOAC', 782, '2016-05-29 23:20:12', '2016-05-29 23:20:12', 0, 91),
(772, 'ASTM/AOAC', 783, '2016-05-29 23:20:18', '2016-05-29 23:20:18', 0, 91),
(773, 'ASTM/AOAC', 784, '2016-05-29 23:20:23', '2016-05-29 23:20:23', 0, 91),
(774, 'ASTM/AOAC', 785, '2016-05-29 23:20:29', '2016-05-29 23:20:29', 0, 91),
(775, 'ASTM/AOAC', 786, '2016-05-29 23:20:34', '2016-05-29 23:20:34', 0, 91),
(776, 'ASTM/AOAC', 787, '2016-05-29 23:20:40', '2016-05-29 23:20:40', 0, 91),
(777, 'ASTM/AOAC', 788, '2016-05-29 23:20:46', '2016-05-29 23:20:46', 0, 91),
(778, 'ASTM/AOAC', 789, '2016-05-29 23:20:52', '2016-05-29 23:20:52', 0, 91),
(779, 'ASTM', 790, '2016-05-29 23:24:39', '2016-05-29 23:24:39', 0, 91),
(780, 'ASTM/AOAC', 791, '2016-05-29 23:25:31', '2016-05-29 23:25:31', 0, 91),
(781, 'ASTM/AOAC', 792, '2016-05-29 23:25:38', '2016-05-29 23:25:38', 0, 91),
(782, 'ASTM/AOAC', 793, '2016-05-29 23:25:46', '2016-05-29 23:25:46', 0, 91),
(783, 'ASTM/AOAC', 794, '2016-05-29 23:25:59', '2016-05-29 23:25:59', 0, 91),
(784, 'ASTM', 795, '2016-05-29 23:26:09', '2016-05-29 23:26:09', 0, 91),
(785, 'ASTM/AOAC', 796, '2016-05-29 23:27:46', '2016-05-29 23:27:46', 0, 91),
(786, 'ASTM/AOAC', 797, '2016-05-29 23:27:51', '2016-05-29 23:27:51', 0, 91),
(787, 'ASTM/AOAC', 798, '2016-05-29 23:28:00', '2016-05-29 23:28:00', 0, 91),
(788, 'ASTM/AOAC', 799, '2016-05-29 23:28:09', '2016-05-29 23:28:09', 0, 91),
(789, 'ASTM', 800, '2016-05-29 23:28:20', '2016-05-29 23:28:20', 0, 91),
(790, 'ASTM/AOAC', 801, '2016-05-29 23:28:31', '2016-05-29 23:28:31', 0, 91),
(791, 'ASTM/AOAC', 802, '2016-05-29 23:28:37', '2016-05-29 23:28:37', 0, 91),
(792, 'ASTM/AOAC', 803, '2016-05-29 23:28:43', '2016-05-29 23:28:43', 0, 91),
(793, 'ASTM', 804, '2016-05-29 23:30:26', '2016-05-29 23:30:26', 0, 91),
(794, 'ASTM/AOAC', 805, '2016-05-29 23:30:37', '2016-05-29 23:30:37', 0, 91),
(795, 'ASTM/AOAC', 806, '2016-05-29 23:31:13', '2016-05-29 23:31:13', 0, 91),
(796, 'ASTM/AOAC', 807, '2016-05-29 23:31:50', '2016-05-29 23:31:50', 0, 91),
(797, 'ASTM', 808, '2016-05-29 23:31:58', '2016-05-29 23:31:58', 0, 91),
(798, 'ASTM', 810, '2016-05-29 23:34:40', '2016-05-29 23:34:40', 0, 91),
(799, 'ASTM/AOAC', 811, '2016-05-29 23:34:47', '2016-05-29 23:34:47', 0, 91),
(800, 'ASTM/AOAC', 812, '2016-05-29 23:34:52', '2016-05-29 23:34:52', 0, 91),
(801, 'ASTM', 813, '2016-05-29 23:35:02', '2016-05-29 23:35:02', 0, 91),
(802, 'ASTM/AOAC', 814, '2016-05-29 23:35:12', '2016-05-29 23:35:12', 0, 91),
(803, 'ASTM', 815, '2016-05-29 23:35:20', '2016-05-29 23:35:20', 0, 91),
(804, 'ASTM/AOAC', 816, '2016-05-29 23:35:29', '2016-05-29 23:35:29', 0, 91),
(805, 'ASTM/AOAC', 817, '2016-05-29 23:35:38', '2016-05-29 23:35:38', 0, 91),
(806, 'ASTM/AOAC', 818, '2016-05-29 23:35:47', '2016-05-29 23:35:47', 0, 91),
(807, 'ASTM', 819, '2016-05-29 23:40:31', '2016-05-29 23:40:31', 0, 91),
(808, 'ASTM', 820, '2016-05-29 23:40:39', '2016-05-29 23:40:39', 0, 91),
(809, 'ASTM/AOAC', 821, '2016-05-29 23:40:50', '2016-05-29 23:41:04', 0, 91),
(810, 'ASTM', 822, '2016-05-29 23:41:25', '2016-05-29 23:41:25', 0, 91),
(811, 'ASTM', 823, '2016-05-29 23:41:32', '2016-05-29 23:41:32', 0, 91),
(812, 'ASTM', 824, '2016-05-29 23:41:38', '2016-05-29 23:41:38', 0, 91),
(813, 'ASTM', 825, '2016-05-29 23:41:44', '2016-05-29 23:41:44', 0, 91),
(814, 'ASTM', 826, '2016-05-29 23:41:50', '2016-05-29 23:41:50', 0, 91),
(815, 'ASTM', 827, '2016-05-29 23:41:56', '2016-05-29 23:41:56', 0, 91),
(816, 'ASTM', 828, '2016-05-29 23:42:02', '2016-05-29 23:42:02', 0, 91),
(817, 'ASTM/AOAC', 829, '2016-05-29 23:43:51', '2016-05-29 23:43:51', 0, 91),
(818, 'ASTM/AOAC', 830, '2016-05-29 23:43:57', '2016-05-29 23:43:57', 0, 91),
(819, 'ASTM/AOAC', 831, '2016-05-29 23:44:05', '2016-05-29 23:44:05', 0, 91),
(820, 'ASTM/AOAC', 832, '2016-05-29 23:44:11', '2016-05-29 23:44:11', 0, 91),
(821, 'ASTM/AOAC', 833, '2016-05-29 23:44:16', '2016-05-29 23:44:16', 0, 91),
(822, 'ASTM/AOAC', 834, '2016-05-29 23:44:22', '2016-05-29 23:44:22', 0, 91),
(823, 'ASTM/AOAC', 835, '2016-05-29 23:44:28', '2016-05-29 23:44:28', 0, 91),
(824, 'ASTM/AOAC', 836, '2016-05-29 23:44:34', '2016-05-29 23:44:34', 0, 91),
(825, 'ASTM/AOAC', 837, '2016-05-29 23:44:40', '2016-05-29 23:44:40', 0, 91),
(826, 'ASTM', 838, '2016-05-29 23:46:52', '2016-05-29 23:46:52', 0, 91),
(827, 'ASTM', 839, '2016-05-29 23:46:58', '2016-05-29 23:46:58', 0, 91),
(828, 'ASTM', 840, '2016-05-29 23:47:05', '2016-05-29 23:47:05', 0, 91),
(829, 'ASTM', 841, '2016-05-29 23:47:12', '2016-05-29 23:47:12', 0, 91),
(830, 'ASTM', 842, '2016-05-29 23:47:18', '2016-05-29 23:47:18', 0, 91),
(831, 'ASTM', 843, '2016-05-29 23:47:25', '2016-05-29 23:47:25', 0, 91),
(832, 'ASTM', 844, '2016-05-29 23:47:31', '2016-05-29 23:47:31', 0, 91),
(833, 'ASTM/AOAC', 845, '2016-05-29 23:50:40', '2016-05-29 23:50:40', 0, 91),
(834, 'ASTM/AOAC', 846, '2016-05-29 23:50:46', '2016-05-29 23:50:46', 0, 91),
(835, 'ASTM/AOAC', 847, '2016-05-29 23:50:53', '2016-05-29 23:50:53', 0, 91),
(836, 'ASTM/AOAC', 848, '2016-05-29 23:50:59', '2016-05-29 23:50:59', 0, 91),
(837, 'ASTM/AOAC', 849, '2016-05-29 23:51:05', '2016-05-29 23:51:05', 0, 91),
(838, 'ASTM/AOAC', 850, '2016-05-29 23:51:13', '2016-05-29 23:51:13', 0, 91),
(839, 'ASTM/AOAC', 851, '2016-05-29 23:51:19', '2016-05-29 23:51:19', 0, 91),
(840, 'ASTM/AOAC', 852, '2016-05-29 23:51:25', '2016-05-29 23:51:25', 0, 91),
(841, 'ASTM/AOAC', 853, '2016-05-29 23:51:31', '2016-05-29 23:51:31', 0, 91),
(842, 'ASTM/AOAC', 854, '2016-05-29 23:54:04', '2016-05-29 23:54:04', 0, 91),
(843, 'ASTM/AOAC', 855, '2016-05-29 23:54:10', '2016-05-29 23:54:10', 0, 91),
(844, 'ASTM/AOAC', 856, '2016-05-29 23:54:16', '2016-05-29 23:54:16', 0, 91),
(845, 'ASTM/AOAC', 857, '2016-05-29 23:54:22', '2016-05-29 23:54:22', 0, 91),
(846, 'ASTM/AOAC', 858, '2016-05-29 23:54:27', '2016-05-29 23:54:27', 0, 91),
(847, 'ASTM/AOAC', 859, '2016-05-29 23:54:33', '2016-05-29 23:54:33', 0, 91),
(848, 'ASTM/AOAC', 860, '2016-05-29 23:54:39', '2016-05-29 23:54:39', 0, 91),
(849, 'ASTM/AOAC', 861, '2016-05-29 23:54:45', '2016-05-29 23:54:45', 0, 91),
(850, 'ASTM/AOAC', 862, '2016-05-29 23:54:50', '2016-05-29 23:54:50', 0, 91),
(851, 'ASTM/AOAC', 863, '2016-05-29 23:54:56', '2016-05-29 23:54:56', 0, 91),
(852, 'ASTM/AOAC', 864, '2016-05-29 23:55:02', '2016-05-29 23:55:02', 0, 91),
(853, 'ASTM/AOAC', 865, '2016-05-29 23:55:08', '2016-05-29 23:55:08', 0, 91),
(854, 'ASTM/AOAC', 866, '2016-05-29 23:55:14', '2016-05-29 23:55:14', 0, 91),
(855, 'ASTM', 867, '2016-05-29 23:57:35', '2016-05-29 23:57:35', 0, 91),
(856, 'ASTM', 868, '2016-05-29 23:57:46', '2016-05-29 23:57:46', 0, 91),
(857, 'ASTM', 869, '2016-05-29 23:57:51', '2016-05-29 23:57:51', 0, 91),
(858, 'ASTM', 870, '2016-05-29 23:57:57', '2016-05-29 23:57:57', 0, 91),
(859, 'ASTM', 871, '2016-05-29 23:58:03', '2016-05-29 23:58:03', 0, 91),
(860, 'ASTM', 872, '2016-05-29 23:58:09', '2016-05-29 23:58:09', 0, 91),
(861, 'ASTM', 873, '2016-05-29 23:58:14', '2016-05-29 23:58:14', 0, 91),
(862, 'ASTM', 874, '2016-05-29 23:58:20', '2016-05-29 23:58:20', 0, 91),
(863, 'ASTM', 875, '2016-05-29 23:58:26', '2016-05-29 23:58:26', 0, 91),
(864, 'ASTM/AOAC', 876, '2016-05-30 00:00:10', '2016-05-30 00:00:10', 0, 91),
(865, 'ASTM/AOAC', 877, '2016-05-30 00:00:16', '2016-05-30 00:00:16', 0, 91),
(866, 'ASTM/AOAC', 878, '2016-05-30 00:00:22', '2016-05-30 00:00:22', 0, 91),
(867, 'ASTM/AOAC', 879, '2016-05-30 00:00:27', '2016-05-30 00:00:27', 0, 91),
(868, 'ASTM/AOAC', 880, '2016-05-30 00:00:33', '2016-05-30 00:00:33', 0, 91),
(869, 'ASTM/AOAC', 881, '2016-05-30 00:00:40', '2016-05-30 00:00:40', 0, 91),
(870, 'ASTM/AOAC', 882, '2016-05-30 00:00:45', '2016-05-30 00:00:45', 0, 91),
(871, 'ASTM/AOAC', 883, '2016-05-30 00:00:51', '2016-05-30 00:00:51', 0, 91),
(872, 'ASTM/AOAC', 884, '2016-05-30 00:00:56', '2016-05-30 00:00:56', 0, 91),
(873, 'ASTM', 885, '2016-05-30 00:02:12', '2016-05-30 00:02:12', 0, 91),
(874, 'ASTM', 886, '2016-05-30 00:02:21', '2016-05-30 00:02:21', 0, 91),
(875, 'ASTM', 887, '2016-05-30 00:02:32', '2016-05-30 00:02:32', 0, 91),
(876, 'ASTM', 888, '2016-05-30 00:24:14', '2016-05-30 00:24:14', 0, 91),
(877, 'ASTM', 889, '2016-05-30 00:24:24', '2016-05-30 00:24:24', 0, 91),
(878, 'ASTM', 893, '2016-05-30 00:24:35', '2016-05-30 00:24:35', 0, 91),
(879, 'ASTM', 890, '2016-05-30 00:24:59', '2016-05-30 00:24:59', 0, 91),
(880, 'ASTM/AOAC', 891, '2016-05-30 00:25:12', '2016-05-30 00:25:12', 0, 91),
(881, 'ASTM', 892, '2016-05-30 00:25:22', '2016-05-30 00:25:22', 0, 91),
(882, 'ASTM', 894, '2016-05-30 00:25:33', '2016-05-30 00:25:33', 0, 91),
(883, 'ASTM', 895, '2016-05-30 00:25:39', '2016-05-30 00:25:39', 0, 91),
(884, 'ASTM', 896, '2016-05-30 00:25:46', '2016-05-30 00:25:46', 0, 91),
(885, 'ASTM/AOAC', 897, '2016-05-30 00:25:56', '2016-05-30 00:25:56', 0, 91),
(886, 'ASTM', 898, '2016-05-30 00:26:16', '2016-05-30 00:26:16', 0, 91),
(887, 'ASTM', 899, '2016-05-30 00:26:22', '2016-05-30 00:26:22', 0, 91),
(888, 'ASTM', 900, '2016-05-30 00:26:29', '2016-05-30 00:26:29', 0, 91),
(889, 'ASTM', 901, '2016-05-30 00:26:36', '2016-05-30 00:26:36', 0, 91),
(890, 'ASTM', 902, '2016-05-30 00:26:43', '2016-05-30 00:26:43', 0, 91),
(891, 'ASTM', 903, '2016-05-30 00:27:29', '2016-05-30 00:27:29', 0, 91),
(892, 'ASTM', 904, '2016-05-30 00:27:34', '2016-05-30 00:27:34', 0, 91),
(893, 'ASTM', 905, '2016-05-30 00:27:41', '2016-05-30 00:27:41', 0, 91),
(894, 'ASTM', 906, '2016-05-30 00:27:54', '2016-05-30 00:27:54', 0, 91),
(895, 'ASTM/AOAC', 907, '2016-05-30 00:28:10', '2016-05-30 00:28:10', 0, 91),
(896, 'ASTM', 908, '2016-05-30 00:28:19', '2016-05-30 00:28:19', 0, 91),
(897, 'ASTM', 909, '2016-05-30 00:28:35', '2016-05-30 00:28:35', 0, 91),
(898, 'ASTM/AOAC', 910, '2016-05-30 00:28:43', '2016-05-30 00:28:59', 0, 91),
(899, 'ASTM', 911, '2016-05-30 00:29:11', '2016-05-30 00:29:11', 0, 91),
(900, 'ASTM', 912, '2016-05-30 00:29:20', '2016-05-30 00:29:20', 0, 91),
(901, 'ASTM', 913, '2016-05-30 00:29:26', '2016-05-30 00:29:26', 0, 91),
(902, 'ASTM', 914, '2016-05-30 00:29:32', '2016-05-30 00:29:32', 0, 91),
(903, 'ASTM', 915, '2016-05-30 00:29:38', '2016-05-30 00:29:38', 0, 91),
(904, 'ASTM', 916, '2016-05-30 00:29:44', '2016-05-30 00:29:44', 0, 91),
(905, 'ASTM', 917, '2016-05-30 00:29:51', '2016-05-30 00:29:51', 0, 91),
(906, 'ASTM/AOAC', 918, '2016-05-30 00:30:50', '2016-05-30 00:30:50', 0, 91),
(907, 'ASTM/AOAC', 919, '2016-05-30 00:30:59', '2016-05-30 00:30:59', 0, 91),
(908, 'ASTM', 920, '2016-05-30 03:38:47', '2016-05-30 03:38:47', 0, 91),
(909, 'ASTM/AOAC', 921, '2016-05-30 03:39:01', '2016-05-30 03:39:01', 0, 91),
(910, 'ASTM', 922, '2016-05-30 03:39:33', '2016-05-30 03:39:38', 0, 91),
(911, 'ASTM', 923, '2016-05-30 03:39:44', '2016-05-30 03:39:44', 0, 91),
(912, 'ASTM', 924, '2016-05-30 03:39:49', '2016-05-30 03:39:49', 0, 91),
(913, 'ASTM', 925, '2016-05-30 03:39:56', '2016-05-30 03:39:56', 0, 91),
(914, 'ASTM', 926, '2016-05-30 03:40:02', '2016-05-30 03:40:02', 0, 91),
(915, 'ASTM', 927, '2016-05-30 03:40:08', '2016-05-30 03:40:08', 0, 91),
(916, 'ASTM', 928, '2016-05-30 03:40:14', '2016-05-30 03:40:14', 0, 91),
(917, 'ASTM/AOAC', 929, '2016-05-30 03:45:33', '2016-05-30 03:46:05', 0, 91),
(918, 'ASTM/AOAC', 930, '2016-05-30 03:46:11', '2016-05-30 03:46:11', 0, 91),
(919, 'ASTM/AOAC', 931, '2016-05-30 03:46:18', '2016-05-30 03:46:18', 0, 91),
(920, 'ASTM/AOAC', 932, '2016-05-30 03:46:23', '2016-05-30 03:46:23', 0, 91),
(921, 'ASTM/AOAC', 933, '2016-05-30 03:46:28', '2016-05-30 03:46:28', 0, 91),
(922, 'ASTM', 934, '2016-05-30 03:46:46', '2016-05-30 03:46:46', 0, 91),
(923, 'ASTM', 935, '2016-05-30 03:46:55', '2016-05-30 03:46:55', 0, 91),
(924, 'ASTM', 936, '2016-05-30 03:47:00', '2016-05-30 03:47:00', 0, 91),
(925, 'ASTM', 937, '2016-05-30 03:47:05', '2016-05-30 03:47:05', 0, 91),
(926, 'ASTM', 938, '2016-05-30 03:47:11', '2016-05-30 03:47:11', 0, 91),
(927, 'ASTM', 939, '2016-05-30 03:47:17', '2016-05-30 03:47:17', 0, 91),
(928, 'ASTM/AOAC', 941, '2016-06-01 00:21:36', '2016-06-01 00:21:36', 0, 91),
(929, 'ASTM', 940, '2016-06-01 00:21:48', '2016-06-01 00:21:48', 0, 91),
(930, 'ASTM', 942, '2016-06-01 00:21:59', '2016-06-01 00:21:59', 0, 91),
(931, 'ASTM', 943, '2016-06-01 00:22:05', '2016-06-01 00:22:05', 0, 91),
(932, 'ASTM', 944, '2016-06-01 00:22:12', '2016-06-01 00:22:12', 0, 91),
(933, 'ASTM', 945, '2016-06-01 00:22:21', '2016-06-01 00:22:21', 0, 91),
(934, 'ASTM', 946, '2016-06-01 00:22:29', '2016-06-01 00:22:29', 0, 91),
(935, 'ASTM', 947, '2016-06-01 00:25:22', '2016-06-01 00:25:22', 0, 91),
(936, 'ASTM/AOAC', 958, '2016-06-01 00:25:36', '2016-06-01 00:25:36', 0, 91),
(937, 'ASTM', 948, '2016-06-01 00:25:45', '2016-06-01 00:25:45', 0, 91),
(938, 'ASTM/AOAC', 949, '2016-06-01 00:25:53', '2016-06-01 00:25:53', 0, 91),
(939, 'ASTM', 950, '2016-06-01 00:26:01', '2016-06-01 00:26:01', 0, 91),
(940, 'ASTM/AOAC', 951, '2016-06-01 00:26:10', '2016-06-01 00:26:10', 0, 91),
(941, 'ASTM', 952, '2016-06-01 00:26:18', '2016-06-01 00:26:18', 0, 91),
(942, 'ASTM/AOAC', 953, '2016-06-01 00:26:31', '2016-06-01 00:26:31', 0, 91),
(943, 'ASTM/AOAC', 954, '2016-06-01 00:26:40', '2016-06-01 00:26:40', 0, 91),
(944, 'ASTM/AOAC', 955, '2016-06-01 00:26:51', '2016-06-01 00:26:51', 0, 91),
(945, 'XRD', 956, '2016-06-01 00:27:02', '2016-06-01 00:27:02', 0, 91),
(946, 'ASTM/AOAC', 957, '2016-06-01 00:27:20', '2016-06-01 00:27:20', 0, 91),
(947, 'ASTM/AOAC', 960, '2016-06-01 02:32:32', '2016-06-01 02:32:32', 0, 91),
(948, 'ASTM', 961, '2016-06-01 02:32:44', '2016-06-01 02:32:44', 0, 91),
(949, 'ASTM', 962, '2016-06-01 02:32:54', '2016-06-01 02:32:54', 0, 91),
(950, 'ASTM', 959, '2016-06-01 02:33:07', '2016-06-01 02:33:07', 0, 91),
(951, 'ASTM/AOAC', 963, '2016-06-01 02:34:30', '2016-06-01 02:34:30', 0, 91),
(952, 'ASTM/AOAC', 964, '2016-06-01 02:34:36', '2016-06-01 02:34:36', 0, 91),
(953, 'ASTM/AOAC', 965, '2016-06-01 02:34:42', '2016-06-01 02:34:42', 0, 91),
(954, 'ASTM/AOAC', 966, '2016-06-01 02:34:48', '2016-06-01 02:34:48', 0, 91),
(955, 'ASTM/AOAC', 967, '2016-06-01 02:37:18', '2016-06-01 02:37:18', 0, 91),
(956, 'ASTM/AOAC', 968, '2016-06-01 02:37:25', '2016-06-01 02:37:25', 0, 91),
(957, 'ASTM/AOAC', 969, '2016-06-01 02:37:31', '2016-06-01 02:37:31', 0, 91),
(958, 'ASTM/AOAC', 970, '2016-06-01 02:37:36', '2016-06-01 02:37:36', 0, 91),
(959, 'ASTM/AOAC', 971, '2016-06-01 02:37:44', '2016-06-01 02:37:44', 0, 91),
(960, 'ASTM/AOAC', 972, '2016-06-01 02:37:51', '2016-06-01 02:37:51', 0, 91),
(961, 'ASTM/AOAC', 973, '2016-06-01 02:37:56', '2016-06-01 02:37:56', 0, 91),
(962, 'ASTM/AOAC', 974, '2016-06-01 02:38:02', '2016-06-01 02:38:02', 0, 91),
(963, 'ASTM/AOAC', 975, '2016-06-01 02:38:08', '2016-06-01 02:38:08', 0, 91),
(964, 'ASTM/AOAC', 976, '2016-06-01 02:38:14', '2016-06-01 02:38:14', 0, 91),
(965, 'ASTM/AOAC', 977, '2016-06-01 02:38:20', '2016-06-01 02:38:20', 0, 91),
(966, 'ASTM/AOAC', 978, '2016-06-01 02:38:26', '2016-06-01 02:38:26', 0, 91),
(967, 'ASTM/AOAC', 979, '2016-06-01 02:38:32', '2016-06-01 02:38:32', 0, 91),
(968, 'ASTM', 980, '2016-06-01 02:40:46', '2016-06-01 02:40:46', 0, 91),
(969, 'ASTM', 981, '2016-06-01 02:40:56', '2016-06-01 02:40:56', 0, 91),
(970, 'ASTM', 982, '2016-06-01 02:41:05', '2016-06-01 02:41:05', 0, 91),
(971, 'ASTM', 983, '2016-06-01 02:41:11', '2016-06-01 02:41:11', 0, 91),
(972, 'ASTM', 984, '2016-06-01 02:41:17', '2016-06-01 02:41:17', 0, 91),
(973, 'ASTM', 985, '2016-06-01 02:41:23', '2016-06-01 02:41:23', 0, 91),
(974, 'ASTM', 986, '2016-06-01 02:41:30', '2016-06-01 02:41:30', 0, 91),
(975, 'ASTM', 987, '2016-06-01 02:41:35', '2016-06-01 02:41:35', 0, 91),
(976, 'ASTM', 988, '2016-06-01 02:41:42', '2016-06-01 02:41:42', 0, 91),
(977, 'ASTM', 989, '2016-06-01 02:44:24', '2016-06-01 02:44:24', 0, 91),
(978, 'ASTM', 990, '2016-06-01 02:44:29', '2016-06-01 02:44:29', 0, 91),
(979, 'ASTM', 991, '2016-06-01 02:44:35', '2016-06-01 02:44:35', 0, 91),
(980, 'ASTM', 992, '2016-06-01 02:44:41', '2016-06-01 02:44:41', 0, 91),
(981, 'ASTM', 993, '2016-06-01 02:44:47', '2016-06-01 02:44:47', 0, 91),
(982, 'ASTM', 994, '2016-06-01 02:44:54', '2016-06-01 02:44:54', 0, 91),
(983, 'ASTM', 995, '2016-06-01 02:45:01', '2016-06-01 02:45:01', 0, 91),
(984, 'ASTM', 996, '2016-06-01 02:45:07', '2016-06-01 02:45:07', 0, 91),
(985, 'ASTM', 997, '2016-06-01 02:50:03', '2016-06-01 02:50:03', 0, 91),
(986, 'ASTM/AOAC', 998, '2016-06-01 02:50:16', '2016-06-01 02:50:16', 0, 91),
(987, 'ASTM/AOAC', 999, '2016-06-01 02:50:22', '2016-06-01 02:50:22', 0, 91),
(988, 'ASTM/AOAC', 1000, '2016-06-01 02:50:28', '2016-06-01 02:50:28', 0, 91),
(989, 'ASTM/AOAC', 1001, '2016-06-01 02:50:35', '2016-06-01 02:50:35', 0, 91),
(990, 'ASTM/AOAC', 1002, '2016-06-01 02:52:58', '2016-06-01 02:52:58', 0, 91),
(991, 'ASTM/AOAC', 1003, '2016-06-01 02:53:04', '2016-06-01 02:53:04', 0, 91),
(992, 'ASTM/AOAC', 1004, '2016-06-01 02:53:10', '2016-06-01 02:53:10', 0, 91),
(993, 'ASTM/AOAC', 1005, '2016-06-01 02:53:18', '2016-06-01 02:53:18', 0, 91),
(994, 'ASTM/AOAC', 1006, '2016-06-01 02:53:25', '2016-06-01 02:53:25', 0, 91),
(995, 'ASTM/AOAC', 1007, '2016-06-01 02:53:32', '2016-06-01 02:53:32', 0, 91),
(996, 'ASTM', 1008, '2016-06-01 02:53:44', '2016-06-01 02:53:44', 0, 91),
(997, 'ASTM/AOAC', 1009, '2016-06-01 02:53:51', '2016-06-01 02:53:51', 0, 91),
(998, 'ASTM/AOAC', 1010, '2016-06-01 02:53:58', '2016-06-01 02:53:58', 0, 91),
(999, 'ASTM/AOAC', 1011, '2016-06-01 02:54:03', '2016-06-01 02:54:03', 0, 91),
(1000, 'ASTM/AOAC', 1012, '2016-06-01 02:54:09', '2016-06-01 02:54:09', 0, 91),
(1001, 'ASTM/AOAC', 1013, '2016-06-01 02:54:16', '2016-06-01 02:54:16', 0, 91),
(1002, 'ASTM/AOAC', 1014, '2016-06-01 02:54:21', '2016-06-01 02:54:21', 0, 91),
(1003, 'ASTM/AOAC', 1015, '2016-06-01 02:54:28', '2016-06-01 02:54:28', 0, 91),
(1004, 'ASTM', 1016, '2016-06-01 02:55:47', '2016-06-01 02:55:47', 0, 91),
(1005, 'ASTM', 1017, '2016-06-01 02:55:56', '2016-06-01 02:55:56', 0, 91),
(1006, 'ASTM', 1018, '2016-06-01 02:56:02', '2016-06-01 02:56:10', 0, 91),
(1007, 'ASTM/AOAC', 1019, '2016-06-01 02:58:46', '2016-06-01 02:58:46', 0, 91),
(1008, 'ASTM/AOAC', 1020, '2016-06-01 02:58:52', '2016-06-01 02:58:52', 0, 91),
(1009, 'ASTM/AOAC', 1021, '2016-06-01 02:58:58', '2016-06-01 02:58:58', 0, 91),
(1010, 'ASTM/AOAC', 1022, '2016-06-01 02:59:04', '2016-06-01 02:59:04', 0, 91),
(1011, 'ASTM/AOAC', 1023, '2016-06-01 02:59:09', '2016-06-01 02:59:09', 0, 91),
(1012, 'ASTM/AOAC', 1024, '2016-06-01 02:59:15', '2016-06-01 02:59:15', 0, 91),
(1013, 'ASTM/AOAC', 1025, '2016-06-01 02:59:21', '2016-06-01 02:59:21', 0, 91),
(1014, 'ASTM/AOAC', 1026, '2016-06-01 02:59:26', '2016-06-01 02:59:26', 0, 91),
(1015, 'ASTM/AOAC', 1027, '2016-06-01 02:59:37', '2016-06-01 02:59:37', 0, 91),
(1016, 'ASTM', 1028, '2016-06-01 03:01:46', '2016-06-01 03:01:46', 0, 91),
(1017, 'ASTM/AOAC', 1029, '2016-06-01 03:01:59', '2016-06-01 03:01:59', 0, 91),
(1018, 'ASTM', 1030, '2016-06-01 03:02:15', '2016-06-01 03:02:15', 0, 91),
(1019, 'ASTM', 1031, '2016-06-01 03:02:21', '2016-06-01 03:02:21', 0, 91),
(1020, 'ASTM', 1032, '2016-06-01 03:02:27', '2016-06-01 03:02:27', 0, 91),
(1021, 'ASTM', 1033, '2016-06-01 03:02:32', '2016-06-01 03:02:32', 0, 91),
(1022, 'ASTM', 1034, '2016-06-01 03:02:38', '2016-06-01 03:02:38', 0, 91),
(1023, 'ASTM', 1035, '2016-06-01 03:02:44', '2016-06-01 03:02:44', 0, 91),
(1024, 'ASTM', 1036, '2016-06-01 03:02:52', '2016-06-01 03:02:52', 0, 91),
(1025, 'ASTM', 1037, '2016-06-01 03:02:59', '2016-06-01 03:02:59', 0, 91),
(1026, 'ASTM', 1038, '2016-06-01 03:05:37', '2016-06-01 03:05:37', 0, 91),
(1027, 'ASTM', 1039, '2016-06-01 03:05:43', '2016-06-01 03:05:43', 0, 91),
(1028, 'ASTM', 1040, '2016-06-01 03:05:50', '2016-06-01 03:05:50', 0, 91),
(1029, 'ASTM', 1041, '2016-06-01 03:05:55', '2016-06-01 03:05:55', 0, 91),
(1030, 'ASTM', 1042, '2016-06-01 03:06:02', '2016-06-01 03:06:02', 0, 91),
(1031, 'ASTM', 1043, '2016-06-01 03:06:07', '2016-06-01 03:06:07', 0, 91),
(1032, 'ASTM', 1044, '2016-06-01 03:06:13', '2016-06-01 03:06:13', 0, 91),
(1033, 'ASTM', 1045, '2016-06-01 03:06:18', '2016-06-01 03:06:18', 0, 91),
(1034, 'ASTM', 1046, '2016-06-01 03:06:31', '2016-06-01 03:06:31', 0, 91);

-- --------------------------------------------------------

--
-- Table structure for table `tbl_parameter`
--

CREATE TABLE `tbl_parameter` (
  `param_id` int(10) UNSIGNED NOT NULL,
  `param_name` varchar(255) COLLATE utf8_unicode_ci NOT NULL,
  `tst_id` int(11) NOT NULL,
  `created_at` timestamp NOT NULL DEFAULT '0000-00-00 00:00:00',
  `updated_at` timestamp NOT NULL DEFAULT '0000-00-00 00:00:00',
  `is_locked` int(11) NOT NULL,
  `updated_by` int(11) NOT NULL
) ENGINE=InnoDB DEFAULT CHARSET=utf8 COLLATE=utf8_unicode_ci;

--
-- Dumping data for table `tbl_parameter`
--

INSERT INTO `tbl_parameter` (`param_id`, `param_name`, `tst_id`, `created_at`, `updated_at`, `is_locked`, `updated_by`) VALUES
(1, 'Hardness', 1, '2016-05-16 22:52:19', '2016-05-16 22:55:20', 0, 91),
(2, 'Hardness', 1, '2016-05-16 22:52:19', '2016-05-16 22:55:45', 0, 91),
(3, 'Thickness', 1, '2016-05-16 22:52:19', '2016-05-16 23:01:05', 0, 91),
(4, 'Chemical Composition', 1, '2016-05-16 22:52:19', '2016-05-16 22:52:53', 0, 91),
(5, 'Flexural Strength', 1, '2016-05-16 22:52:19', '2016-05-16 22:54:56', 0, 91),
(6, 'Tensile Strength', 1, '2016-05-16 22:52:19', '2016-05-16 22:59:59', 0, 91),
(7, 'XRD : phase Identification', 1, '2016-05-16 22:52:19', '2016-05-16 23:01:56', 0, 91),
(8, 'Melting Point', 1, '2016-05-16 22:52:19', '2016-05-16 22:58:28', 0, 91),
(9, 'Heat Treatment', 1, '2016-05-16 22:52:19', '2016-05-16 22:56:53', 0, 91),
(10, 'Thermal Expansion Coefficient', 1, '2016-05-16 22:52:19', '2016-05-16 23:00:42', 0, 91),
(11, 'Corrosion Study', 1, '2016-05-16 22:52:19', '2016-05-16 22:53:59', 0, 91),
(12, 'Wear Study', 1, '2016-05-16 22:52:19', '2016-05-16 23:01:30', 0, 91),
(13, 'Microstructure', 1, '2016-05-16 22:52:19', '2016-05-16 22:59:33', 0, 91),
(14, 'Hardness', 2, '2016-05-16 23:39:54', '2016-05-16 23:44:10', 0, 91),
(15, 'XRD : Phase Identification', 2, '2016-05-16 23:39:54', '2016-05-16 23:45:53', 0, 91),
(16, 'Thermal Expansion Coefficient', 2, '2016-05-16 23:39:54', '2016-05-16 23:45:24', 0, 91),
(17, 'Compressive Strength', 2, '2016-05-16 23:39:54', '2016-05-16 23:40:49', 0, 91),
(18, 'Flexural Strength', 2, '2016-05-16 23:39:54', '2016-05-16 23:42:44', 0, 91),
(19, 'Sintering', 2, '2016-05-16 23:39:54', '2016-05-16 23:44:57', 0, 91),
(20, 'Bonding Strength', 3, '2016-05-16 23:52:35', '2016-05-16 23:55:09', 0, 91),
(21, 'Calibration of Pressure', 4, '2016-05-16 23:58:43', '2016-05-16 23:59:06', 0, 91),
(22, 'Calibration of Oxygen Meter', 5, '2016-05-17 00:03:07', '2016-05-17 00:03:32', 0, 91),
(23, 'XRD : Phase Identification', 6, '2016-05-17 00:04:35', '2016-05-17 00:07:21', 0, 91),
(24, 'Thermal Stability', 7, '2016-05-17 00:24:45', '2016-05-17 00:34:33', 0, 91),
(25, 'Hardness', 7, '2016-05-17 00:24:45', '2016-05-17 00:31:02', 0, 91),
(26, 'Hardness', 7, '2016-05-17 00:24:45', '2016-05-17 00:31:32', 0, 91),
(27, 'Tensile Strength', 7, '2016-05-17 00:24:45', '2016-05-17 00:34:16', 0, 91),
(28, 'Expansion Coefficient', 7, '2016-05-17 00:24:45', '2016-05-17 00:26:55', 0, 91),
(29, 'XRD : Phase Identification', 7, '2016-05-17 00:24:45', '2016-05-17 00:34:48', 0, 91),
(30, 'Melt Index', 7, '2016-05-17 00:24:45', '2016-05-17 00:33:04', 0, 91),
(31, 'Swelling of die extrude', 7, '2016-05-17 00:24:45', '2016-05-17 00:33:47', 0, 91),
(32, 'Compressive Strength ', 7, '2016-05-17 00:24:45', '2016-05-17 00:26:07', 0, 91),
(33, 'Fabrication', 7, '2016-05-17 00:24:45', '2016-05-17 00:30:03', 0, 91),
(34, 'Fabrication', 7, '2016-05-17 00:24:45', '2016-05-17 00:30:22', 0, 91),
(35, 'Extrusion Quality', 7, '2016-05-17 00:24:45', '2016-05-17 00:28:04', 0, 91),
(36, 'Heat Reversion', 7, '2016-05-17 00:24:45', '2016-05-17 00:32:35', 0, 91),
(37, 'Breaking Load', 8, '2016-05-17 00:37:56', '2016-05-17 00:38:24', 0, 91),
(38, 'Weight of Zinc Coating', 8, '2016-05-17 00:37:56', '2016-05-17 00:38:55', 0, 91),
(39, 'Carbon Black Content', 9, '2016-05-17 00:44:44', '2016-05-17 00:45:50', 0, 91),
(40, 'Degree of Cross Linking', 9, '2016-05-17 00:44:44', '2016-05-17 00:46:08', 0, 91),
(41, 'Heat Distortion', 9, '2016-05-17 00:44:44', '2016-05-17 00:46:46', 0, 91),
(42, 'Heat Shock', 9, '2016-05-17 00:44:44', '2016-05-17 00:47:04', 0, 91),
(43, 'Hot creep Test', 9, '2016-05-17 00:44:44', '2016-05-17 00:47:44', 0, 91),
(44, 'Pressure Test at High Temperature', 9, '2016-05-17 00:44:44', '2016-05-17 00:48:01', 0, 91),
(45, 'Shrinkage', 9, '2016-05-17 00:44:44', '2016-05-17 00:48:25', 0, 91),
(46, 'Tensile Strength and Elongation', 9, '2016-05-17 00:44:44', '2016-05-17 00:48:45', 0, 91),
(47, 'Thermal Aging', 9, '2016-05-17 00:44:44', '2016-05-17 00:48:58', 0, 91),
(48, 'Water Absorption', 9, '2016-05-17 00:44:44', '2016-05-17 00:49:15', 0, 91),
(49, 'Initial Plasticity', 10, '2016-05-17 00:53:08', '2016-05-17 01:02:17', 0, 91),
(50, 'Plasticity Retention Index', 10, '2016-05-17 00:53:08', '2016-05-17 01:02:17', 0, 91),
(51, 'Plasticity Retention Index', 10, '2016-05-17 00:53:08', '2016-05-17 01:02:17', 0, 91),
(52, 'Hardness', 10, '2016-05-17 00:53:08', '2016-05-17 01:02:17', 0, 91),
(53, 'Tensile Strength', 10, '2016-05-17 00:53:08', '2016-05-17 01:02:17', 0, 91),
(54, 'fghfgh', 11, '2016-05-17 00:59:56', '2016-05-17 02:44:25', 0, 91),
(55, 'fghfgh', 11, '2016-05-17 00:59:56', '2016-05-17 02:44:25', 0, 91),
(56, 'fghfghfgh', 11, '2016-05-17 01:00:12', '2016-05-17 02:44:25', 0, 91),
(57, 'fghfgh', 11, '2016-05-17 01:00:12', '2016-05-17 02:44:25', 0, 91),
(58, 'rtert', 11, '2016-05-17 01:01:29', '2016-05-17 02:44:25', 0, 91),
(59, 'dfgdfgdf', 11, '2016-05-17 01:01:34', '2016-05-17 02:44:25', 0, 91),
(60, 'Chemical Composition', 12, '2016-05-17 01:10:51', '2016-05-17 01:11:11', 0, 91),
(61, 'Flexural Strength', 12, '2016-05-17 01:10:51', '2016-05-17 01:12:21', 0, 91),
(62, 'Hardness', 12, '2016-05-17 01:10:51', '2016-05-17 01:12:47', 0, 91),
(63, 'Hardness', 12, '2016-05-17 01:10:51', '2016-05-17 01:13:11', 0, 91),
(64, 'Micro structure ', 12, '2016-05-17 01:10:51', '2016-05-17 01:14:47', 0, 91),
(65, 'Tensile Strength', 12, '2016-05-17 01:10:51', '2016-05-17 01:15:29', 0, 91),
(66, 'Thickness', 12, '2016-05-17 01:10:51', '2016-05-17 01:16:06', 0, 91),
(67, 'XRD : Phase Identification', 12, '2016-05-17 01:10:51', '2016-05-17 01:16:59', 0, 91),
(68, 'Melting Point', 12, '2016-05-17 01:10:51', '2016-05-17 01:14:08', 0, 91),
(69, 'Heat Treatment', 12, '2016-05-17 01:10:51', '2016-05-17 01:13:52', 0, 91),
(70, 'Thermal Expansion Coefficient', 12, '2016-05-17 01:10:51', '2016-05-17 01:15:41', 0, 91),
(71, 'Corrosion Study', 12, '2016-05-17 01:10:51', '2016-05-17 01:11:34', 0, 91),
(72, 'Wear Study', 12, '2016-05-17 01:10:51', '2016-05-17 01:16:33', 0, 91),
(73, 'Compressive Strength', 13, '2016-05-17 01:22:25', '2016-05-17 01:24:58', 0, 91),
(74, 'Expansion Coefficient', 13, '2016-05-17 01:22:25', '2016-05-17 01:24:58', 0, 91),
(75, 'Hardness', 13, '2016-05-17 01:22:25', '2016-05-17 01:24:58', 0, 91),
(76, 'Hardness', 13, '2016-05-17 01:22:25', '2016-05-17 01:24:58', 0, 91),
(77, 'Tensile Strength ', 13, '2016-05-17 01:22:25', '2016-05-17 01:24:58', 0, 91),
(78, 'Thermal Stability', 13, '2016-05-17 01:22:25', '2016-05-17 01:24:58', 0, 91),
(79, 'XRD : Phase Identification', 13, '2016-05-17 01:22:25', '2016-05-17 01:24:58', 0, 91),
(80, 'Absorption/Transmission Spectra', 14, '2016-05-17 01:27:12', '2016-05-17 01:27:34', 0, 91),
(81, 'Fabrication', 14, '2016-05-17 01:27:12', '2016-05-17 01:27:53', 0, 91),
(82, 'Fabrication', 14, '2016-05-17 01:27:12', '2016-05-17 01:28:16', 0, 91),
(83, 'Heat Treatment', 14, '2016-05-17 01:27:12', '2016-05-17 01:31:03', 0, 91),
(84, 'XRD : Phase Identification', 14, '2016-05-17 01:27:12', '2016-05-17 01:31:40', 0, 91),
(85, 'Capacity Test', 15, '2016-05-17 23:03:58', '2016-05-17 23:04:30', 0, 91),
(86, 'Cycle Life', 15, '2016-05-17 23:03:58', '2016-05-17 23:30:13', 0, 91),
(87, 'Initial Current (Max)', 15, '2016-05-17 23:03:58', '2016-05-17 23:30:23', 0, 91),
(88, 'Load Test', 15, '2016-05-17 23:03:58', '2016-05-17 23:30:32', 0, 91),
(89, 'OHM Test/ Internal Resistance', 15, '2016-05-17 23:03:58', '2016-05-17 23:30:41', 0, 91),
(90, 'Aniline Point', 16, '2016-05-17 23:20:44', '2016-05-18 01:58:32', 0, 91),
(91, 'API Gravity', 16, '2016-05-17 23:27:10', '2016-05-18 01:58:32', 0, 91),
(92, 'Ash Content', 16, '2016-05-17 23:27:10', '2016-05-18 01:58:32', 0, 91),
(93, 'Distillation Range', 16, '2016-05-17 23:27:10', '2016-05-18 01:58:32', 0, 91),
(94, 'Benzene', 16, '2016-05-17 23:27:10', '2016-05-18 01:58:32', 0, 91),
(95, 'Cloud Point', 16, '2016-05-17 23:27:10', '2016-05-18 01:58:32', 0, 91),
(96, 'Color', 16, '2016-05-17 23:27:10', '2016-05-18 01:58:32', 0, 91),
(97, 'Corrosion', 16, '2016-05-17 23:27:10', '2016-05-18 01:58:32', 0, 91),
(98, 'DIPE', 16, '2016-05-17 23:27:10', '2016-05-18 01:58:32', 0, 91),
(99, 'Ethanol', 16, '2016-05-17 23:27:10', '2016-05-18 01:58:32', 0, 91),
(100, 'Fire Point', 16, '2016-05-17 23:27:10', '2016-05-18 01:58:32', 0, 91),
(101, 'Flash Point', 16, '2016-05-17 23:27:10', '2016-05-18 01:58:32', 0, 91),
(102, 'Gross Calorific Value', 16, '2016-05-17 23:27:10', '2016-05-18 01:58:32', 0, 91),
(103, 'MTBE', 16, '2016-05-17 23:27:10', '2016-05-18 01:58:32', 0, 91),
(104, 'Net Calorific Value', 16, '2016-05-17 23:27:10', '2016-05-18 01:58:32', 0, 91),
(105, 'Net Calorific Value', 16, '2016-05-17 23:27:10', '2016-05-18 01:58:32', 0, 91),
(106, 'Pour Point', 16, '2016-05-17 23:27:10', '2016-05-18 01:58:32', 0, 91),
(107, 'Pour Point', 16, '2016-05-17 23:27:10', '2016-05-18 01:58:32', 0, 91),
(108, 'Sediment', 16, '2016-05-17 23:27:10', '2016-05-18 01:58:32', 0, 91),
(109, 'Specific Gravity ', 16, '2016-05-17 23:27:10', '2016-05-18 01:58:32', 0, 91),
(110, 'Sulphur Content', 16, '2016-05-17 23:27:10', '2016-05-18 01:58:32', 0, 91),
(111, 'Toluene ', 16, '2016-05-17 23:27:10', '2016-05-18 01:58:32', 0, 91),
(112, 'Viscosity', 16, '2016-05-17 23:27:10', '2016-05-18 01:58:32', 0, 91),
(113, 'Viscosity', 16, '2016-05-17 23:27:10', '2016-05-18 01:58:32', 0, 91),
(114, 'Viscosity Index', 16, '2016-05-17 23:27:10', '2016-05-18 01:58:32', 0, 91),
(115, 'Water Content', 16, '2016-05-17 23:27:10', '2016-05-18 01:58:32', 0, 91),
(116, 'T-butanol', 16, '2016-05-17 23:27:10', '2016-05-18 01:58:32', 0, 91),
(117, 'Total Xylenes', 16, '2016-05-17 23:27:10', '2016-05-18 01:58:32', 0, 91),
(118, 'Aniline Point', 17, '2016-05-17 23:35:51', '2016-05-17 23:36:31', 0, 91),
(119, 'Ash Content', 17, '2016-05-17 23:35:51', '2016-05-17 23:39:03', 0, 91),
(120, 'Bioling Range', 17, '2016-05-17 23:35:51', '2016-05-17 23:39:32', 0, 91),
(121, 'Carbon Residue', 17, '2016-05-17 23:35:51', '2016-05-17 23:40:07', 0, 91),
(122, 'Cetane Number', 17, '2016-05-17 23:35:51', '2016-05-17 23:40:49', 0, 91),
(123, 'Cloud Point', 17, '2016-05-17 23:35:51', '2016-05-17 23:41:07', 0, 91),
(124, 'Color', 17, '2016-05-17 23:35:51', '2016-05-17 23:41:58', 0, 91),
(125, 'Corrosion', 17, '2016-05-17 23:35:51', '2016-05-17 23:42:24', 0, 91),
(126, 'Fire Point', 17, '2016-05-17 23:35:51', '2016-05-17 23:43:23', 0, 91),
(127, 'Flash Point', 17, '2016-05-17 23:35:51', '2016-05-17 23:43:51', 0, 91),
(128, 'Higer Calorific Value', 17, '2016-05-17 23:35:51', '2016-05-17 23:44:21', 0, 91),
(129, 'Pour Point', 17, '2016-05-17 23:35:51', '2016-05-17 23:45:06', 0, 91),
(130, 'Sediment', 17, '2016-05-17 23:35:51', '2016-05-17 23:45:24', 0, 91),
(131, 'Smoke Point', 17, '2016-05-17 23:35:51', '2016-05-17 23:45:49', 0, 91),
(132, 'Sulphur Content', 17, '2016-05-17 23:35:51', '2016-05-17 23:46:30', 0, 91),
(133, 'TAN/TBN', 17, '2016-05-17 23:35:51', '2016-05-17 23:46:47', 0, 91),
(134, 'Viscosity', 17, '2016-05-17 23:35:51', '2016-05-17 23:47:08', 0, 91),
(135, 'Viscosity', 17, '2016-05-17 23:35:51', '2016-05-17 23:47:28', 0, 91),
(136, 'Viscosity Index', 17, '2016-05-17 23:35:51', '2016-05-17 23:47:49', 0, 91),
(137, 'Water Content', 17, '2016-05-17 23:35:51', '2016-05-17 23:48:11', 0, 91),
(138, 'Density', 17, '2016-05-17 23:35:51', '2016-05-17 23:43:01', 0, 91),
(139, 'API Gravity', 17, '2016-05-17 23:35:51', '2016-05-17 23:38:45', 0, 91),
(140, 'Specific Gravity', 17, '2016-05-17 23:35:51', '2016-05-17 23:46:13', 0, 91),
(141, 'Lower Calorific Value', 17, '2016-05-17 23:35:51', '2016-05-17 23:44:41', 0, 91),
(142, 'Biogas (CH4, H2S, CO2, O2', 18, '2016-05-17 23:51:42', '2016-05-17 23:51:52', 0, 91),
(143, 'Biogas (CH4, H2S, CO2, O2', 18, '2016-05-17 23:51:42', '2016-05-17 23:52:05', 0, 91),
(144, 'Biogas (CH4, H2S, CO2, O2', 18, '2016-05-17 23:51:42', '2016-05-17 23:52:25', 0, 91),
(145, 'Acid Value', 20, '2016-05-18 00:04:19', '2016-05-18 02:07:44', 0, 91),
(146, 'Aniline Point', 20, '2016-05-18 00:04:19', '2016-05-18 02:07:44', 0, 91),
(147, 'API Gravity', 20, '2016-05-18 00:04:19', '2016-05-18 02:07:44', 0, 91),
(148, 'Ash Content', 20, '2016-05-18 00:04:19', '2016-05-18 02:07:44', 0, 91),
(149, 'Boiling Range', 20, '2016-05-18 00:04:19', '2016-05-18 02:07:44', 0, 91),
(150, 'Carbon Residue', 20, '2016-05-18 00:04:19', '2016-05-18 02:07:44', 0, 91),
(151, 'Cloud Point', 20, '2016-05-18 00:04:19', '2016-05-18 02:07:44', 0, 91),
(152, 'Color', 20, '2016-05-18 00:04:19', '2016-05-18 02:07:44', 0, 91),
(153, 'Inherent Moisture', 19, '2016-05-18 00:07:29', '2016-05-18 00:20:07', 0, 91),
(154, 'Total Moisture', 19, '2016-05-18 00:07:29', '2016-05-18 00:21:03', 0, 91),
(155, 'Ash Content', 19, '2016-05-18 00:07:29', '2016-05-18 00:17:51', 0, 91),
(156, 'C-H-N-S', 19, '2016-05-18 00:07:29', '2016-05-18 00:18:04', 0, 91),
(157, 'C-H-N-S-O', 19, '2016-05-18 00:07:29', '2016-05-18 00:18:25', 0, 91),
(158, 'Density', 19, '2016-05-18 00:07:29', '2016-05-18 00:18:46', 0, 91),
(159, 'Fixed Carbon', 19, '2016-05-18 00:07:29', '2016-05-18 00:19:01', 0, 91),
(160, 'Higer Calorific Value', 19, '2016-05-18 00:07:29', '2016-05-18 00:19:13', 0, 91),
(161, 'Higer Calorific Value', 19, '2016-05-18 00:07:29', '2016-05-18 00:19:37', 0, 91),
(162, 'Lower Calorific Value', 19, '2016-05-18 00:07:29', '2016-05-18 00:20:22', 0, 91),
(163, 'Mesh Size', 19, '2016-05-18 00:07:29', '2016-05-18 00:20:36', 0, 91),
(164, 'Sulphur Content', 19, '2016-05-18 00:07:29', '2016-05-18 00:20:51', 0, 91),
(165, 'Volatile Matter', 19, '2016-05-18 00:07:29', '2016-05-18 00:21:17', 0, 91),
(166, 'Ash Content', 23, '2016-05-18 00:13:42', '2016-05-18 00:14:01', 0, 91),
(167, 'C-H-N-S', 23, '2016-05-18 00:13:42', '2016-05-18 00:14:36', 0, 91),
(168, 'C-H-N-S-O', 23, '2016-05-18 00:13:42', '2016-05-18 00:14:45', 0, 91),
(169, 'Fixed Carbon', 23, '2016-05-18 00:13:42', '2016-05-18 00:14:57', 0, 91),
(170, 'Higher Calorific Value', 23, '2016-05-18 00:13:42', '2016-05-18 00:16:13', 0, 91),
(171, 'Higer Calorific Value', 23, '2016-05-18 00:13:42', '2016-05-18 00:15:15', 0, 91),
(172, 'Inherent Moisture', 23, '2016-05-18 00:13:42', '2016-05-18 00:15:58', 0, 91),
(173, 'Mesh Size', 23, '2016-05-18 00:13:42', '2016-05-18 00:16:30', 0, 91),
(174, 'Net Calorific Value', 23, '2016-05-18 00:13:42', '2016-05-18 00:16:48', 0, 91),
(175, 'Total Moisture', 23, '2016-05-18 00:13:42', '2016-05-18 00:17:01', 0, 91),
(176, 'Volatile Matter', 23, '2016-05-18 00:13:42', '2016-05-18 00:17:19', 0, 91),
(177, 'Corrosion', 20, '2016-05-18 00:30:15', '2016-05-18 02:07:44', 0, 91),
(178, 'Density', 20, '2016-05-18 00:30:15', '2016-05-18 02:07:44', 0, 91),
(179, 'Fire Point', 20, '2016-05-18 00:30:15', '2016-05-18 02:07:44', 0, 91),
(180, 'Flash Point', 20, '2016-05-18 00:30:15', '2016-05-18 02:07:44', 0, 91),
(181, 'Moisture', 20, '2016-05-18 00:30:15', '2016-05-18 02:07:44', 0, 91),
(182, 'Pour Point', 20, '2016-05-18 00:30:15', '2016-05-18 02:07:44', 0, 91),
(183, 'Pour Point', 20, '2016-05-18 00:30:15', '2016-05-18 02:07:44', 0, 91),
(184, 'Sediment', 20, '2016-05-18 00:30:15', '2016-05-18 02:07:44', 0, 91),
(185, 'Specific Gravity', 20, '2016-05-18 00:30:15', '2016-05-18 02:07:44', 0, 91),
(186, 'Sulphur Content', 20, '2016-05-18 00:30:15', '2016-05-18 02:07:44', 0, 91),
(187, 'Viscosity', 20, '2016-05-18 00:30:15', '2016-05-18 02:07:44', 0, 91),
(188, 'Viscosity', 20, '2016-05-18 00:30:15', '2016-05-18 02:07:44', 0, 91),
(189, 'Viscosity Index', 20, '2016-05-18 00:30:46', '2016-05-18 02:07:44', 0, 91),
(190, 'pH', 20, '2016-05-18 00:30:46', '2016-05-18 02:07:44', 0, 91),
(191, 'Rotten', 20, '2016-05-18 00:31:19', '2016-05-18 02:07:44', 0, 91),
(192, 'Density', 20, '2016-05-18 00:31:19', '2016-05-18 02:07:44', 0, 91),
(193, 'Rotten', 20, '2016-05-18 00:32:11', '2016-05-18 02:07:44', 0, 91),
(194, 'Rotten', 20, '2016-05-18 00:32:11', '2016-05-18 02:07:44', 0, 91),
(195, 'Flash Point', 20, '2016-05-18 00:32:11', '2016-05-18 02:07:44', 0, 91),
(196, 'Sulphur Content', 20, '2016-05-18 00:32:11', '2016-05-18 02:07:44', 0, 91),
(197, 'Viscosity ', 20, '2016-05-18 00:32:11', '2016-05-18 02:07:44', 0, 91),
(198, 'Acid Value/TAN', 20, '2016-05-18 00:32:48', '2016-05-18 02:07:44', 0, 91),
(199, 'Ash Content', 20, '2016-05-18 00:34:31', '2016-05-18 02:07:44', 0, 91),
(200, 'Rotten', 20, '2016-05-18 00:34:31', '2016-05-18 02:07:44', 0, 91),
(201, 'Carbon Residue', 20, '2016-05-18 00:34:31', '2016-05-18 02:07:44', 0, 91),
(202, 'Corrosion', 20, '2016-05-18 00:34:31', '2016-05-18 02:07:44', 0, 91),
(203, 'Moisture/Water Content', 20, '2016-05-18 00:34:31', '2016-05-18 02:07:44', 0, 91),
(204, 'Pour Point', 20, '2016-05-18 00:34:31', '2016-05-18 02:07:44', 0, 91),
(205, 'Rotten', 20, '2016-05-18 00:34:31', '2016-05-18 02:07:44', 0, 91),
(206, 'Ash Content', 25, '2016-05-18 00:42:30', '2016-05-18 00:43:11', 0, 91),
(207, 'Density', 25, '2016-05-18 00:42:30', '2016-05-18 00:44:15', 0, 91),
(208, 'C-H-N-S', 25, '2016-05-18 00:42:30', '2016-05-18 00:43:27', 0, 91),
(209, 'C-H-N-S-O', 25, '2016-05-18 00:42:30', '2016-05-18 00:43:35', 0, 91),
(210, 'Higher Calorific Value', 25, '2016-05-18 00:42:30', '2016-05-18 00:45:48', 0, 91),
(211, 'Higher Calorific Value', 25, '2016-05-18 00:42:30', '2016-05-18 00:45:59', 0, 91),
(212, 'Inherent Moisture', 25, '2016-05-18 00:42:30', '2016-05-18 00:46:22', 0, 91),
(213, 'Mesh Size', 25, '2016-05-18 00:42:30', '2016-05-18 00:46:35', 0, 91),
(214, 'Net Calorific Value', 25, '2016-05-18 00:42:30', '2016-05-18 00:46:51', 0, 91),
(215, 'Net Calorific Value', 25, '2016-05-18 00:42:30', '2016-05-18 00:47:06', 0, 91),
(216, 'Sulphur Content', 25, '2016-05-18 00:42:30', '2016-05-18 00:47:28', 0, 91),
(217, 'Total Moisture', 25, '2016-05-18 00:42:30', '2016-05-18 00:48:13', 0, 91),
(218, 'Volatile Matter', 25, '2016-05-18 00:42:30', '2016-05-18 00:48:24', 0, 91),
(219, 'Calorific Value/Gross Calorific Value', 25, '2016-05-18 00:42:30', '2016-05-18 00:43:47', 0, 91),
(220, 'Fixed Carbon', 25, '2016-05-18 00:42:30', '2016-05-18 00:44:27', 0, 91),
(221, 'Surface Moisture', 25, '2016-05-18 00:42:30', '2016-05-18 00:47:53', 0, 91),
(222, 'Gross Calorific Value', 25, '2016-05-18 00:42:30', '2016-05-18 00:44:59', 0, 91),
(223, 'Acid value', 27, '2016-05-18 00:56:10', '2016-05-18 00:57:34', 0, 91),
(224, 'Aniline Point', 27, '2016-05-18 00:56:10', '2016-05-18 01:18:16', 0, 91),
(225, 'API Gravity', 27, '2016-05-18 00:56:10', '2016-05-18 01:18:46', 0, 91),
(226, 'Aromatics', 27, '2016-05-18 00:56:10', '2016-05-18 01:19:25', 0, 91),
(227, 'Ash Content', 27, '2016-05-18 00:56:10', '2016-05-18 01:19:40', 0, 91),
(228, 'Boiling Range', 27, '2016-05-18 00:56:10', '2016-05-18 01:20:09', 0, 91),
(229, 'Carbon Residue', 27, '2016-05-18 00:56:10', '2016-05-18 01:21:12', 0, 91),
(230, 'Cetane Index', 27, '2016-05-18 00:56:10', '2016-05-18 01:25:27', 0, 91),
(231, 'Cetane Index', 27, '2016-05-18 00:56:10', '2016-05-18 01:26:02', 0, 91),
(232, 'Cetane Number', 27, '2016-05-18 00:56:10', '2016-05-18 01:26:13', 0, 91),
(233, 'Cetane Number', 27, '2016-05-18 00:56:10', '2016-05-18 01:26:28', 0, 91),
(234, 'Cloud Point', 27, '2016-05-18 00:56:10', '2016-05-18 01:26:46', 0, 91),
(235, 'Color', 27, '2016-05-18 00:56:10', '2016-05-18 01:27:01', 0, 91),
(236, 'Corrosion', 27, '2016-05-18 00:56:10', '2016-05-18 01:27:14', 0, 91),
(237, 'Density', 27, '2016-05-18 00:56:10', '2016-05-18 01:27:28', 0, 91),
(238, 'Fire Point', 27, '2016-05-18 00:56:10', '2016-05-18 01:27:50', 0, 91),
(239, 'Flash Point', 27, '2016-05-18 00:56:10', '2016-05-18 01:28:03', 0, 91),
(240, 'Flash Point', 27, '2016-05-18 00:56:10', '2016-05-18 01:28:29', 0, 91),
(241, 'Higher Calorific Value', 27, '2016-05-18 00:56:10', '2016-05-18 01:28:51', 0, 91),
(242, 'Higer Calorific Value', 27, '2016-05-18 00:56:10', '2016-05-18 01:28:40', 0, 91),
(243, 'Insoluble Matters', 27, '2016-05-18 00:56:10', '2016-05-18 01:29:14', 0, 91),
(244, 'Lower Calorific Value', 27, '2016-05-18 00:56:10', '2016-05-18 01:29:29', 0, 91),
(245, 'Lower Calorific Value', 27, '2016-05-18 00:56:10', '2016-05-18 01:29:46', 0, 91),
(246, 'Moisture/Water', 27, '2016-05-18 00:56:10', '2016-05-18 01:30:02', 0, 91),
(247, 'Pour Point', 27, '2016-05-18 00:56:10', '2016-05-18 01:30:18', 0, 91),
(248, 'Sediment', 27, '2016-05-18 00:56:10', '2016-05-18 01:30:42', 0, 91),
(249, 'Smoke Point', 27, '2016-05-18 00:56:10', '2016-05-18 01:31:01', 0, 91),
(250, 'Specific Gravity', 27, '2016-05-18 00:56:10', '2016-05-18 01:31:22', 0, 91),
(251, 'Sulphur Content', 27, '2016-05-18 00:56:10', '2016-05-18 01:31:47', 0, 91),
(252, 'TAN/TBN', 27, '2016-05-18 00:56:10', '2016-05-18 01:32:08', 0, 91),
(253, 'Viscosity', 27, '2016-05-18 00:56:10', '2016-05-18 01:32:22', 0, 91),
(254, 'Viscosity', 27, '2016-05-18 00:56:10', '2016-05-18 01:32:36', 0, 91),
(255, 'Viscosity Index', 27, '2016-05-18 00:56:10', '2016-05-18 01:32:55', 0, 91),
(256, 'Input Voltage Range, THD, Input Power, Output Frequency, PF', 28, '2016-05-18 01:37:38', '2016-05-18 03:13:51', 0, 91),
(257, 'Acid value', 29, '2016-05-18 01:40:52', '2016-05-18 01:41:12', 0, 91),
(258, 'Aniline Point', 29, '2016-05-18 01:40:52', '2016-05-18 01:41:28', 0, 91),
(259, 'API Gravity', 29, '2016-05-18 01:40:52', '2016-05-18 01:41:51', 0, 91),
(260, 'Ash Content', 29, '2016-05-18 01:40:52', '2016-05-18 01:42:14', 0, 91),
(261, 'Carbon Residue', 29, '2016-05-18 01:40:52', '2016-05-18 01:42:26', 0, 91),
(262, 'Corrosion', 29, '2016-05-18 01:40:52', '2016-05-18 01:42:53', 0, 91),
(263, 'Density', 29, '2016-05-18 01:40:52', '2016-05-18 01:43:08', 0, 91),
(264, 'Distillation Range', 29, '2016-05-18 01:40:52', '2016-05-18 01:43:23', 0, 91),
(265, 'Fire Point', 29, '2016-05-18 01:40:52', '2016-05-18 01:43:38', 0, 91),
(266, 'Flash Point', 29, '2016-05-18 01:40:52', '2016-05-18 01:43:56', 0, 91),
(267, 'Flash Point', 29, '2016-05-18 01:40:52', '2016-05-18 01:40:52', 0, 0),
(268, 'Higher Calorific Value', 29, '2016-05-18 01:40:52', '2016-05-18 01:44:45', 0, 91),
(269, 'Lower Calorific Value', 29, '2016-05-18 01:40:52', '2016-05-18 01:44:56', 0, 91),
(270, 'Sediment', 29, '2016-05-18 01:40:52', '2016-05-18 01:45:53', 0, 91),
(271, 'Specific Gravity', 29, '2016-05-18 01:40:52', '2016-05-18 01:46:11', 0, 91),
(272, 'Viscosity', 29, '2016-05-18 01:40:52', '2016-05-18 01:46:39', 0, 91),
(273, 'Viscosity Index', 29, '2016-05-18 01:40:52', '2016-05-18 01:46:56', 0, 91),
(274, 'Sulphur Content', 29, '2016-05-18 01:40:52', '2016-05-18 01:46:26', 0, 91),
(275, 'Water Content', 29, '2016-05-18 01:40:52', '2016-05-18 01:47:12', 0, 91),
(276, 'Pour Point', 29, '2016-05-18 01:40:52', '2016-05-18 01:45:14', 0, 91),
(277, 'Pour Point', 29, '2016-05-18 01:40:52', '2016-05-18 01:45:28', 0, 91),
(278, 'Corrosion', 30, '2016-05-18 01:50:11', '2016-05-18 01:50:35', 0, 91),
(279, 'Dropping Point', 30, '2016-05-18 01:50:11', '2016-05-18 01:50:49', 0, 91),
(280, 'Miosture', 30, '2016-05-18 01:50:11', '2016-05-18 01:51:04', 0, 91),
(281, 'Miosture', 30, '2016-05-18 01:50:11', '2016-05-18 01:51:21', 0, 91),
(282, 'Penetration Tst', 30, '2016-05-18 01:50:11', '2016-05-18 01:51:38', 0, 91),
(283, 'Efficiency', 31, '2016-05-18 01:52:45', '2016-05-18 01:52:54', 0, 91),
(284, 'Performance', 31, '2016-05-18 01:52:45', '2016-05-18 01:53:02', 0, 91),
(285, 'Backup Time, Charge Time, MX Output Power, Output Voltage, Output Frequency, PF', 32, '2016-05-18 01:54:23', '2016-05-18 01:54:59', 0, 91),
(286, 'Brightness (I Limen/Lux), Consumed Power, PF', 33, '2016-05-18 01:56:53', '2016-05-18 01:57:52', 0, 91),
(287, 'Acid value', 16, '2016-05-18 01:58:32', '2016-05-18 01:58:47', 0, 91),
(288, 'Carbondioxide', 34, '2016-05-18 21:39:22', '2016-05-18 21:40:00', 0, 91),
(289, 'Methane', 34, '2016-05-18 21:39:22', '2016-05-18 21:40:00', 0, 91),
(290, 'Acid Value', 35, '2016-05-18 21:58:18', '2016-05-18 22:07:15', 0, 91),
(291, 'Aniline Point', 35, '2016-05-18 21:58:18', '2016-05-18 22:07:15', 0, 91),
(292, 'API Gravity', 35, '2016-05-18 21:58:19', '2016-05-18 22:07:15', 0, 91),
(293, 'Aromatics', 35, '2016-05-18 21:58:19', '2016-05-18 22:07:15', 0, 91),
(294, 'Ash Content', 35, '2016-05-18 21:58:19', '2016-05-18 22:07:15', 0, 91),
(295, 'Carbon Residue', 35, '2016-05-18 21:58:19', '2016-05-18 22:07:15', 0, 91),
(296, 'Carbon Residue', 35, '2016-05-18 21:58:19', '2016-05-18 22:07:15', 0, 91),
(297, 'Cloud Point', 35, '2016-05-18 21:58:19', '2016-05-18 22:07:15', 0, 91),
(298, 'Corrosion', 35, '2016-05-18 21:58:19', '2016-05-18 22:07:15', 0, 91),
(299, 'Color', 35, '2016-05-18 21:58:19', '2016-05-18 22:07:15', 0, 91),
(300, 'Density', 35, '2016-05-18 21:58:19', '2016-05-18 22:07:15', 0, 91),
(301, 'Distillation Point', 35, '2016-05-18 21:58:19', '2016-05-18 22:07:15', 0, 91),
(302, 'Fire Point', 35, '2016-05-18 21:58:19', '2016-05-18 22:07:16', 0, 91),
(303, 'Flash Point', 35, '2016-05-18 21:58:19', '2016-05-18 22:07:16', 0, 91),
(304, 'Higher Calorific Value', 35, '2016-05-18 21:58:19', '2016-05-18 22:07:16', 0, 91),
(305, 'Higher Calorific Value', 35, '2016-05-18 21:58:19', '2016-05-18 22:07:16', 0, 91),
(306, 'Lower Calorific Value', 35, '2016-05-18 21:58:19', '2016-05-18 22:07:16', 0, 91),
(307, 'Lower Calorific Value', 35, '2016-05-18 21:58:19', '2016-05-18 22:07:16', 0, 91),
(308, 'Moisture', 35, '2016-05-18 21:58:19', '2016-05-18 22:07:16', 0, 91),
(309, 'MON/RON', 35, '2016-05-18 21:58:19', '2016-05-18 22:07:16', 0, 91),
(310, 'MON+RON/2', 35, '2016-05-18 21:58:19', '2016-05-18 22:07:16', 0, 91),
(311, 'Neutralization Point', 35, '2016-05-18 21:58:19', '2016-05-18 22:07:16', 0, 91),
(312, 'Octane Number', 35, '2016-05-18 21:58:19', '2016-05-18 22:07:16', 0, 91),
(313, 'Specific Gravity', 35, '2016-05-18 21:58:19', '2016-05-18 22:07:16', 0, 91),
(314, 'Sulphur Content', 35, '2016-05-18 21:58:19', '2016-05-18 22:07:16', 0, 91),
(315, 'Viscosity', 35, '2016-05-18 21:58:19', '2016-05-18 22:07:16', 0, 91),
(316, 'Viscosity', 35, '2016-05-18 21:58:19', '2016-05-18 22:07:16', 0, 91),
(317, 'Viscosity Index', 35, '2016-05-18 21:58:19', '2016-05-18 22:07:16', 0, 91),
(318, 'Acid Value', 36, '2016-05-18 22:23:20', '2016-05-18 22:34:00', 0, 91),
(319, 'Aniline Point', 36, '2016-05-18 22:23:21', '2016-05-18 22:34:00', 0, 91),
(320, 'API Gravity', 36, '2016-05-18 22:23:21', '2016-05-18 22:34:00', 0, 91),
(321, 'Ash Content', 36, '2016-05-18 22:23:21', '2016-05-18 22:34:00', 0, 91),
(322, 'Boiling Range', 36, '2016-05-18 22:23:21', '2016-05-18 22:34:00', 0, 91),
(323, 'Carbon Residue', 36, '2016-05-18 22:23:21', '2016-05-18 22:34:00', 0, 91),
(324, 'Color', 36, '2016-05-18 22:23:21', '2016-05-18 22:34:00', 0, 91),
(325, 'Corrosion', 36, '2016-05-18 22:23:21', '2016-05-18 22:34:00', 0, 91),
(326, 'Density', 36, '2016-05-18 22:23:21', '2016-05-18 22:34:00', 0, 91),
(327, 'Fire Point', 36, '2016-05-18 22:23:21', '2016-05-18 22:34:00', 0, 91),
(328, 'Flash Point', 36, '2016-05-18 22:23:21', '2016-05-18 22:34:00', 0, 91),
(329, 'Higher Calorific Value', 36, '2016-05-18 22:23:21', '2016-05-18 22:34:00', 0, 91),
(330, 'Lower Calorific Value', 36, '2016-05-18 22:23:21', '2016-05-18 22:34:00', 0, 91),
(331, 'Sediment', 36, '2016-05-18 22:23:21', '2016-05-18 22:34:00', 0, 91),
(332, 'Smoke Point ', 36, '2016-05-18 22:23:21', '2016-05-18 22:34:00', 0, 91),
(333, 'Viscosity', 36, '2016-05-18 22:23:21', '2016-05-18 22:34:00', 0, 91),
(334, 'Viscosity Index', 36, '2016-05-18 22:23:21', '2016-05-18 22:34:00', 0, 91),
(335, 'Water Content', 36, '2016-05-18 22:23:21', '2016-05-18 22:34:00', 0, 91),
(336, 'Pour Point', 36, '2016-05-18 22:23:21', '2016-05-18 22:34:00', 0, 91),
(337, 'Pour Point', 36, '2016-05-18 22:23:21', '2016-05-18 22:34:00', 0, 91),
(338, 'Ash Content', 37, '2016-05-19 00:05:45', '2016-05-19 00:18:34', 0, 91),
(339, 'Neutralization Point', 37, '2016-05-19 00:05:45', '2016-05-19 00:18:34', 0, 91),
(340, 'Boiling Range', 37, '2016-05-19 00:05:45', '2016-05-19 00:18:34', 0, 91),
(341, 'Carbon Residue', 37, '2016-05-19 00:05:45', '2016-05-19 00:18:34', 0, 91),
(342, 'Gross Calorific Value', 37, '2016-05-19 00:05:45', '2016-05-19 00:18:34', 0, 91),
(343, 'Gross Calorific Value', 37, '2016-05-19 00:05:45', '2016-05-19 00:18:34', 0, 91),
(344, 'Net Calorific Value', 37, '2016-05-19 00:05:45', '2016-05-19 00:18:34', 0, 91),
(345, 'Net Calorific Value', 37, '2016-05-19 00:05:45', '2016-05-19 00:18:34', 0, 91),
(346, 'Fire Point', 37, '2016-05-19 00:05:45', '2016-05-19 00:18:34', 0, 91),
(347, 'Flash Point', 37, '2016-05-19 00:05:45', '2016-05-19 00:18:34', 0, 91),
(348, 'Cloud Point', 37, '2016-05-19 00:05:45', '2016-05-19 00:18:34', 0, 91),
(349, 'Color', 37, '2016-05-19 00:05:45', '2016-05-19 00:18:34', 0, 91),
(350, 'Corrosion', 37, '2016-05-19 00:05:45', '2016-05-19 00:18:34', 0, 91),
(351, 'Density', 37, '2016-05-19 00:05:45', '2016-05-19 00:18:34', 0, 91),
(352, 'Water Content', 37, '2016-05-19 00:05:45', '2016-05-19 00:18:34', 0, 91),
(353, 'Pour Point', 37, '2016-05-19 00:05:45', '2016-05-19 00:18:34', 0, 91),
(354, 'Pour Point', 37, '2016-05-19 00:05:45', '2016-05-19 00:18:34', 0, 91),
(355, 'Sediment', 37, '2016-05-19 00:05:45', '2016-05-19 00:18:34', 0, 91),
(356, 'Specific Gravity ', 37, '2016-05-19 00:05:45', '2016-05-19 00:18:34', 0, 91),
(357, 'Sulphur Content', 37, '2016-05-19 00:05:45', '2016-05-19 00:18:34', 0, 91),
(358, 'Viscosity ', 37, '2016-05-19 00:05:45', '2016-05-19 00:18:34', 0, 91),
(359, 'Viscosity ', 37, '2016-05-19 00:05:45', '2016-05-19 00:18:34', 0, 91),
(360, 'Viscosity  Index', 37, '2016-05-19 00:05:45', '2016-05-19 00:18:34', 0, 91),
(361, 'Complete Cell Test (Cell Efficiency, Voc, Lsc, Vmax, Imax, FF)', 38, '2016-05-19 00:19:53', '2016-05-19 00:20:28', 0, 91),
(362, '(System Voltage, MX Module Current, Mx Load Current) Package', 39, '2016-05-19 03:36:45', '2016-05-19 03:37:10', 0, 91),
(363, 'Complete Panel/Module Test (Efficiency, Pmax, Voc, Isc, Vmax, Imax, FF)', 40, '2016-05-19 03:39:27', '2016-05-19 03:39:58', 0, 91),
(364, 'Complete Panel Test (Efficiency, Pmax, Voc, Isc, Vmax, Imax, FF)', 41, '2016-05-19 03:41:47', '2016-05-19 03:42:12', 0, 91),
(365, 'Complete Panel/Module Test (Efficiency, Pmax, Voc, Isc, Vmax, Imax, FF)', 42, '2016-05-19 03:44:35', '2016-05-19 03:45:37', 0, 91),
(366, 'Fixed Carbon (only)', 43, '2016-05-19 03:52:23', '2016-05-19 04:07:37', 0, 91),
(367, 'Fixed Carbon and Moisture', 43, '2016-05-19 03:52:23', '2016-05-19 04:07:37', 0, 91),
(368, 'Fixed Carbon and Volatile matter', 43, '2016-05-19 03:52:23', '2016-05-19 04:07:37', 0, 91),
(369, 'Fixed Carbon, Volatile matter and Ash', 43, '2016-05-19 03:52:23', '2016-05-19 04:07:37', 0, 91),
(370, 'Acid Value', 44, '2016-05-21 21:54:22', '2016-05-21 21:57:57', 0, 91),
(371, 'Boiling Range', 44, '2016-05-21 21:54:22', '2016-05-21 21:57:57', 0, 91),
(372, 'Density', 44, '2016-05-21 21:54:22', '2016-05-21 21:57:57', 0, 91),
(373, 'Flash Point', 44, '2016-05-21 21:54:22', '2016-05-21 21:57:57', 0, 91),
(374, 'Pour Point', 44, '2016-05-21 21:54:22', '2016-05-21 21:57:57', 0, 91),
(375, 'Specific Gravity', 44, '2016-05-21 21:54:22', '2016-05-21 21:57:57', 0, 91),
(376, 'Sulphur Content', 44, '2016-05-21 21:54:22', '2016-05-21 21:57:57', 0, 91),
(377, 'Viscosity', 44, '2016-05-21 21:54:22', '2016-05-21 21:57:57', 0, 91),
(378, 'Water Content/ Moisture', 44, '2016-05-21 21:54:22', '2016-05-21 21:57:57', 0, 91),
(379, 'BOD', 45, '2016-05-21 21:58:49', '2016-05-21 22:00:10', 0, 91),
(380, 'COD', 45, '2016-05-21 21:58:50', '2016-05-21 22:00:10', 0, 91),
(381, 'DO', 45, '2016-05-21 21:58:50', '2016-05-21 22:00:10', 0, 91),
(382, 'DO', 45, '2016-05-21 21:58:50', '2016-05-21 22:00:10', 0, 91),
(383, 'EDX', 46, '2016-05-21 22:04:51', '2016-05-21 22:10:10', 0, 91),
(384, 'Film Resistance', 46, '2016-05-21 22:04:51', '2016-05-21 22:10:10', 0, 91),
(385, 'Film Surface Morphology', 46, '2016-05-21 22:04:51', '2016-05-21 22:10:10', 0, 91),
(386, 'Film Thickness', 46, '2016-05-21 22:04:51', '2016-05-21 22:10:10', 0, 91),
(387, 'Hall Effect', 46, '2016-05-21 22:04:51', '2016-05-21 22:10:10', 0, 91),
(388, 'SEM Analysis', 46, '2016-05-21 22:04:51', '2016-05-21 22:10:10', 0, 91),
(389, 'UV-VIS-NIR (%R)', 46, '2016-05-21 22:04:51', '2016-05-21 22:10:10', 0, 91),
(390, 'UV-VIS-NIR (E(S), E(R))', 46, '2016-05-21 22:04:51', '2016-05-21 22:10:10', 0, 91),
(391, 'UV-VIS-NIR (%T)', 46, '2016-05-21 22:04:51', '2016-05-21 22:10:10', 0, 91),
(392, 'UV-VIS-NIR (Absorbance)', 46, '2016-05-21 22:04:51', '2016-05-21 22:10:10', 0, 91),
(393, 'UV-VIS-NIR (Specular, Deffuse and Total Reflectance)', 46, '2016-05-21 22:04:51', '2016-05-21 22:10:10', 0, 91),
(394, 'XRD', 46, '2016-05-21 22:04:51', '2016-05-21 22:10:10', 0, 91),
(395, 'Ash Content', 47, '2016-05-21 22:12:32', '2016-05-21 22:14:54', 0, 91),
(396, 'Fixed Carbon', 47, '2016-05-21 22:12:32', '2016-05-21 22:14:54', 0, 91),
(397, 'Higher Calorific Value', 47, '2016-05-21 22:12:32', '2016-05-21 22:14:54', 0, 91),
(398, 'Moisture', 47, '2016-05-21 22:12:32', '2016-05-21 22:14:54', 0, 91),
(399, 'Volatile Matter', 47, '2016-05-21 22:12:32', '2016-05-21 22:14:54', 0, 91),
(400, 'Electrical Properties (C,L,R,X,G,B,D,Q,Z,Y,)', 48, '2016-05-21 22:16:47', '2016-05-21 22:17:42', 0, 91),
(401, 'BOD', 49, '2016-05-21 22:18:31', '2016-05-21 22:19:29', 0, 91),
(402, 'COD', 49, '2016-05-21 22:18:31', '2016-05-21 22:19:29', 0, 91),
(403, 'DO', 49, '2016-05-21 22:18:31', '2016-05-21 22:19:29', 0, 91),
(404, 'Iron', 50, '2016-05-22 01:10:32', '2016-05-29 23:07:04', 0, 91),
(405, 'Lead', 50, '2016-05-22 01:10:32', '2016-05-29 23:07:04', 0, 91),
(406, 'LOI (Loss on Ignition)', 50, '2016-05-22 01:10:32', '2016-05-29 23:07:04', 0, 91),
(407, 'Magnesium', 50, '2016-05-22 01:10:32', '2016-05-29 23:07:04', 0, 91),
(408, 'Mercury (Hg2O)', 50, '2016-05-22 01:10:32', '2016-05-29 23:07:04', 0, 91),
(409, 'Mercury (HgO)', 50, '2016-05-22 01:10:32', '2016-05-29 23:07:04', 0, 91),
(410, 'Silica', 50, '2016-05-22 01:10:32', '2016-05-29 23:07:04', 0, 91),
(411, 'Chemical Composition', 51, '2016-05-22 01:14:58', '2016-05-22 01:14:58', 0, 0),
(412, 'Grain Size', 51, '2016-05-22 01:14:58', '2016-05-22 01:14:58', 0, 0),
(413, 'Aluminium', 52, '2016-05-22 01:17:58', '2016-05-22 01:21:06', 0, 91),
(414, 'Calcium', 52, '2016-05-22 01:17:58', '2016-05-22 01:21:13', 0, 91),
(415, 'Carbon Content', 52, '2016-05-22 01:17:58', '2016-05-22 01:18:53', 0, 91),
(416, 'Iron', 52, '2016-05-22 01:17:58', '2016-05-22 01:21:22', 0, 91),
(417, 'LOI (Loss on Ignition)', 52, '2016-05-22 01:17:58', '2016-05-22 01:21:30', 0, 91),
(418, 'Magnesium', 52, '2016-05-22 01:17:58', '2016-05-22 01:21:36', 0, 91),
(419, 'Potassium', 52, '2016-05-22 01:17:58', '2016-05-22 01:21:42', 0, 91),
(420, 'Silica', 52, '2016-05-22 01:17:58', '2016-05-22 01:21:48', 0, 91),
(421, 'SO3', 52, '2016-05-22 01:17:58', '2016-05-22 01:21:54', 0, 91),
(422, 'Sodium', 52, '2016-05-22 01:17:58', '2016-05-22 01:22:02', 0, 91),
(423, 'Aluminium', 53, '2016-05-22 01:25:08', '2016-05-22 01:29:32', 0, 91),
(424, 'Antimony', 53, '2016-05-22 01:25:08', '2016-05-22 01:29:38', 0, 91),
(425, 'Arsenic', 53, '2016-05-22 01:25:08', '2016-05-22 01:29:44', 0, 91),
(426, 'Barium', 53, '2016-05-22 01:25:08', '2016-05-22 01:29:50', 0, 91),
(427, 'Bismuth', 53, '2016-05-22 01:29:10', '2016-05-22 01:29:57', 0, 91),
(428, 'Cadmium', 53, '2016-05-22 01:29:10', '2016-05-22 01:30:04', 0, 91),
(429, 'Calcium', 53, '2016-05-22 01:29:10', '2016-05-22 01:30:10', 0, 91),
(430, 'Chemical Composition', 53, '2016-05-22 01:29:10', '2016-05-22 01:34:21', 0, 91),
(431, 'Chromium', 53, '2016-05-22 01:29:10', '2016-05-22 01:34:29', 0, 91),
(432, 'Cobalt', 53, '2016-05-22 01:29:10', '2016-05-22 01:34:52', 0, 91),
(433, 'Copper', 53, '2016-05-22 01:29:10', '2016-05-22 01:35:00', 0, 91),
(434, 'Density (Bulk)', 53, '2016-05-22 01:29:10', '2016-05-22 01:35:08', 0, 91),
(435, 'Iron', 53, '2016-05-22 01:29:10', '2016-05-22 01:35:16', 0, 91),
(436, 'Lead', 53, '2016-05-22 01:29:10', '2016-05-22 01:35:22', 0, 91),
(437, 'Manganese', 53, '2016-05-22 01:29:10', '2016-05-22 01:35:30', 0, 91),
(438, 'Mercury (Hg2O)', 53, '2016-05-22 01:29:10', '2016-05-22 01:35:48', 0, 91),
(439, 'Mercury (HgO)', 53, '2016-05-22 01:29:10', '2016-05-22 01:36:00', 0, 91),
(440, 'Nickel', 53, '2016-05-22 01:29:10', '2016-05-22 01:36:07', 0, 91),
(441, 'Phosphorus', 53, '2016-05-22 01:29:10', '2016-05-22 01:36:14', 0, 91),
(442, 'Silica', 53, '2016-05-22 01:29:10', '2016-05-22 01:36:22', 0, 91),
(443, 'Silver', 53, '2016-05-22 01:29:10', '2016-05-22 01:36:29', 0, 91),
(444, 'Specific Gravity', 53, '2016-05-22 01:29:10', '2016-05-22 01:36:36', 0, 91),
(445, 'Thermal Analysis', 53, '2016-05-22 01:29:10', '2016-05-22 01:36:43', 0, 91),
(446, 'Titanium', 53, '2016-05-22 01:29:10', '2016-05-22 01:36:51', 0, 91),
(447, 'Zinc', 53, '2016-05-22 01:29:10', '2016-05-22 01:36:59', 0, 91),
(448, 'Zirconium', 53, '2016-05-22 01:29:10', '2016-05-22 01:37:08', 0, 91),
(449, 'Aluminium', 54, '2016-05-22 01:39:23', '2016-05-22 01:39:50', 0, 91),
(450, 'Calcium', 54, '2016-05-22 01:39:23', '2016-05-22 01:40:00', 0, 91),
(451, 'Insoluble Residue (IR)', 54, '2016-05-22 01:39:23', '2016-05-22 01:40:07', 0, 91),
(452, 'Iron', 54, '2016-05-22 01:39:23', '2016-05-22 01:40:15', 0, 91),
(453, 'Magnesium', 54, '2016-05-22 01:39:23', '2016-05-22 01:40:20', 0, 91),
(454, 'Silica', 54, '2016-05-22 01:39:23', '2016-05-22 01:40:26', 0, 91),
(455, 'SO3', 54, '2016-05-22 01:39:23', '2016-05-22 01:40:35', 0, 91),
(456, 'Choloride', 55, '2016-05-22 01:44:00', '2016-05-22 01:44:34', 0, 91),
(457, 'Fluoride', 55, '2016-05-22 01:44:00', '2016-05-22 01:44:40', 0, 91),
(458, 'Gypsum Content', 55, '2016-05-22 01:44:00', '2016-05-22 01:44:47', 0, 91),
(459, 'Iron', 55, '2016-05-22 01:44:00', '2016-05-22 01:44:55', 0, 91),
(460, 'Magnesium', 55, '2016-05-22 01:44:00', '2016-05-22 01:45:18', 0, 91),
(461, 'Percent Purity', 55, '2016-05-22 01:44:00', '2016-05-22 01:45:29', 0, 91),
(462, 'Phosphorus', 55, '2016-05-22 01:44:00', '2016-05-22 01:45:37', 0, 91),
(463, 'Purity', 55, '2016-05-22 01:44:00', '2016-05-22 01:45:57', 0, 91),
(464, 'R2O3', 55, '2016-05-22 01:44:00', '2016-05-22 01:46:09', 0, 91),
(465, 'Specific Gravity', 55, '2016-05-22 01:44:00', '2016-05-22 01:46:16', 0, 91),
(466, 'Strength of Acid', 55, '2016-05-22 01:44:00', '2016-05-22 01:46:51', 0, 91),
(467, 'Sulphate', 55, '2016-05-22 01:44:00', '2016-05-22 01:47:01', 0, 91),
(468, 'TS', 55, '2016-05-22 01:44:00', '2016-05-22 01:47:08', 0, 91),
(469, 'Acidity', 56, '2016-05-22 01:52:24', '2016-05-22 01:52:46', 0, 91),
(470, 'Aluminium', 56, '2016-05-22 01:52:24', '2016-05-22 01:52:54', 0, 91),
(471, 'Arsenic', 56, '2016-05-22 01:52:24', '2016-05-22 01:53:00', 0, 91),
(472, 'Basicity', 56, '2016-05-22 01:52:24', '2016-05-22 01:53:06', 0, 91),
(473, 'Bismuth', 56, '2016-05-22 01:52:24', '2016-05-22 01:53:12', 0, 91),
(474, 'Cadmium', 56, '2016-05-22 01:52:24', '2016-05-22 01:53:18', 0, 91),
(475, 'Choloride', 56, '2016-05-22 01:52:24', '2016-05-22 01:53:25', 0, 91),
(476, 'Chromium', 56, '2016-05-22 01:52:24', '2016-05-22 01:53:31', 0, 91),
(477, 'Density', 56, '2016-05-22 01:52:24', '2016-05-22 01:53:37', 0, 91),
(478, 'Free Acid', 56, '2016-05-22 01:52:24', '2016-05-22 01:53:49', 0, 91),
(479, 'Impurities', 56, '2016-05-22 01:52:24', '2016-05-22 01:54:07', 0, 91),
(480, 'Insoluble Part', 56, '2016-05-22 01:52:24', '2016-05-22 01:54:17', 0, 91),
(481, 'Iron', 56, '2016-05-22 01:52:24', '2016-05-22 01:54:25', 0, 91),
(482, 'Lead', 56, '2016-05-22 01:52:24', '2016-05-22 01:54:31', 0, 91),
(483, 'Magnesium', 56, '2016-05-22 01:52:24', '2016-05-22 01:54:38', 0, 91),
(484, 'Moisture', 56, '2016-05-22 01:52:24', '2016-05-22 01:54:46', 0, 91),
(485, 'Percent Purity', 56, '2016-05-22 01:52:24', '2016-05-22 01:54:53', 0, 91),
(486, 'pH', 56, '2016-05-22 01:52:24', '2016-05-22 01:55:01', 0, 91),
(487, 'Phosphorus', 56, '2016-05-22 01:52:24', '2016-05-22 01:55:09', 0, 91),
(488, 'Silica', 56, '2016-05-22 01:52:24', '2016-05-22 01:55:17', 0, 91),
(489, 'Sodium', 56, '2016-05-22 01:52:24', '2016-05-22 01:55:24', 0, 91),
(490, 'Specific Gravity', 56, '2016-05-22 01:52:24', '2016-05-22 01:55:31', 0, 91),
(491, 'Water Molecule', 56, '2016-05-22 01:52:24', '2016-05-22 01:55:38', 0, 91),
(492, 'Alkali Resistant', 57, '2016-05-22 02:00:26', '2016-05-22 02:01:02', 0, 91),
(493, 'Atmospheric Curing Stability', 57, '2016-05-22 02:00:26', '2016-05-22 02:01:09', 0, 91),
(494, 'Barium', 57, '2016-05-22 02:00:26', '2016-05-22 02:01:33', 0, 91),
(495, 'Chemical Composition', 57, '2016-05-22 02:00:26', '2016-05-22 02:01:45', 0, 91),
(496, 'Density', 57, '2016-05-22 02:00:26', '2016-05-22 02:01:52', 0, 91),
(497, 'Light Resistant', 57, '2016-05-22 02:00:26', '2016-05-22 02:01:57', 0, 91),
(498, 'LOI (Loss on Ignition)', 57, '2016-05-22 02:00:26', '2016-05-22 02:02:03', 0, 91),
(499, 'Moisture', 57, '2016-05-22 02:00:26', '2016-05-22 02:02:10', 0, 91),
(500, 'Oil Absorption Value', 57, '2016-05-22 02:00:26', '2016-05-22 02:02:17', 0, 91),
(501, 'Partical Size', 57, '2016-05-22 02:00:26', '2016-05-22 02:02:29', 0, 91),
(502, 'Percent Purity', 57, '2016-05-22 02:00:26', '2016-05-22 02:02:37', 0, 91),
(503, 'Silica Impurities', 57, '2016-05-22 02:00:26', '2016-05-22 02:02:43', 0, 91),
(504, 'Solubility in Water', 57, '2016-05-22 02:00:26', '2016-05-22 02:03:02', 0, 91),
(505, 'Wetability', 57, '2016-05-22 02:00:26', '2016-05-22 02:03:09', 0, 91),
(506, 'Aluminium', 58, '2016-05-23 22:56:23', '2016-05-23 22:56:48', 0, 91),
(507, 'Barium', 58, '2016-05-23 22:56:23', '2016-05-23 22:56:57', 0, 91),
(508, 'Boron', 58, '2016-05-23 22:56:23', '2016-05-23 22:57:09', 0, 91),
(509, 'Cadmium', 58, '2016-05-23 22:56:23', '2016-05-23 22:57:18', 0, 91),
(510, 'Calcium', 58, '2016-05-23 22:56:23', '2016-05-23 22:57:26', 0, 91),
(511, 'Chemical Composition', 58, '2016-05-23 22:56:23', '2016-05-23 22:57:32', 0, 91),
(512, 'Iron', 58, '2016-05-23 22:56:23', '2016-05-23 22:57:39', 0, 91),
(513, 'Lead', 58, '2016-05-23 22:56:23', '2016-05-23 22:57:46', 0, 91),
(514, 'LOI (Loss on Ignition)', 58, '2016-05-23 22:56:23', '2016-05-23 22:57:53', 0, 91),
(515, 'Magnesium', 58, '2016-05-23 22:56:23', '2016-05-23 22:57:59', 0, 91),
(516, 'Mercury (Hg2O)', 58, '2016-05-23 22:56:23', '2016-05-23 22:58:06', 0, 91),
(517, 'Mercury (HgO)', 58, '2016-05-23 22:56:23', '2016-05-23 22:58:13', 0, 91),
(518, 'Silica', 58, '2016-05-23 22:56:23', '2016-05-23 22:58:21', 0, 91),
(519, 'Viscosity', 59, '2016-05-23 23:37:05', '2016-05-23 23:37:19', 0, 91),
(520, 'Viscosity', 60, '2016-05-23 23:38:06', '2016-05-23 23:38:15', 0, 91),
(521, 'Aluminium', 61, '2016-05-23 23:52:59', '2016-05-23 23:53:33', 0, 91),
(522, 'Arsenic', 61, '2016-05-23 23:52:59', '2016-05-23 23:53:41', 0, 91),
(523, 'Cadmium', 61, '2016-05-23 23:52:59', '2016-05-23 23:53:54', 0, 91),
(524, 'Calcium', 61, '2016-05-23 23:52:59', '2016-05-23 23:54:01', 0, 91),
(525, 'Chromium', 61, '2016-05-23 23:52:59', '2016-05-23 23:54:10', 0, 91),
(526, 'Copper', 61, '2016-05-23 23:52:59', '2016-05-23 23:54:17', 0, 91),
(527, 'Iron', 61, '2016-05-23 23:52:59', '2016-05-23 23:54:26', 0, 91),
(528, 'Lead', 61, '2016-05-23 23:52:59', '2016-05-23 23:54:39', 0, 91),
(529, 'Magnesium', 61, '2016-05-23 23:52:59', '2016-05-23 23:54:49', 0, 91),
(530, 'Silicon', 61, '2016-05-23 23:52:59', '2016-05-23 23:55:11', 0, 91),
(531, 'Viscosity', 61, '2016-05-23 23:52:59', '2016-05-23 23:55:23', 0, 91),
(532, 'Zinc', 61, '2016-05-23 23:52:59', '2016-05-23 23:55:35', 0, 91),
(533, 'Manganese', 61, '2016-05-23 23:52:59', '2016-05-23 23:54:58', 0, 91),
(534, 'Calcium', 62, '2016-05-23 23:56:45', '2016-05-23 23:57:00', 0, 91),
(535, 'Moisture', 62, '2016-05-23 23:56:45', '2016-05-23 23:57:06', 0, 91),
(536, 'Silica', 62, '2016-05-23 23:56:46', '2016-05-23 23:57:12', 0, 91),
(537, 'Zinc', 62, '2016-05-23 23:56:46', '2016-05-23 23:57:20', 0, 91),
(538, 'Calcium', 63, '2016-05-23 23:59:21', '2016-05-23 23:59:53', 0, 91),
(539, 'Free Acid', 63, '2016-05-23 23:59:21', '2016-05-23 23:59:59', 0, 91),
(540, 'Insoluble Part', 63, '2016-05-23 23:59:21', '2016-05-24 00:00:05', 0, 91),
(541, 'Magnesium', 63, '2016-05-23 23:59:21', '2016-05-24 00:00:11', 0, 91),
(542, 'Moisture', 63, '2016-05-23 23:59:21', '2016-05-24 00:00:17', 0, 91),
(543, 'pH', 63, '2016-05-23 23:59:21', '2016-05-24 00:00:25', 0, 91),
(544, 'Silica', 63, '2016-05-23 23:59:21', '2016-05-24 00:00:31', 0, 91),
(545, 'Sodium', 63, '2016-05-23 23:59:21', '2016-05-24 00:00:37', 0, 91),
(546, 'Sulfate', 63, '2016-05-23 23:59:21', '2016-05-24 00:00:43', 0, 91),
(547, 'Aluminium', 64, '2016-05-25 00:30:26', '2016-05-25 00:30:58', 0, 91),
(548, 'Antimony', 64, '2016-05-25 00:30:26', '2016-05-25 00:31:04', 0, 91),
(549, 'Arsenic', 64, '2016-05-25 00:30:26', '2016-05-25 00:31:10', 0, 91),
(550, 'Bismuth', 64, '2016-05-25 00:30:26', '2016-05-25 00:31:16', 0, 91),
(551, 'Cadmium', 64, '2016-05-25 00:30:26', '2016-05-25 00:31:23', 0, 91),
(552, 'Calcium', 64, '2016-05-25 00:30:26', '2016-05-25 00:31:29', 0, 91),
(553, 'Chromium', 64, '2016-05-25 00:30:26', '2016-05-25 00:31:35', 0, 91),
(554, 'Cobalt', 64, '2016-05-25 00:30:26', '2016-05-25 00:31:41', 0, 91),
(555, 'Copper', 64, '2016-05-25 00:30:26', '2016-05-25 00:31:47', 0, 91),
(556, 'Cyanide', 64, '2016-05-25 00:30:26', '2016-05-25 00:31:53', 0, 91),
(557, 'Iron', 64, '2016-05-25 00:30:26', '2016-05-25 00:32:00', 0, 91),
(558, 'Lead', 64, '2016-05-25 00:30:26', '2016-05-25 00:32:07', 0, 91),
(559, 'Magnesium', 64, '2016-05-25 00:30:26', '2016-05-25 00:32:13', 0, 91),
(560, 'Manganese', 64, '2016-05-25 00:30:26', '2016-05-25 00:32:18', 0, 91),
(561, 'Nickel', 64, '2016-05-25 00:30:26', '2016-05-25 00:32:24', 0, 91),
(562, 'Phase Analysis', 64, '2016-05-25 00:30:26', '2016-05-25 00:32:30', 0, 91),
(563, 'Phosphorus', 64, '2016-05-25 00:30:26', '2016-05-25 00:32:36', 0, 91),
(564, 'Platinum', 64, '2016-05-25 00:30:26', '2016-05-25 00:32:42', 0, 91),
(565, 'Purity', 64, '2016-05-25 00:30:26', '2016-05-25 00:32:50', 0, 91),
(566, 'Silica', 64, '2016-05-25 00:30:26', '2016-05-25 00:32:56', 0, 91),
(567, 'Silver', 64, '2016-05-25 00:30:26', '2016-05-25 00:33:02', 0, 91),
(568, 'Tantalum', 64, '2016-05-25 00:30:26', '2016-05-25 00:33:10', 0, 91),
(569, 'Titanium', 64, '2016-05-25 00:30:26', '2016-05-25 00:33:15', 0, 91),
(570, 'Uranium', 64, '2016-05-25 00:30:26', '2016-05-25 00:33:22', 0, 91),
(571, 'Zinc', 64, '2016-05-25 00:30:26', '2016-05-25 00:33:29', 0, 91),
(572, 'Zirconium', 64, '2016-05-25 00:30:26', '2016-05-25 00:33:37', 0, 91),
(573, 'Aluminium', 65, '2016-05-25 00:36:11', '2016-05-25 00:36:25', 0, 91),
(574, 'Boron', 65, '2016-05-25 00:36:11', '2016-05-25 00:36:32', 0, 91),
(575, 'Cadmium', 65, '2016-05-25 00:36:11', '2016-05-25 00:36:39', 0, 91),
(576, 'Calcium', 65, '2016-05-25 00:36:11', '2016-05-25 00:36:44', 0, 91),
(577, 'Lead', 65, '2016-05-25 00:36:11', '2016-05-25 00:36:50', 0, 91),
(578, 'Magnesium', 65, '2016-05-25 00:36:11', '2016-05-25 00:36:56', 0, 91),
(579, 'Mercury (Hg2O)', 65, '2016-05-25 00:36:11', '2016-05-25 00:37:02', 0, 91),
(580, 'Mercury (HgO)', 65, '2016-05-25 00:36:11', '2016-05-25 00:37:07', 0, 91),
(581, 'Silica', 65, '2016-05-25 00:36:11', '2016-05-25 00:37:13', 0, 91),
(582, 'Strength of Acid', 66, '2016-05-25 00:49:03', '2016-05-25 00:49:12', 0, 91),
(583, 'Choloride', 67, '2016-05-25 00:51:54', '2016-05-25 00:52:15', 0, 91),
(584, 'Fluoride', 67, '2016-05-25 00:51:54', '2016-05-25 00:52:22', 0, 91),
(585, 'Gypsum', 67, '2016-05-25 00:51:54', '2016-05-25 00:52:30', 0, 91),
(586, 'Iron', 67, '2016-05-25 00:51:54', '2016-05-25 00:52:39', 0, 91),
(587, 'Magnesium', 67, '2016-05-25 00:51:54', '2016-05-25 00:52:46', 0, 91),
(588, 'Percent Purity', 67, '2016-05-25 00:51:54', '2016-05-25 00:52:52', 0, 91),
(589, 'Phosphorus', 67, '2016-05-25 00:51:54', '2016-05-25 00:52:58', 0, 91),
(590, 'R2O3', 67, '2016-05-25 00:51:54', '2016-05-25 00:53:04', 0, 91),
(591, 'Specific Gravity', 67, '2016-05-25 00:51:54', '2016-05-25 00:53:10', 0, 91),
(592, 'Sulphate', 67, '2016-05-25 00:51:54', '2016-05-25 00:53:15', 0, 91),
(593, 'TS', 67, '2016-05-25 00:51:54', '2016-05-25 00:53:23', 0, 91),
(594, 'Aluminium', 68, '2016-05-25 00:55:41', '2016-05-25 00:55:52', 0, 91),
(595, 'Boron', 68, '2016-05-25 00:55:41', '2016-05-25 00:56:02', 0, 91),
(596, 'Cadmium', 68, '2016-05-25 00:55:41', '2016-05-25 00:56:08', 0, 91),
(597, 'Calcium', 68, '2016-05-25 00:55:41', '2016-05-25 00:56:14', 0, 91),
(598, 'Lead', 68, '2016-05-25 00:55:41', '2016-05-25 00:56:20', 0, 91),
(599, 'Magnesium', 68, '2016-05-25 00:55:41', '2016-05-25 00:56:26', 0, 91),
(600, 'Mercury (Hg2O)', 68, '2016-05-25 00:55:41', '2016-05-25 00:56:32', 0, 91),
(601, 'Mercury (HgO)', 68, '2016-05-25 00:55:41', '2016-05-25 00:56:38', 0, 91),
(602, 'Silica', 68, '2016-05-25 00:55:41', '2016-05-25 00:56:45', 0, 91),
(603, 'Aluminium', 69, '2016-05-25 00:58:47', '2016-05-25 00:58:55', 0, 91),
(604, 'Barium', 69, '2016-05-25 00:58:47', '2016-05-25 00:59:01', 0, 91),
(605, 'Cadmium', 69, '2016-05-25 00:58:47', '2016-05-25 00:59:07', 0, 91),
(606, 'Calcium', 69, '2016-05-25 00:58:47', '2016-05-25 00:59:16', 0, 91),
(607, 'Lead', 69, '2016-05-25 00:58:47', '2016-05-25 00:59:22', 0, 91),
(608, 'Magnesium', 69, '2016-05-25 00:58:47', '2016-05-25 00:59:27', 0, 91),
(609, 'Mercury (Hg2O)', 69, '2016-05-25 00:58:47', '2016-05-25 00:59:33', 0, 91),
(610, 'Mercury (HgO)', 69, '2016-05-25 00:58:47', '2016-05-25 00:59:39', 0, 91),
(611, 'Silica', 69, '2016-05-25 00:58:47', '2016-05-25 00:59:46', 0, 91),
(612, 'Insoluble Part', 70, '2016-05-25 21:37:22', '2016-05-25 22:12:27', 0, 91),
(613, 'Moisture', 70, '2016-05-25 21:37:22', '2016-05-25 22:12:32', 0, 91),
(614, 'Percent Purity', 70, '2016-05-25 21:37:22', '2016-05-25 22:12:37', 0, 91),
(615, 'Potassium', 70, '2016-05-25 21:37:22', '2016-05-25 22:12:43', 0, 91),
(616, 'Sodium', 70, '2016-05-25 21:37:22', '2016-05-25 22:12:54', 0, 91),
(617, 'Silica', 70, '2016-05-25 21:37:22', '2016-05-25 22:12:48', 0, 91),
(618, 'Fuctional Group', 71, '2016-05-25 21:39:12', '2016-05-25 21:39:27', 0, 91),
(619, 'Aluminium', 72, '2016-05-25 21:49:36', '2016-05-25 22:10:21', 0, 91),
(620, 'Barium', 72, '2016-05-25 21:49:36', '2016-05-25 22:10:26', 0, 91),
(621, 'Boron', 72, '2016-05-25 21:49:36', '2016-05-25 22:10:32', 0, 91),
(622, 'Cadmium', 72, '2016-05-25 21:49:36', '2016-05-25 22:10:37', 0, 91),
(623, 'Calcium', 72, '2016-05-25 21:49:36', '2016-05-25 22:10:43', 0, 91),
(624, 'Chemical Composition', 72, '2016-05-25 21:49:36', '2016-05-25 22:10:49', 0, 91),
(625, 'Iron', 72, '2016-05-25 21:49:36', '2016-05-25 22:10:55', 0, 91),
(626, 'Lead', 72, '2016-05-25 21:49:36', '2016-05-25 22:11:02', 0, 91),
(627, 'LOI (Loss on Ignition)', 72, '2016-05-25 21:49:36', '2016-05-25 22:11:07', 0, 91),
(628, 'Magnesium', 72, '2016-05-25 21:49:36', '2016-05-25 22:11:13', 0, 91),
(629, 'Mercury (Hg2O)', 72, '2016-05-25 21:49:36', '2016-05-25 22:11:19', 0, 91),
(630, 'Mercury (HgO)', 72, '2016-05-25 21:49:36', '2016-05-25 22:11:25', 0, 91),
(631, 'Silica', 72, '2016-05-25 21:49:36', '2016-05-25 22:11:31', 0, 91),
(632, 'Alkali Resistant', 73, '2016-05-25 21:53:34', '2016-05-25 22:09:04', 0, 91),
(633, 'Density', 73, '2016-05-25 21:53:34', '2016-05-25 22:09:11', 0, 91),
(634, 'Insoluble Part', 73, '2016-05-25 21:53:34', '2016-05-25 22:09:16', 0, 91),
(635, 'LOI (Loss on Ignition)', 73, '2016-05-25 21:53:34', '2016-05-25 22:09:22', 0, 91),
(636, 'Moisture', 73, '2016-05-25 21:53:34', '2016-05-25 22:09:28', 0, 91);
INSERT INTO `tbl_parameter` (`param_id`, `param_name`, `tst_id`, `created_at`, `updated_at`, `is_locked`, `updated_by`) VALUES
(637, 'Oil Absorption Value', 73, '2016-05-25 21:53:34', '2016-05-25 22:09:35', 0, 91),
(638, 'Partical Size', 73, '2016-05-25 21:53:34', '2016-05-25 22:09:42', 0, 91),
(639, 'Percent Purity', 73, '2016-05-25 21:53:34', '2016-05-25 22:09:47', 0, 91),
(640, 'Silica', 73, '2016-05-25 21:53:34', '2016-05-25 22:09:53', 0, 91),
(641, 'Aluminium', 74, '2016-05-25 22:05:15', '2016-05-25 22:06:26', 0, 91),
(642, 'Calcium', 74, '2016-05-25 22:05:15', '2016-05-25 22:06:36', 0, 91),
(643, 'Density (Bulk)', 74, '2016-05-25 22:05:15', '2016-05-25 22:06:15', 0, 91),
(644, 'Iron', 74, '2016-05-25 22:05:15', '2016-05-25 22:06:00', 0, 91),
(645, 'LOI (Loss on Ignition)', 74, '2016-05-25 22:05:15', '2016-05-25 22:06:58', 0, 91),
(646, 'Magnesium', 74, '2016-05-25 22:05:15', '2016-05-25 22:07:18', 0, 91),
(647, 'Porosity (Apparent)', 74, '2016-05-25 22:05:15', '2016-05-25 22:07:25', 0, 91),
(648, 'Potassium', 74, '2016-05-25 22:05:15', '2016-05-25 22:07:33', 0, 91),
(649, 'Silica', 74, '2016-05-25 22:05:15', '2016-05-25 22:07:39', 0, 91),
(650, 'SO3', 74, '2016-05-25 22:05:15', '2016-05-25 22:07:45', 0, 91),
(651, 'Sodium', 74, '2016-05-25 22:05:15', '2016-05-25 22:07:51', 0, 91),
(652, 'Aluminium', 75, '2016-05-25 22:15:17', '2016-05-25 22:15:24', 0, 91),
(653, 'Calcium', 75, '2016-05-25 22:15:17', '2016-05-25 22:15:30', 0, 91),
(654, 'Iron', 75, '2016-05-25 22:15:17', '2016-05-25 22:15:36', 0, 91),
(655, 'LOI (Loss on Ignition)', 75, '2016-05-25 22:15:17', '2016-05-25 22:15:42', 0, 91),
(656, 'Magnesium', 75, '2016-05-25 22:15:17', '2016-05-25 22:15:48', 0, 91),
(657, 'Potassium', 75, '2016-05-25 22:15:17', '2016-05-25 22:15:54', 0, 91),
(658, 'Silica', 75, '2016-05-25 22:15:17', '2016-05-25 22:15:59', 0, 91),
(659, 'SO3', 75, '2016-05-25 22:15:17', '2016-05-25 22:16:05', 0, 91),
(660, 'Sodium', 75, '2016-05-25 22:15:17', '2016-05-25 22:16:10', 0, 91),
(661, 'Aluminium', 76, '2016-05-25 22:18:06', '2016-05-25 22:18:14', 0, 91),
(662, 'Calcium', 76, '2016-05-25 22:18:06', '2016-05-25 22:18:20', 0, 91),
(663, 'Density (Bulk)', 76, '2016-05-25 22:18:06', '2016-05-25 22:18:26', 0, 91),
(664, 'Iron', 76, '2016-05-25 22:18:06', '2016-05-25 22:18:32', 0, 91),
(665, 'LOI (Loss on Ignition)', 76, '2016-05-25 22:18:06', '2016-05-25 22:18:38', 0, 91),
(666, 'Magnesium', 76, '2016-05-25 22:18:06', '2016-05-25 22:18:45', 0, 91),
(667, 'Porosity (Apparent)', 76, '2016-05-25 22:18:06', '2016-05-25 22:18:50', 0, 91),
(668, 'Potassium', 76, '2016-05-25 22:18:06', '2016-05-25 22:18:57', 0, 91),
(669, 'Silica', 76, '2016-05-25 22:18:06', '2016-05-25 22:19:03', 0, 91),
(670, 'SO3', 76, '2016-05-25 22:18:06', '2016-05-25 22:19:09', 0, 91),
(671, 'Sodium', 76, '2016-05-25 22:18:06', '2016-05-25 22:19:15', 0, 91),
(672, 'Aluminium', 77, '2016-05-25 22:26:17', '2016-05-25 22:26:30', 0, 91),
(673, 'Barium', 77, '2016-05-25 22:26:17', '2016-05-25 22:26:36', 0, 91),
(674, 'Boron', 77, '2016-05-25 22:26:17', '2016-05-25 22:26:41', 0, 91),
(675, 'Cadmium', 77, '2016-05-25 22:26:17', '2016-05-25 22:26:47', 0, 91),
(676, 'Calcium', 77, '2016-05-25 22:26:17', '2016-05-25 22:26:57', 0, 91),
(677, 'Chemical Composition', 77, '2016-05-25 22:26:17', '2016-05-25 22:27:05', 0, 91),
(678, 'Iron', 77, '2016-05-25 22:26:17', '2016-05-25 22:27:11', 0, 91),
(679, 'Lead', 77, '2016-05-25 22:26:17', '2016-05-25 22:27:17', 0, 91),
(680, 'LOI (Loss on Ignition)', 77, '2016-05-25 22:26:17', '2016-05-25 22:27:23', 0, 91),
(681, 'Magnesium', 77, '2016-05-25 22:26:17', '2016-05-25 22:27:28', 0, 91),
(682, 'Silica', 77, '2016-05-25 22:26:17', '2016-05-25 22:27:48', 0, 91),
(683, 'Mercury (Hg2O)', 77, '2016-05-25 22:26:17', '2016-05-25 22:27:35', 0, 91),
(684, 'Mercury (HgO)', 77, '2016-05-25 22:26:18', '2016-05-25 22:27:41', 0, 91),
(685, 'Viscosity', 78, '2016-05-25 22:28:23', '2016-05-25 22:28:31', 0, 91),
(686, 'Aluminium', 79, '2016-05-25 22:30:07', '2016-05-25 22:30:17', 0, 91),
(687, 'Calcium', 79, '2016-05-25 22:30:07', '2016-05-25 22:30:22', 0, 91),
(688, 'Iron', 79, '2016-05-25 22:30:07', '2016-05-25 22:30:27', 0, 91),
(689, 'LOI (Loss on Ignition)', 79, '2016-05-25 22:30:07', '2016-05-25 22:30:34', 0, 91),
(690, 'Magnesium', 79, '2016-05-25 22:30:07', '2016-05-25 22:30:39', 0, 91),
(691, 'Potassium', 79, '2016-05-25 22:30:07', '2016-05-25 22:30:46', 0, 91),
(692, 'Silica', 79, '2016-05-25 22:30:07', '2016-05-25 22:30:52', 0, 91),
(693, 'SO3', 79, '2016-05-25 22:30:07', '2016-05-25 22:30:57', 0, 91),
(694, 'Sodium', 79, '2016-05-25 22:30:07', '2016-05-25 22:31:04', 0, 91),
(695, 'Aluminium', 80, '2016-05-25 22:33:56', '2016-05-25 22:34:39', 0, 91),
(696, 'Arsenic', 80, '2016-05-25 22:33:56', '2016-05-25 22:34:45', 0, 91),
(697, 'Cadmium', 80, '2016-05-25 22:33:56', '2016-05-25 22:34:51', 0, 91),
(698, 'Calcium', 80, '2016-05-25 22:33:56', '2016-05-25 22:34:57', 0, 91),
(699, 'Chromium', 80, '2016-05-25 22:33:56', '2016-05-25 22:35:10', 0, 91),
(700, 'Copper', 80, '2016-05-25 22:33:56', '2016-05-25 22:35:16', 0, 91),
(701, 'Functional Group Analysis', 80, '2016-05-25 22:33:56', '2016-05-25 22:35:28', 0, 91),
(702, 'Iron', 80, '2016-05-25 22:33:56', '2016-05-25 22:37:05', 0, 91),
(703, 'Lead', 80, '2016-05-25 22:33:56', '2016-05-25 22:37:11', 0, 91),
(704, 'Magnesium', 80, '2016-05-25 22:33:56', '2016-05-25 22:37:17', 0, 91),
(705, 'Manganese', 80, '2016-05-25 22:33:56', '2016-05-25 22:37:22', 0, 91),
(706, 'Silicon', 80, '2016-05-25 22:33:56', '2016-05-25 22:37:28', 0, 91),
(707, 'Zinc', 80, '2016-05-25 22:33:56', '2016-05-25 22:37:36', 0, 91),
(708, 'Aluminium', 81, '2016-05-26 01:28:37', '2016-05-26 01:28:50', 0, 91),
(709, 'Barium', 81, '2016-05-26 01:28:37', '2016-05-26 01:28:56', 0, 91),
(710, 'Cadmium', 81, '2016-05-26 01:28:37', '2016-05-26 01:29:03', 0, 91),
(711, 'Calcium', 81, '2016-05-26 01:28:37', '2016-05-26 01:29:10', 0, 91),
(712, 'Lead', 81, '2016-05-26 01:28:37', '2016-05-26 01:29:17', 0, 91),
(713, 'Magnesium', 81, '2016-05-26 01:28:37', '2016-05-26 01:29:24', 0, 91),
(714, 'Mercury (Hg2O)', 81, '2016-05-26 01:28:37', '2016-05-26 01:29:30', 0, 91),
(715, 'Mercury (HgO)', 81, '2016-05-26 01:28:37', '2016-05-26 01:29:36', 0, 91),
(716, 'Silica', 81, '2016-05-26 01:28:37', '2016-05-26 01:29:42', 0, 91),
(717, 'Ash', 82, '2016-05-26 01:31:43', '2016-05-26 01:32:01', 0, 91),
(718, 'Bitumine', 82, '2016-05-26 01:31:43', '2016-05-26 01:32:06', 0, 91),
(719, 'Lead', 82, '2016-05-26 01:31:43', '2016-05-26 01:32:11', 0, 91),
(720, 'Partical Size', 82, '2016-05-26 01:31:43', '2016-05-26 01:32:17', 0, 91),
(721, 'Percent Purity', 82, '2016-05-26 01:31:43', '2016-05-26 01:32:23', 0, 91),
(722, 'Selenium', 82, '2016-05-26 01:31:43', '2016-05-26 01:32:30', 0, 91),
(723, 'Specific Gravity', 82, '2016-05-26 01:31:43', '2016-05-26 01:32:36', 0, 91),
(724, 'Tellurium', 82, '2016-05-26 01:31:43', '2016-05-26 01:32:42', 0, 91),
(725, 'Choloride', 83, '2016-05-26 01:35:47', '2016-05-26 01:38:20', 0, 91),
(726, 'Fluoride', 83, '2016-05-26 01:35:47', '2016-05-26 01:38:20', 0, 91),
(727, 'Gypsum', 83, '2016-05-26 01:35:47', '2016-05-26 01:38:20', 0, 91),
(728, 'Iron', 83, '2016-05-26 01:35:47', '2016-05-26 01:38:20', 0, 91),
(729, 'Magnesium', 83, '2016-05-26 01:35:47', '2016-05-26 01:38:20', 0, 91),
(730, 'Percent Purity', 83, '2016-05-26 01:35:47', '2016-05-26 01:38:20', 0, 91),
(731, 'Phosphorus', 83, '2016-05-26 01:35:47', '2016-05-26 01:38:20', 0, 91),
(732, 'R2O3', 83, '2016-05-26 01:35:47', '2016-05-26 01:38:20', 0, 91),
(733, 'Specific Gravity', 83, '2016-05-26 01:35:47', '2016-05-26 01:38:20', 0, 91),
(734, 'Sulphate', 83, '2016-05-26 01:35:47', '2016-05-26 01:38:20', 0, 91),
(735, 'TS', 83, '2016-05-26 01:38:20', '2016-05-26 01:38:27', 0, 91),
(736, 'Abrasion Resistance', 84, '2016-05-26 01:42:08', '2016-05-26 01:42:18', 0, 91),
(737, 'Length and Width', 84, '2016-05-26 01:42:08', '2016-05-26 01:42:24', 0, 91),
(738, 'Liner Thermal Expansion', 84, '2016-05-26 01:42:08', '2016-05-26 01:42:30', 0, 91),
(739, 'Modulus of Rupture', 84, '2016-05-26 01:42:08', '2016-05-26 01:42:38', 0, 91),
(740, 'Rectangularity', 84, '2016-05-26 01:42:08', '2016-05-26 01:42:44', 0, 91),
(741, 'Resistance to Chemical', 84, '2016-05-26 01:42:08', '2016-05-26 01:42:49', 0, 91),
(742, 'Scartch Hardness', 84, '2016-05-26 01:42:08', '2016-05-26 01:42:55', 0, 91),
(743, 'Thickness', 84, '2016-05-26 01:42:08', '2016-05-26 01:43:01', 0, 91),
(744, 'Water Absorption', 84, '2016-05-26 01:42:08', '2016-05-26 01:43:07', 0, 91),
(745, 'Viscosity', 85, '2016-05-26 01:46:03', '2016-05-26 01:46:10', 0, 91),
(746, 'Ferric oxide', 86, '2016-05-26 01:47:01', '2016-05-26 01:47:12', 0, 91),
(747, 'Silica', 86, '2016-05-26 01:47:01', '2016-05-26 01:47:18', 0, 91),
(748, 'Zinc', 86, '2016-05-26 01:47:01', '2016-05-26 01:47:23', 0, 91),
(749, 'Ferric oxide', 87, '2016-05-26 01:49:36', '2016-05-26 01:49:42', 0, 91),
(750, 'Silica', 87, '2016-05-26 01:49:36', '2016-05-26 01:49:48', 0, 91),
(751, 'Zinc', 87, '2016-05-26 01:49:36', '2016-05-26 01:49:54', 0, 91),
(752, 'Aluminium', 50, '2016-05-29 23:07:04', '2016-05-29 23:07:22', 0, 91),
(753, 'Barium', 50, '2016-05-29 23:07:04', '2016-05-29 23:07:28', 0, 91),
(754, 'Boron', 50, '2016-05-29 23:07:04', '2016-05-29 23:07:34', 0, 91),
(755, 'Cadmium', 50, '2016-05-29 23:07:04', '2016-05-29 23:07:40', 0, 91),
(756, 'Calcium', 50, '2016-05-29 23:07:04', '2016-05-29 23:07:46', 0, 91),
(757, 'Chemical Composition', 50, '2016-05-29 23:07:04', '2016-05-29 23:07:52', 0, 91),
(758, 'Phase Analysis', 88, '2016-05-29 23:09:12', '2016-05-29 23:10:20', 0, 91),
(759, 'Chemical Composition', 89, '2016-05-29 23:11:13', '2016-05-29 23:11:21', 0, 91),
(760, 'Aluminium', 90, '2016-05-29 23:16:10', '2016-05-29 23:16:26', 0, 91),
(761, 'Antimony', 90, '2016-05-29 23:16:10', '2016-05-29 23:16:32', 0, 91),
(762, 'Arsenic', 90, '2016-05-29 23:16:10', '2016-05-29 23:16:38', 0, 91),
(763, 'Barium', 90, '2016-05-29 23:16:10', '2016-05-29 23:16:44', 0, 91),
(764, 'Bismuth', 90, '2016-05-29 23:16:10', '2016-05-29 23:16:52', 0, 91),
(765, 'Boron', 90, '2016-05-29 23:16:10', '2016-05-29 23:17:23', 0, 91),
(766, 'Cadmium', 90, '2016-05-29 23:16:10', '2016-05-29 23:17:30', 0, 91),
(767, 'Calcium', 90, '2016-05-29 23:16:10', '2016-05-29 23:17:53', 0, 91),
(768, 'Chromium', 90, '2016-05-29 23:16:10', '2016-05-29 23:18:03', 0, 91),
(769, 'Cobalt', 90, '2016-05-29 23:16:10', '2016-05-29 23:18:10', 0, 91),
(770, 'Copper', 90, '2016-05-29 23:16:10', '2016-05-29 23:18:23', 0, 91),
(771, 'Gold', 90, '2016-05-29 23:16:10', '2016-05-29 23:18:29', 0, 91),
(772, 'Iron', 90, '2016-05-29 23:16:10', '2016-05-29 23:18:34', 0, 91),
(773, 'Lead', 90, '2016-05-29 23:16:10', '2016-05-29 23:18:41', 0, 91),
(774, 'Magnesium', 90, '2016-05-29 23:16:10', '2016-05-29 23:18:47', 0, 91),
(775, 'Manganese', 90, '2016-05-29 23:16:10', '2016-05-29 23:18:53', 0, 91),
(776, 'Mercury', 90, '2016-05-29 23:16:10', '2016-05-29 23:19:01', 0, 91),
(777, 'Nickel', 90, '2016-05-29 23:16:10', '2016-05-29 23:19:42', 0, 91),
(778, 'Phase Analysis', 90, '2016-05-29 23:16:10', '2016-05-29 23:19:36', 0, 91),
(779, 'Phosphorus', 90, '2016-05-29 23:16:10', '2016-05-29 23:19:52', 0, 91),
(780, 'Platinum', 90, '2016-05-29 23:16:10', '2016-05-29 23:19:58', 0, 91),
(781, 'Potassium', 90, '2016-05-29 23:16:10', '2016-05-29 23:20:05', 0, 91),
(782, 'Silica', 90, '2016-05-29 23:16:10', '2016-05-29 23:20:12', 0, 91),
(783, 'Silver', 90, '2016-05-29 23:16:10', '2016-05-29 23:20:18', 0, 91),
(784, 'Tantalum', 90, '2016-05-29 23:16:10', '2016-05-29 23:20:23', 0, 91),
(785, 'Tin', 90, '2016-05-29 23:16:10', '2016-05-29 23:20:29', 0, 91),
(786, 'Titanium', 90, '2016-05-29 23:16:10', '2016-05-29 23:20:34', 0, 91),
(787, 'Uranium', 90, '2016-05-29 23:16:10', '2016-05-29 23:20:40', 0, 91),
(788, 'Zinc', 90, '2016-05-29 23:16:10', '2016-05-29 23:20:46', 0, 91),
(789, 'Zirconium', 90, '2016-05-29 23:16:10', '2016-05-29 23:20:52', 0, 91),
(790, 'Aluminium', 91, '2016-05-29 23:23:30', '2016-05-29 23:25:20', 0, 91),
(791, 'Choloride', 91, '2016-05-29 23:23:30', '2016-05-29 23:25:31', 0, 91),
(792, 'Density', 91, '2016-05-29 23:23:30', '2016-05-29 23:25:38', 0, 91),
(793, 'Free Acid', 91, '2016-05-29 23:23:30', '2016-05-29 23:25:46', 0, 91),
(794, 'Insoluble Substance', 91, '2016-05-29 23:23:30', '2016-05-29 23:25:59', 0, 91),
(795, 'Iron', 91, '2016-05-29 23:23:30', '2016-05-29 23:26:09', 0, 91),
(796, 'Moisture', 91, '2016-05-29 23:23:30', '2016-05-29 23:27:46', 0, 91),
(797, 'pH', 91, '2016-05-29 23:23:30', '2016-05-29 23:27:51', 0, 91),
(798, 'Physical Test', 91, '2016-05-29 23:23:30', '2016-05-29 23:28:00', 0, 91),
(799, 'Potassium', 91, '2016-05-29 23:23:30', '2016-05-29 23:28:09', 0, 91),
(800, 'Purity', 91, '2016-05-29 23:23:30', '2016-05-29 23:28:20', 0, 91),
(801, 'Silica', 91, '2016-05-29 23:23:30', '2016-05-29 23:28:31', 0, 91),
(802, 'Sulphate', 91, '2016-05-29 23:23:30', '2016-05-29 23:28:37', 0, 91),
(803, 'Water Molecule', 91, '2016-05-29 23:23:30', '2016-05-29 23:28:43', 0, 91),
(804, 'Percent Purity', 92, '2016-05-29 23:30:16', '2016-05-29 23:30:26', 0, 91),
(805, 'Percent Purity', 92, '2016-05-29 23:30:16', '2016-05-29 23:30:37', 0, 91),
(806, 'Percent Purity', 92, '2016-05-29 23:30:16', '2016-05-29 23:31:13', 0, 91),
(807, 'Specific Gravity', 92, '2016-05-29 23:30:16', '2016-05-29 23:31:50', 0, 91),
(808, 'Specific Gravity', 92, '2016-05-29 23:30:16', '2016-05-29 23:31:58', 0, 91),
(809, 'Specific Gravity', 92, '2016-05-29 23:30:16', '2016-05-29 23:30:16', 0, 0),
(810, 'Antimony', 93, '2016-05-29 23:34:27', '2016-05-29 23:34:40', 0, 91),
(811, 'Arsenic', 93, '2016-05-29 23:34:27', '2016-05-29 23:34:47', 0, 91),
(812, 'Copper', 93, '2016-05-29 23:34:27', '2016-05-29 23:34:52', 0, 91),
(813, 'Iron', 93, '2016-05-29 23:34:27', '2016-05-29 23:35:02', 0, 91),
(814, 'Lead', 93, '2016-05-29 23:34:27', '2016-05-29 23:35:12', 0, 91),
(815, 'Percent Purity', 93, '2016-05-29 23:34:27', '2016-05-29 23:35:20', 0, 91),
(816, 'Silver', 93, '2016-05-29 23:34:27', '2016-05-29 23:35:29', 0, 91),
(817, 'Tin', 93, '2016-05-29 23:34:27', '2016-05-29 23:35:38', 0, 91),
(818, 'Zinc', 93, '2016-05-29 23:34:27', '2016-05-29 23:35:47', 0, 91),
(819, 'Aluminium', 94, '2016-05-29 23:40:14', '2016-05-29 23:40:31', 0, 91),
(820, 'Calcium', 94, '2016-05-29 23:40:14', '2016-05-29 23:40:39', 0, 91),
(821, 'Chemical Composition', 94, '2016-05-29 23:40:14', '2016-05-29 23:41:04', 0, 91),
(822, 'Iron', 94, '2016-05-29 23:40:14', '2016-05-29 23:41:25', 0, 91),
(823, 'LOI (Loss on Ignition)', 94, '2016-05-29 23:40:14', '2016-05-29 23:41:32', 0, 91),
(824, 'Magnesium', 94, '2016-05-29 23:40:14', '2016-05-29 23:41:38', 0, 91),
(825, 'Potassium', 94, '2016-05-29 23:40:14', '2016-05-29 23:41:44', 0, 91),
(826, 'Silica', 94, '2016-05-29 23:40:14', '2016-05-29 23:41:50', 0, 91),
(827, 'SO3', 94, '2016-05-29 23:40:14', '2016-05-29 23:41:56', 0, 91),
(828, 'Sodium', 94, '2016-05-29 23:40:14', '2016-05-29 23:42:02', 0, 91),
(829, 'Density', 95, '2016-05-29 23:43:40', '2016-05-29 23:43:51', 0, 91),
(830, 'Insoluble Part', 95, '2016-05-29 23:43:40', '2016-05-29 23:43:57', 0, 91),
(831, 'Iron', 95, '2016-05-29 23:43:40', '2016-05-29 23:44:05', 0, 91),
(832, 'LOI (Loss on Ignition)', 95, '2016-05-29 23:43:40', '2016-05-29 23:44:10', 0, 91),
(833, 'Moisture', 95, '2016-05-29 23:43:40', '2016-05-29 23:44:16', 0, 91),
(834, 'Oil Absorption Value', 95, '2016-05-29 23:43:40', '2016-05-29 23:44:22', 0, 91),
(835, 'Partical Size', 95, '2016-05-29 23:43:40', '2016-05-29 23:44:28', 0, 91),
(836, 'Percent Purity', 95, '2016-05-29 23:43:40', '2016-05-29 23:44:34', 0, 91),
(837, 'Silica', 95, '2016-05-29 23:43:40', '2016-05-29 23:44:40', 0, 91),
(838, 'Aluminium', 96, '2016-05-29 23:46:19', '2016-05-29 23:46:52', 0, 91),
(839, 'Calcium', 96, '2016-05-29 23:46:19', '2016-05-29 23:46:58', 0, 91),
(840, 'Insoluble Residue (IR)', 96, '2016-05-29 23:46:19', '2016-05-29 23:47:05', 0, 91),
(841, 'Iron', 96, '2016-05-29 23:46:19', '2016-05-29 23:47:12', 0, 91),
(842, 'Magnesium', 96, '2016-05-29 23:46:19', '2016-05-29 23:47:18', 0, 91),
(843, 'Silica', 96, '2016-05-29 23:46:19', '2016-05-29 23:47:25', 0, 91),
(844, 'SO3', 96, '2016-05-29 23:46:19', '2016-05-29 23:47:31', 0, 91),
(845, 'Aluminium', 97, '2016-05-29 23:50:26', '2016-05-29 23:50:40', 0, 91),
(846, 'Boron', 97, '2016-05-29 23:50:26', '2016-05-29 23:50:46', 0, 91),
(847, 'Cadmium', 97, '2016-05-29 23:50:26', '2016-05-29 23:50:53', 0, 91),
(848, 'Calcium', 97, '2016-05-29 23:50:26', '2016-05-29 23:50:59', 0, 91),
(849, 'Lead', 97, '2016-05-29 23:50:26', '2016-05-29 23:51:05', 0, 91),
(850, 'Magnesium', 97, '2016-05-29 23:50:26', '2016-05-29 23:51:13', 0, 91),
(851, 'Mercury (Hg2O)', 97, '2016-05-29 23:50:26', '2016-05-29 23:51:18', 0, 91),
(852, 'Mercury (HgO)', 97, '2016-05-29 23:50:26', '2016-05-29 23:51:25', 0, 91),
(853, 'Silica', 97, '2016-05-29 23:50:26', '2016-05-29 23:51:31', 0, 91),
(854, 'Aluminium', 98, '2016-05-29 23:53:53', '2016-05-29 23:54:04', 0, 91),
(855, 'Calcium', 98, '2016-05-29 23:53:53', '2016-05-29 23:54:10', 0, 91),
(856, 'Chemical Composition', 98, '2016-05-29 23:53:53', '2016-05-29 23:54:16', 0, 91),
(857, 'Density (Bulk)', 98, '2016-05-29 23:53:53', '2016-05-29 23:54:22', 0, 91),
(858, 'Efflorescence Test', 98, '2016-05-29 23:53:53', '2016-05-29 23:54:27', 0, 91),
(859, 'Iron', 98, '2016-05-29 23:53:53', '2016-05-29 23:54:33', 0, 91),
(860, 'LOI (Loss on Ignition)', 98, '2016-05-29 23:53:53', '2016-05-29 23:54:39', 0, 91),
(861, 'Magnesium', 98, '2016-05-29 23:53:53', '2016-05-29 23:54:45', 0, 91),
(862, 'Porosity (Apparent)', 98, '2016-05-29 23:53:53', '2016-05-29 23:54:50', 0, 91),
(863, 'Potassium', 98, '2016-05-29 23:53:53', '2016-05-29 23:54:56', 0, 91),
(864, 'Silica', 98, '2016-05-29 23:53:53', '2016-05-29 23:55:02', 0, 91),
(865, 'SO3', 98, '2016-05-29 23:53:53', '2016-05-29 23:55:08', 0, 91),
(866, 'Sodium', 98, '2016-05-29 23:53:53', '2016-05-29 23:55:14', 0, 91),
(867, 'Cadmium', 99, '2016-05-29 23:57:24', '2016-05-29 23:57:35', 0, 91),
(868, 'Choloride', 99, '2016-05-29 23:57:24', '2016-05-29 23:57:46', 0, 91),
(869, 'Lead', 99, '2016-05-29 23:57:24', '2016-05-29 23:57:51', 0, 91),
(870, 'Magnesium', 99, '2016-05-29 23:57:24', '2016-05-29 23:57:57', 0, 91),
(871, 'Moisture', 99, '2016-05-29 23:57:24', '2016-05-29 23:58:03', 0, 91),
(872, 'Percent Purity', 99, '2016-05-29 23:57:24', '2016-05-29 23:58:09', 0, 91),
(873, 'Sodium', 99, '2016-05-29 23:57:24', '2016-05-29 23:58:14', 0, 91),
(874, 'Specific Gravity', 99, '2016-05-29 23:57:24', '2016-05-29 23:58:20', 0, 91),
(875, 'Water Molecule', 99, '2016-05-29 23:57:24', '2016-05-29 23:58:26', 0, 91),
(876, 'Aluminium', 100, '2016-05-29 23:59:57', '2016-05-30 00:00:10', 0, 91),
(877, 'Calcium', 100, '2016-05-29 23:59:57', '2016-05-30 00:00:16', 0, 91),
(878, 'Iron', 100, '2016-05-29 23:59:57', '2016-05-30 00:00:22', 0, 91),
(879, 'LOI (Loss on Ignition)', 100, '2016-05-29 23:59:57', '2016-05-30 00:00:27', 0, 91),
(880, 'Magnesium', 100, '2016-05-29 23:59:57', '2016-05-30 00:00:33', 0, 91),
(881, 'Potassium', 100, '2016-05-29 23:59:57', '2016-05-30 00:00:40', 0, 91),
(882, 'Silica', 100, '2016-05-29 23:59:57', '2016-05-30 00:00:45', 0, 91),
(883, 'SO3', 100, '2016-05-29 23:59:57', '2016-05-30 00:00:51', 0, 91),
(884, 'Sodium', 100, '2016-05-29 23:59:57', '2016-05-30 00:00:56', 0, 91),
(885, 'Impurities', 101, '2016-05-30 00:02:01', '2016-05-30 00:02:12', 0, 91),
(886, 'Percent Purity', 101, '2016-05-30 00:02:01', '2016-05-30 00:02:21', 0, 91),
(887, 'Specific Gravity', 101, '2016-05-30 00:02:01', '2016-05-30 00:02:32', 0, 91),
(888, 'Alumina', 102, '2016-05-30 00:23:40', '2016-06-01 22:44:20', 0, 91),
(889, 'Aluminium', 102, '2016-05-30 00:23:40', '2016-06-01 22:44:20', 0, 91),
(890, 'C2S', 102, '2016-05-30 00:23:40', '2016-06-01 22:44:20', 0, 91),
(891, 'C3A', 102, '2016-05-30 00:23:40', '2016-06-01 22:44:20', 0, 91),
(892, 'C3S', 102, '2016-05-30 00:23:40', '2016-06-01 22:44:20', 0, 91),
(893, 'C4AF', 102, '2016-05-30 00:23:40', '2016-06-01 22:44:20', 0, 91),
(894, 'Calcium', 102, '2016-05-30 00:23:40', '2016-06-01 22:44:20', 0, 91),
(895, 'Choloride', 102, '2016-05-30 00:23:40', '2016-06-01 22:44:20', 0, 91),
(896, 'Compressive Strenght : 3, 7 and 28 Days', 102, '2016-05-30 00:23:40', '2016-06-01 22:44:20', 0, 91),
(897, 'Density (Bulk)', 102, '2016-05-30 00:23:40', '2016-06-01 22:44:20', 0, 91),
(898, 'Fineness', 102, '2016-05-30 00:23:40', '2016-06-01 22:44:20', 0, 91),
(899, 'Free Lime', 102, '2016-05-30 00:23:40', '2016-06-01 22:44:20', 0, 91),
(900, 'HM', 102, '2016-05-30 00:23:40', '2016-06-01 22:44:20', 0, 91),
(901, 'Insoluble Residue (IR)', 102, '2016-05-30 00:23:40', '2016-06-01 22:44:20', 0, 91),
(902, 'IR and SO3', 102, '2016-05-30 00:23:40', '2016-06-01 22:44:20', 0, 91),
(903, 'Iron', 102, '2016-05-30 00:23:40', '2016-06-01 22:44:20', 0, 91),
(904, 'LOI (Loss on Ignition)', 102, '2016-05-30 00:23:40', '2016-06-01 22:44:20', 0, 91),
(905, 'LSF', 102, '2016-05-30 00:23:40', '2016-06-01 22:44:20', 0, 91),
(906, 'Magnesium', 102, '2016-05-30 00:23:40', '2016-06-01 22:44:20', 0, 91),
(907, 'Magnesium', 102, '2016-05-30 00:23:40', '2016-06-01 22:44:20', 0, 91),
(908, 'Moisture', 102, '2016-05-30 00:23:40', '2016-06-01 22:44:20', 0, 91),
(909, 'Phosphorus', 102, '2016-05-30 00:23:40', '2016-06-01 22:44:20', 0, 91),
(910, 'Porosity (Apparent)', 102, '2016-05-30 00:23:40', '2016-06-01 22:44:20', 0, 91),
(911, 'Potassium', 102, '2016-05-30 00:23:40', '2016-06-01 22:44:20', 0, 91),
(912, 'Setting Time', 102, '2016-05-30 00:23:40', '2016-06-01 22:44:20', 0, 91),
(913, 'Silica', 102, '2016-05-30 00:23:40', '2016-06-01 22:44:20', 0, 91),
(914, 'SM', 102, '2016-05-30 00:23:40', '2016-06-01 22:44:20', 0, 91),
(915, 'SO3', 102, '2016-05-30 00:23:40', '2016-06-01 22:44:20', 0, 91),
(916, 'Sodium', 102, '2016-05-30 00:23:40', '2016-06-01 22:44:20', 0, 91),
(917, 'Total Alkalies', 102, '2016-05-30 00:23:40', '2016-06-01 22:44:20', 0, 91),
(918, 'Cadmium', 103, '2016-05-30 00:30:43', '2016-05-30 00:30:50', 0, 91),
(919, 'Lead', 103, '2016-05-30 00:30:43', '2016-05-30 00:30:59', 0, 91),
(920, 'Aluminium', 104, '2016-05-30 03:38:30', '2016-05-30 03:38:47', 0, 91),
(921, 'Barium', 104, '2016-05-30 03:38:30', '2016-05-30 03:39:01', 0, 91),
(922, 'Cadmium', 104, '2016-05-30 03:38:30', '2016-05-30 03:39:38', 0, 91),
(923, 'Calcium', 104, '2016-05-30 03:38:30', '2016-05-30 03:39:44', 0, 91),
(924, 'Lead', 104, '2016-05-30 03:38:30', '2016-05-30 03:39:49', 0, 91),
(925, 'Magnesium', 104, '2016-05-30 03:38:30', '2016-05-30 03:39:56', 0, 91),
(926, 'Mercury (Hg2O)', 104, '2016-05-30 03:38:30', '2016-05-30 03:40:02', 0, 91),
(927, 'Mercury (HgO)', 104, '2016-05-30 03:38:30', '2016-05-30 03:40:08', 0, 91),
(928, 'Silica', 104, '2016-05-30 03:38:30', '2016-05-30 03:40:14', 0, 91),
(929, 'Aluminium', 105, '2016-05-30 03:45:23', '2016-05-30 03:46:05', 0, 91),
(930, 'Ash', 105, '2016-05-30 03:45:23', '2016-05-30 03:46:11', 0, 91),
(931, 'Barium', 105, '2016-05-30 03:45:23', '2016-05-30 03:46:17', 0, 91),
(932, 'Chemical Composition', 105, '2016-05-30 03:45:23', '2016-05-30 03:46:23', 0, 91),
(933, 'Iron', 105, '2016-05-30 03:45:23', '2016-05-30 03:46:28', 0, 91),
(934, 'Magnesium', 105, '2016-05-30 03:45:23', '2016-05-30 03:46:46', 0, 91),
(935, 'Mostuire', 105, '2016-05-30 03:45:23', '2016-05-30 03:46:55', 0, 91),
(936, 'Potassium', 105, '2016-05-30 03:45:23', '2016-05-30 03:47:00', 0, 91),
(937, 'Silica', 105, '2016-05-30 03:45:23', '2016-05-30 03:47:05', 0, 91),
(938, 'Sodium', 105, '2016-05-30 03:45:23', '2016-05-30 03:47:11', 0, 91),
(939, 'Titanium', 105, '2016-05-30 03:45:23', '2016-05-30 03:47:17', 0, 91),
(940, 'Bending Strength', 106, '2016-06-01 00:21:15', '2016-06-01 00:21:48', 0, 91),
(941, 'Barium', 106, '2016-06-01 00:21:15', '2016-06-01 00:21:36', 0, 91),
(942, 'MOR', 106, '2016-06-01 00:21:15', '2016-06-01 00:21:58', 0, 91),
(943, 'Plasticity', 106, '2016-06-01 00:21:15', '2016-06-01 00:22:05', 0, 91),
(944, 'Shrinkage', 106, '2016-06-01 00:21:15', '2016-06-01 00:22:12', 0, 91),
(945, 'Thermal Analysis', 106, '2016-06-01 00:21:15', '2016-06-01 00:22:21', 0, 91),
(946, 'Water Absorption', 106, '2016-06-01 00:21:15', '2016-06-01 00:22:29', 0, 91),
(947, 'Aluminium', 107, '2016-06-01 00:25:04', '2016-06-01 00:25:22', 0, 91),
(948, 'Cadmium', 107, '2016-06-01 00:25:04', '2016-06-01 00:25:45', 0, 91),
(949, 'Calcium', 107, '2016-06-01 00:25:04', '2016-06-01 00:25:53', 0, 91),
(950, 'Iron', 107, '2016-06-01 00:25:05', '2016-06-01 00:26:01', 0, 91),
(951, 'Lead', 107, '2016-06-01 00:25:05', '2016-06-01 00:26:10', 0, 91),
(952, 'LOI (Loss on Ignition)', 107, '2016-06-01 00:25:05', '2016-06-01 00:26:18', 0, 91),
(953, 'Magnesium', 107, '2016-06-01 00:25:05', '2016-06-01 00:26:31', 0, 91),
(954, 'Mercury (Hg2O)', 107, '2016-06-01 00:25:05', '2016-06-01 00:26:40', 0, 91),
(955, 'Mercury (HgO)', 107, '2016-06-01 00:25:05', '2016-06-01 00:26:51', 0, 91),
(956, 'Phase Analysis', 107, '2016-06-01 00:25:05', '2016-06-01 00:27:02', 0, 91),
(957, 'Silica', 107, '2016-06-01 00:25:05', '2016-06-01 00:27:20', 0, 91),
(958, 'Barium', 107, '2016-06-01 00:25:05', '2016-06-01 00:25:36', 0, 91),
(959, 'Lead and Cadmium', 108, '2016-06-01 02:32:15', '2016-06-01 02:33:07', 0, 91),
(960, 'Barium', 108, '2016-06-01 02:32:15', '2016-06-01 02:32:32', 0, 91),
(961, 'Cadmium', 108, '2016-06-01 02:32:15', '2016-06-01 02:32:44', 0, 91),
(962, 'Lead', 108, '2016-06-01 02:32:15', '2016-06-01 02:32:54', 0, 91),
(963, 'Basicity', 109, '2016-06-01 02:34:18', '2016-06-01 02:34:30', 0, 91),
(964, 'Chromium', 109, '2016-06-01 02:34:18', '2016-06-01 02:34:36', 0, 91),
(965, 'Moisture', 109, '2016-06-01 02:34:18', '2016-06-01 02:34:42', 0, 91),
(966, 'Silica', 109, '2016-06-01 02:34:18', '2016-06-01 02:34:48', 0, 91),
(967, 'Aluminium', 110, '2016-06-01 02:37:09', '2016-06-01 02:37:18', 0, 91),
(968, 'Barium', 110, '2016-06-01 02:37:09', '2016-06-01 02:37:25', 0, 91),
(969, 'Boron', 110, '2016-06-01 02:37:09', '2016-06-01 02:37:31', 0, 91),
(970, 'Cadmium', 110, '2016-06-01 02:37:09', '2016-06-01 02:37:36', 0, 91),
(971, 'Calcium', 110, '2016-06-01 02:37:09', '2016-06-01 02:37:44', 0, 91),
(972, 'Chemical Composition', 110, '2016-06-01 02:37:09', '2016-06-01 02:37:50', 0, 91),
(973, 'Iron', 110, '2016-06-01 02:37:09', '2016-06-01 02:37:56', 0, 91),
(974, 'Lead', 110, '2016-06-01 02:37:09', '2016-06-01 02:38:02', 0, 91),
(975, 'LOI (Loss on Ignition)', 110, '2016-06-01 02:37:09', '2016-06-01 02:38:08', 0, 91),
(976, 'Magnesium', 110, '2016-06-01 02:37:09', '2016-06-01 02:38:14', 0, 91),
(977, 'Mercury (Hg2O)', 110, '2016-06-01 02:37:09', '2016-06-01 02:38:20', 0, 91),
(978, 'Mercury (HgO)', 110, '2016-06-01 02:37:09', '2016-06-01 02:38:26', 0, 91),
(979, 'Silica', 110, '2016-06-01 02:37:09', '2016-06-01 02:38:32', 0, 91),
(980, 'Cadmium', 111, '2016-06-01 02:40:26', '2016-06-01 02:40:46', 0, 91),
(981, 'Choloride', 111, '2016-06-01 02:40:26', '2016-06-01 02:40:56', 0, 91),
(982, 'Lead', 111, '2016-06-01 02:40:26', '2016-06-01 02:41:05', 0, 91),
(983, 'Magnesium', 111, '2016-06-01 02:40:26', '2016-06-01 02:41:11', 0, 91),
(984, 'Moisture', 111, '2016-06-01 02:40:26', '2016-06-01 02:41:17', 0, 91),
(985, 'Percent Purity', 111, '2016-06-01 02:40:26', '2016-06-01 02:41:23', 0, 91),
(986, 'Sodium', 111, '2016-06-01 02:40:26', '2016-06-01 02:41:30', 0, 91),
(987, 'Specific Gravity', 111, '2016-06-01 02:40:26', '2016-06-01 02:41:35', 0, 91),
(988, 'Water Molecule', 111, '2016-06-01 02:40:26', '2016-06-01 02:41:42', 0, 91),
(989, 'Cadmium', 112, '2016-06-01 02:44:08', '2016-06-01 02:44:24', 0, 91),
(990, 'Lead', 112, '2016-06-01 02:44:08', '2016-06-01 02:44:29', 0, 91),
(991, 'Moisture', 112, '2016-06-01 02:44:08', '2016-06-01 02:44:35', 0, 91),
(992, 'Nitrogen', 112, '2016-06-01 02:44:08', '2016-06-01 02:44:41', 0, 91),
(993, 'Partical Size', 112, '2016-06-01 02:44:08', '2016-06-01 02:44:47', 0, 91),
(994, 'Percent Purity', 112, '2016-06-01 02:44:08', '2016-06-01 02:44:54', 0, 91),
(995, 'Phosphorus', 112, '2016-06-01 02:44:08', '2016-06-01 02:45:01', 0, 91),
(996, 'Specific Gravity', 112, '2016-06-01 02:44:08', '2016-06-01 02:45:07', 0, 91),
(997, 'Aluminium', 113, '2016-06-01 02:49:49', '2016-06-01 02:50:03', 0, 91),
(998, 'Calcium', 113, '2016-06-01 02:49:49', '2016-06-01 02:50:16', 0, 91),
(999, 'Iron', 113, '2016-06-01 02:49:49', '2016-06-01 02:50:22', 0, 91),
(1000, 'Phosphorus', 113, '2016-06-01 02:49:49', '2016-06-01 02:50:28', 0, 91),
(1001, 'Sodium', 113, '2016-06-01 02:49:49', '2016-06-01 02:50:35', 0, 91),
(1002, 'Aluminium', 114, '2016-06-01 02:52:44', '2016-06-01 02:52:58', 0, 91),
(1003, 'Barium', 114, '2016-06-01 02:52:44', '2016-06-01 02:53:04', 0, 91),
(1004, 'Boron', 114, '2016-06-01 02:52:44', '2016-06-01 02:53:10', 0, 91),
(1005, 'Cadmium', 114, '2016-06-01 02:52:44', '2016-06-01 02:53:18', 0, 91),
(1006, 'Calcium', 114, '2016-06-01 02:52:44', '2016-06-01 02:53:25', 0, 91),
(1007, 'Chemical Composition', 114, '2016-06-01 02:52:44', '2016-06-01 02:53:32', 0, 91),
(1008, 'Chemical Composition', 114, '2016-06-01 02:52:44', '2016-06-01 02:53:44', 0, 91),
(1009, 'Iron', 114, '2016-06-01 02:52:44', '2016-06-01 02:53:51', 0, 91),
(1010, 'Lead', 114, '2016-06-01 02:52:44', '2016-06-01 02:53:58', 0, 91),
(1011, 'LOI (Loss on Ignition)', 114, '2016-06-01 02:52:44', '2016-06-01 02:54:03', 0, 91),
(1012, 'Magnesium', 114, '2016-06-01 02:52:44', '2016-06-01 02:54:09', 0, 91),
(1013, 'Mercury (Hg2O)', 114, '2016-06-01 02:52:44', '2016-06-01 02:54:16', 0, 91),
(1014, 'Mercury (HgO)', 114, '2016-06-01 02:52:44', '2016-06-01 02:54:21', 0, 91),
(1015, 'Silica', 114, '2016-06-01 02:52:44', '2016-06-01 02:54:28', 0, 91),
(1016, 'Lead acetate Basic', 115, '2016-06-01 02:55:37', '2016-06-01 02:55:47', 0, 91),
(1017, 'Lead Oxide', 115, '2016-06-01 02:55:37', '2016-06-01 02:55:56', 0, 91),
(1018, 'Specific Gravity', 115, '2016-06-01 02:55:37', '2016-06-01 02:56:10', 0, 91),
(1019, 'Aluminium', 116, '2016-06-01 02:58:34', '2016-06-01 02:58:46', 0, 91),
(1020, 'Barium', 116, '2016-06-01 02:58:34', '2016-06-01 02:58:52', 0, 91),
(1021, 'Cadmium', 116, '2016-06-01 02:58:34', '2016-06-01 02:58:58', 0, 91),
(1022, 'Calcium', 116, '2016-06-01 02:58:34', '2016-06-01 02:59:04', 0, 91),
(1023, 'Lead', 116, '2016-06-01 02:58:34', '2016-06-01 02:59:09', 0, 91),
(1024, 'Magnesium', 116, '2016-06-01 02:58:34', '2016-06-01 02:59:15', 0, 91),
(1025, 'Mercury (Hg2O)', 116, '2016-06-01 02:58:34', '2016-06-01 02:59:21', 0, 91),
(1026, 'Mercury (HgO)', 116, '2016-06-01 02:58:34', '2016-06-01 02:59:26', 0, 91),
(1027, 'Silica', 116, '2016-06-01 02:58:34', '2016-06-01 02:59:37', 0, 91),
(1028, 'Aluminium', 117, '2016-06-01 03:01:32', '2016-06-01 03:01:46', 0, 91),
(1029, 'Barium', 117, '2016-06-01 03:01:32', '2016-06-01 03:01:59', 0, 91),
(1030, 'Boron (B2O3)', 117, '2016-06-01 03:01:32', '2016-06-01 03:02:15', 0, 91),
(1031, 'Cadmium', 117, '2016-06-01 03:01:32', '2016-06-01 03:02:21', 0, 91),
(1032, 'Calcium', 117, '2016-06-01 03:01:32', '2016-06-01 03:02:27', 0, 91),
(1033, 'Lead', 117, '2016-06-01 03:01:32', '2016-06-01 03:02:32', 0, 91),
(1034, 'Magnesium', 117, '2016-06-01 03:01:32', '2016-06-01 03:02:38', 0, 91),
(1035, 'Mercury (Hg2O)', 117, '2016-06-01 03:01:32', '2016-06-01 03:02:44', 0, 91),
(1036, 'Mercury (HgO)', 117, '2016-06-01 03:01:32', '2016-06-01 03:02:52', 0, 91),
(1037, 'Silica', 117, '2016-06-01 03:01:32', '2016-06-01 03:02:59', 0, 91),
(1038, 'Aluminium', 118, '2016-06-01 03:05:26', '2016-06-01 03:05:37', 0, 91),
(1039, 'Boron', 118, '2016-06-01 03:05:26', '2016-06-01 03:05:43', 0, 91),
(1040, 'Cadmium', 118, '2016-06-01 03:05:26', '2016-06-01 03:05:50', 0, 91),
(1041, 'Calcium', 118, '2016-06-01 03:05:26', '2016-06-01 03:05:55', 0, 91),
(1042, 'Lead', 118, '2016-06-01 03:05:26', '2016-06-01 03:06:02', 0, 91),
(1043, 'Magnesium', 118, '2016-06-01 03:05:26', '2016-06-01 03:06:07', 0, 91),
(1044, 'Mercury (Hg2O)', 118, '2016-06-01 03:05:26', '2016-06-01 03:06:13', 0, 91),
(1045, 'Mercury (HgO)', 118, '2016-06-01 03:05:26', '2016-06-01 03:06:18', 0, 91),
(1046, 'Silica', 118, '2016-06-01 03:05:26', '2016-06-01 03:06:31', 0, 91);

-- --------------------------------------------------------

--
-- Table structure for table `tbl_test_name`
--

CREATE TABLE `tbl_test_name` (
  `tst_id` int(10) UNSIGNED NOT NULL,
  `tst_name` varchar(255) COLLATE utf8_unicode_ci NOT NULL,
  `created_at` timestamp NOT NULL DEFAULT '0000-00-00 00:00:00',
  `updated_at` timestamp NOT NULL DEFAULT '0000-00-00 00:00:00',
  `is_locked` int(11) NOT NULL,
  `updated_by` int(11) NOT NULL
) ENGINE=InnoDB DEFAULT CHARSET=utf8 COLLATE=utf8_unicode_ci;

--
-- Dumping data for table `tbl_test_name`
--

INSERT INTO `tbl_test_name` (`tst_id`, `tst_name`, `created_at`, `updated_at`, `is_locked`, `updated_by`) VALUES
(1, 'Metal-Metal Alloy: Ferrous (Iron/Steel/Cast Iron/Stainless Steel)', '2016-05-16 22:46:30', '2016-05-16 22:52:19', 0, 91),
(2, 'Ceramic', '2016-05-16 23:37:19', '2016-05-16 23:39:54', 0, 91),
(3, 'Packaging Material', '2016-05-16 23:51:25', '2016-05-16 23:52:35', 0, 91),
(4, 'Pressure Gauges', '2016-05-16 23:56:11', '2016-05-16 23:58:43', 0, 91),
(5, 'Oxygen Meter', '2016-05-17 00:02:22', '2016-05-17 00:03:07', 0, 91),
(6, 'Mineral Sample', '2016-05-17 00:04:10', '2016-05-17 00:04:35', 0, 91),
(7, 'Plastic and Polymer', '2016-05-17 00:09:45', '2016-05-17 00:24:45', 0, 91),
(8, 'Steel Wire', '2016-05-17 00:36:22', '2016-05-17 00:37:56', 0, 91),
(9, 'Electric Cable', '2016-05-17 00:39:29', '2016-05-17 00:44:44', 0, 91),
(10, 'Rubber/Rubber Products', '2016-05-17 00:51:06', '2016-05-17 01:02:17', 0, 91),
(11, 'fghfgh', '2016-05-17 00:59:41', '2016-05-17 02:44:25', 0, 91),
(12, 'Metal-Metal Alloy : Non Ferrous (Aluminium, Copper)', '2016-05-17 01:06:05', '2016-05-17 01:10:50', 0, 91),
(13, 'Ceramic Matrix Composite', '2016-05-17 01:19:02', '2016-05-17 01:24:58', 0, 91),
(14, 'Thin Film', '2016-05-17 01:25:33', '2016-05-17 01:27:12', 0, 91),
(15, 'Battery', '2016-05-17 23:02:41', '2016-05-17 23:03:58', 0, 91),
(16, 'Liquid Fuel ', '2016-05-17 23:19:31', '2016-05-18 01:58:32', 0, 91),
(17, 'Bio-Diesel', '2016-05-17 23:31:05', '2016-05-17 23:35:51', 0, 91),
(18, 'Biogas', '2016-05-17 23:50:31', '2016-05-17 23:51:42', 0, 91),
(19, 'Briquette', '2016-05-17 23:53:11', '2016-05-18 00:07:29', 0, 91),
(20, 'Lubricating Oil', '2016-05-18 00:02:37', '2016-05-18 02:07:44', 0, 91),
(23, 'Charcoal', '2016-05-18 00:11:05', '2016-05-18 00:13:42', 0, 91),
(24, 'fghfgh', '2016-05-18 00:11:28', '2016-05-18 00:11:33', 0, 91),
(25, 'Coal', '2016-05-18 00:21:41', '2016-05-18 00:42:30', 0, 91),
(26, 'Charcoal', '2016-05-18 00:22:43', '2016-05-18 00:22:51', 0, 91),
(27, 'Diesel', '2016-05-18 00:49:03', '2016-05-18 00:56:10', 0, 91),
(28, 'Electronic Ballast', '2016-05-18 01:34:25', '2016-05-18 01:37:38', 0, 91),
(29, 'Furnace Oil', '2016-05-18 01:38:00', '2016-05-18 01:40:52', 0, 91),
(30, 'Grease', '2016-05-18 01:48:39', '2016-05-18 01:50:11', 0, 91),
(31, 'Improved Cookstove ', '2016-05-18 01:52:15', '2016-05-18 01:52:45', 0, 91),
(32, 'IPS/UPS', '2016-05-18 01:53:17', '2016-05-18 01:54:23', 0, 91),
(33, 'LED/CFL/Tube Light/Incandescent Lamp', '2016-05-18 01:56:02', '2016-05-18 01:56:53', 0, 91),
(34, 'Natural Gas', '2016-05-18 21:38:47', '2016-05-18 21:40:00', 0, 91),
(35, 'Octane ', '2016-05-18 21:40:22', '2016-05-18 22:07:15', 0, 91),
(36, 'Petrol', '2016-05-18 22:20:24', '2016-05-18 22:34:00', 0, 91),
(37, 'Pyrolysis Oil', '2016-05-19 00:00:56', '2016-05-19 00:18:34', 0, 91),
(38, 'Solar Cell', '2016-05-19 00:18:59', '2016-05-19 00:20:28', 0, 91),
(39, 'Solar Charge Controller', '2016-05-19 03:35:46', '2016-05-19 03:36:45', 0, 91),
(40, 'Solar Panel/Module(51-120 watt)', '2016-05-19 03:38:06', '2016-05-19 03:39:58', 0, 91),
(41, 'Solar Panel/Module(1-50 watt)', '2016-05-19 03:41:17', '2016-05-19 03:42:12', 0, 91),
(42, 'Solar Panel/Module(121-260 watt)', '2016-05-19 03:43:49', '2016-05-19 03:44:35', 0, 91),
(43, 'Solid fuel (charcoal/coal/coke/briquette)', '2016-05-19 03:46:51', '2016-05-19 04:07:37', 0, 91),
(44, 'Transformer Oil', '2016-05-21 21:52:24', '2016-05-21 21:57:57', 0, 91),
(45, 'Sweage Sludge ', '2016-05-21 21:58:26', '2016-05-21 22:00:10', 0, 91),
(46, 'Solid/Power/Film Materials', '2016-05-21 22:01:22', '2016-05-21 22:10:10', 0, 91),
(47, 'Solid Wastes i.e. Garbage and Others', '2016-05-21 22:11:23', '2016-05-21 22:14:54', 0, 91),
(48, 'Solid Materials (Coke breeze, Magnetic, Dielectric etc.)', '2016-05-21 22:15:40', '2016-05-21 22:17:42', 0, 91),
(49, 'Waste Water/Effluent Water', '2016-05-21 22:18:15', '2016-05-21 22:19:29', 0, 91),
(50, 'Feldspar', '2016-05-22 01:08:18', '2016-05-29 23:07:04', 0, 91),
(51, 'Fertilizer', '2016-05-22 01:14:11', '2016-05-22 01:14:58', 0, 91),
(52, 'Fly Ash', '2016-05-22 01:15:46', '2016-05-22 01:17:58', 0, 91),
(53, 'Glass', '2016-05-22 01:24:02', '2016-05-22 01:29:10', 0, 91),
(54, 'Gypsum', '2016-05-22 01:37:54', '2016-05-22 01:39:23', 0, 91),
(55, 'Inorganic Acids', '2016-05-22 01:41:15', '2016-05-22 01:44:00', 0, 91),
(56, 'Inorganic Chemicals', '2016-05-22 01:47:54', '2016-05-22 01:52:24', 0, 91),
(57, 'Inorganic Pigment', '2016-05-22 01:56:56', '2016-05-22 02:00:25', 0, 91),
(58, 'Lime Stone', '2016-05-22 02:05:39', '2016-05-23 22:56:23', 0, 91),
(59, 'Liquid Ceramic', '2016-05-23 23:36:35', '2016-05-23 23:37:05', 0, 91),
(60, 'Liquid Ceramic Enamel', '2016-05-23 23:37:53', '2016-05-23 23:38:06', 0, 91),
(61, 'Liquid Sample', '2016-05-23 23:40:21', '2016-05-23 23:52:59', 0, 91),
(62, 'Lithopone', '2016-05-23 23:56:13', '2016-05-23 23:56:45', 0, 91),
(63, 'Magnesium Sulfate', '2016-05-23 23:57:58', '2016-05-23 23:59:21', 0, 91),
(64, 'Mineral Sample', '2016-05-25 00:23:42', '2016-05-25 00:30:26', 0, 91),
(65, 'Mug', '2016-05-25 00:35:10', '2016-05-25 00:36:11', 0, 91),
(66, 'Organic Acids', '2016-05-25 00:48:50', '2016-05-25 00:49:03', 0, 91),
(67, 'Phosphoric Acid', '2016-05-25 00:49:41', '2016-05-25 00:51:54', 0, 91),
(68, 'Plate', '2016-05-25 00:53:42', '2016-05-25 00:55:41', 0, 91),
(69, 'Porcelain Wares', '2016-05-25 00:57:24', '2016-05-25 00:58:47', 0, 91),
(70, 'Potassium Silicate', '2016-05-25 21:36:03', '2016-05-25 21:37:22', 0, 91),
(71, 'Powder Material', '2016-05-25 21:38:39', '2016-05-25 21:39:12', 0, 91),
(72, 'Quartz', '2016-05-25 21:47:13', '2016-05-25 21:51:17', 0, 91),
(73, 'Red Iron Oxide', '2016-05-25 21:51:36', '2016-05-25 21:53:33', 0, 91),
(74, 'Refractory Material', '2016-05-25 22:00:05', '2016-05-25 22:05:15', 0, 91),
(75, 'Rice Husk Ash', '2016-05-25 22:13:55', '2016-05-25 22:15:17', 0, 91),
(76, 'Rock', '2016-05-25 22:16:32', '2016-05-25 22:18:06', 0, 91),
(77, 'Sand', '2016-05-25 22:19:34', '2016-05-25 22:26:17', 0, 91),
(78, 'Semi Solid Ceramic', '2016-05-25 22:28:12', '2016-05-25 22:28:23', 0, 91),
(79, 'Slag', '2016-05-25 22:28:59', '2016-05-25 22:30:07', 0, 91),
(80, 'Solid unknown Samples', '2016-05-25 22:31:28', '2016-05-25 22:33:56', 0, 91),
(81, 'Stone Wares', '2016-05-26 01:27:20', '2016-05-26 01:28:37', 0, 91),
(82, 'Sulphur', '2016-05-26 01:30:02', '2016-05-26 01:31:43', 0, 91),
(83, 'Sulphuric Acid', '2016-05-26 01:33:18', '2016-05-26 01:38:20', 0, 91),
(84, 'Tiles', '2016-05-26 01:39:11', '2016-05-26 01:42:08', 0, 91),
(85, 'Urea Formaldehyde', '2016-05-26 01:43:54', '2016-05-26 01:46:03', 0, 91),
(86, 'Zinc Ash', '2016-05-26 01:46:28', '2016-05-26 01:47:01', 0, 91),
(87, 'Zinc Dust', '2016-05-26 01:48:21', '2016-05-26 01:49:36', 0, 91),
(88, 'All Types of Ceramic Minerals/Minerals/Raw', '2016-05-29 23:08:58', '2016-05-29 23:09:12', 0, 91),
(89, 'All Types of Inorganic Pigments', '2016-05-29 23:10:58', '2016-05-29 23:11:13', 0, 91),
(90, 'Alloy', '2016-05-29 23:11:38', '2016-05-29 23:16:10', 0, 91),
(91, 'Alum', '2016-05-29 23:21:16', '2016-05-29 23:25:20', 0, 91),
(92, 'Alumina', '2016-05-29 23:29:12', '2016-05-29 23:30:16', 0, 91),
(93, 'Antimonical Lead', '2016-05-29 23:33:22', '2016-05-29 23:34:27', 0, 91),
(94, 'Bauxite', '2016-05-29 23:38:32', '2016-05-29 23:40:14', 0, 91),
(95, 'Black Iron Oxide', '2016-05-29 23:42:25', '2016-05-29 23:43:40', 0, 91),
(96, 'Boiler Scale', '2016-05-29 23:45:15', '2016-05-29 23:46:19', 0, 91),
(97, 'Bowl', '2016-05-29 23:48:11', '2016-05-29 23:50:26', 0, 91),
(98, 'Brick', '2016-05-29 23:52:13', '2016-05-29 23:53:53', 0, 91),
(99, 'Calcium Additive', '2016-05-29 23:55:58', '2016-05-29 23:57:24', 0, 91),
(100, 'Castable Material', '2016-05-29 23:58:55', '2016-05-29 23:59:57', 0, 91),
(101, 'Caustic Soda', '2016-05-30 00:01:16', '2016-05-30 00:02:01', 0, 91),
(102, 'Cement Clinker', '2016-05-30 00:11:08', '2016-06-01 22:44:20', 0, 91),
(103, 'Ceramic Artical', '2016-05-30 00:30:20', '2016-05-30 00:30:43', 0, 91),
(104, 'Ceramic Finished Products', '2016-05-30 03:37:20', '2016-05-30 03:38:30', 0, 91),
(105, 'Ceramic Glazes', '2016-05-30 03:44:18', '2016-05-30 03:45:23', 0, 91),
(106, 'Ceramic Material', '2016-06-01 00:15:23', '2016-06-01 00:21:15', 0, 91),
(107, 'Ceramic Raw Materials', '2016-06-01 00:23:16', '2016-06-01 00:25:04', 0, 91),
(108, 'Ceramic Tablewares', '2016-06-01 00:28:40', '2016-06-01 02:32:15', 0, 91),
(109, 'Chromium Oxide', '2016-06-01 02:33:35', '2016-06-01 02:34:18', 0, 91),
(110, 'Clay', '2016-06-01 02:35:41', '2016-06-01 02:37:09', 0, 91),
(111, 'Cold Lime', '2016-06-01 02:39:00', '2016-06-01 02:40:26', 0, 91),
(112, 'Diammonium Hydrogen Phosphate (DAP)', '2016-06-01 02:42:43', '2016-06-01 02:44:08', 0, 91),
(113, 'Dicalcium Phosphate (DCP)', '2016-06-01 02:49:02', '2016-06-01 02:49:49', 0, 91),
(114, 'Dolomite', '2016-06-01 02:51:06', '2016-06-01 02:52:44', 0, 91),
(115, 'Dry Horns Lead', '2016-06-01 02:55:00', '2016-06-01 02:55:37', 0, 91),
(116, 'Earthen Wares', '2016-06-01 02:57:43', '2016-06-01 02:58:34', 0, 91),
(117, 'Enamel Finished Products', '2016-06-01 03:00:13', '2016-06-01 03:01:32', 0, 91),
(118, 'Enamel Raw Materials', '2016-06-01 03:03:31', '2016-06-01 03:05:26', 0, 91);

--
-- Indexes for dumped tables
--

--
-- Indexes for table `admins`
--
ALTER TABLE `admins`
  ADD PRIMARY KEY (`admin_id`),
  ADD KEY `IndexingAdminEmail` (`admin_email`);

--
-- Indexes for table `admin_logs`
--
ALTER TABLE `admin_logs`
  ADD PRIMARY KEY (`AL_id`);

--
-- Indexes for table `admin_permission`
--
ALTER TABLE `admin_permission`
  ADD PRIMARY KEY (`AP_id`);

--
-- Indexes for table `admin_types`
--
ALTER TABLE `admin_types`
  ADD PRIMARY KEY (`AT_id`);

--
-- Indexes for table `apps_details`
--
ALTER TABLE `apps_details`
  ADD PRIMARY KEY (`app_id`);

--
-- Indexes for table `apps_job`
--
ALTER TABLE `apps_job`
  ADD PRIMARY KEY (`job_id`);

--
-- Indexes for table `apps_payment`
--
ALTER TABLE `apps_payment`
  ADD PRIMARY KEY (`payment_id`);

--
-- Indexes for table `apps_result`
--
ALTER TABLE `apps_result`
  ADD PRIMARY KEY (`rs_id`),
  ADD KEY `ts_id` (`ts_id`);

--
-- Indexes for table `apps_test_sample`
--
ALTER TABLE `apps_test_sample`
  ADD PRIMARY KEY (`ts_id`);

--
-- Indexes for table `companies`
--
ALTER TABLE `companies`
  ADD PRIMARY KEY (`company_id`);

--
-- Indexes for table `company_assoc`
--
ALTER TABLE `company_assoc`
  ADD PRIMARY KEY (`ca_id`);

--
-- Indexes for table `company_type`
--
ALTER TABLE `company_type`
  ADD PRIMARY KEY (`ct_id`);

--
-- Indexes for table `config_settings`
--
ALTER TABLE `config_settings`
  ADD PRIMARY KEY (`CS_id`),
  ADD UNIQUE KEY `IndexingCSoption` (`CS_option`);

--
-- Indexes for table `custom_reports`
--
ALTER TABLE `custom_reports`
  ADD PRIMARY KEY (`report_id`);

--
-- Indexes for table `dashboard_object`
--
ALTER TABLE `dashboard_object`
  ADD PRIMARY KEY (`db_obj_id`);

--
-- Indexes for table `members`
--
ALTER TABLE `members`
  ADD PRIMARY KEY (`member_id`),
  ADD KEY `IndexingmembersTable` (`member_email`,`member_social_type`,`member_social_id`),
  ADD KEY `member_email` (`member_email`);

--
-- Indexes for table `member_logs`
--
ALTER TABLE `member_logs`
  ADD PRIMARY KEY (`ML_id`);

--
-- Indexes for table `member_types`
--
ALTER TABLE `member_types`
  ADD PRIMARY KEY (`mt_id`);

--
-- Indexes for table `password_resets`
--
ALTER TABLE `password_resets`
  ADD KEY `password_resets_email_index` (`email`),
  ADD KEY `password_resets_token_index` (`token`);

--
-- Indexes for table `security_profile`
--
ALTER TABLE `security_profile`
  ADD PRIMARY KEY (`id`);

--
-- Indexes for table `tbl_lab`
--
ALTER TABLE `tbl_lab`
  ADD PRIMARY KEY (`lab_id`),
  ADD UNIQUE KEY `tbl_lab_lab_name_unique` (`lab_name`);

--
-- Indexes for table `tbl_lab_method_mapping`
--
ALTER TABLE `tbl_lab_method_mapping`
  ADD PRIMARY KEY (`lm_id`),
  ADD KEY `method_id` (`method_id`);

--
-- Indexes for table `tbl_lab_test_mapping`
--
ALTER TABLE `tbl_lab_test_mapping`
  ADD PRIMARY KEY (`lt_id`),
  ADD KEY `lab_id` (`lab_id`),
  ADD KEY `tst_id` (`tst_id`);

--
-- Indexes for table `tbl_method`
--
ALTER TABLE `tbl_method`
  ADD PRIMARY KEY (`method_id`);

--
-- Indexes for table `tbl_parameter`
--
ALTER TABLE `tbl_parameter`
  ADD PRIMARY KEY (`param_id`);

--
-- Indexes for table `tbl_test_name`
--
ALTER TABLE `tbl_test_name`
  ADD PRIMARY KEY (`tst_id`),
  ADD KEY `tbl_test_name_tst_name_unique` (`tst_name`);

--
-- AUTO_INCREMENT for dumped tables
--

--
-- AUTO_INCREMENT for table `admins`
--
ALTER TABLE `admins`
  MODIFY `admin_id` int(11) NOT NULL AUTO_INCREMENT;
--
-- AUTO_INCREMENT for table `admin_logs`
--
ALTER TABLE `admin_logs`
  MODIFY `AL_id` int(11) NOT NULL AUTO_INCREMENT;
--
-- AUTO_INCREMENT for table `admin_permission`
--
ALTER TABLE `admin_permission`
  MODIFY `AP_id` int(11) NOT NULL AUTO_INCREMENT;
--
-- AUTO_INCREMENT for table `admin_types`
--
ALTER TABLE `admin_types`
  MODIFY `AT_id` int(11) NOT NULL AUTO_INCREMENT;
--
-- AUTO_INCREMENT for table `apps_details`
--
ALTER TABLE `apps_details`
  MODIFY `app_id` int(10) UNSIGNED NOT NULL AUTO_INCREMENT, AUTO_INCREMENT=32;
--
-- AUTO_INCREMENT for table `apps_job`
--
ALTER TABLE `apps_job`
  MODIFY `job_id` int(10) UNSIGNED NOT NULL AUTO_INCREMENT, AUTO_INCREMENT=82;
--
-- AUTO_INCREMENT for table `apps_payment`
--
ALTER TABLE `apps_payment`
  MODIFY `payment_id` bigint(11) NOT NULL AUTO_INCREMENT;
--
-- AUTO_INCREMENT for table `apps_result`
--
ALTER TABLE `apps_result`
  MODIFY `rs_id` int(11) NOT NULL AUTO_INCREMENT;
--
-- AUTO_INCREMENT for table `apps_test_sample`
--
ALTER TABLE `apps_test_sample`
  MODIFY `ts_id` int(10) UNSIGNED NOT NULL AUTO_INCREMENT, AUTO_INCREMENT=79;
--
-- AUTO_INCREMENT for table `companies`
--
ALTER TABLE `companies`
  MODIFY `company_id` int(11) NOT NULL AUTO_INCREMENT, AUTO_INCREMENT=166;
--
-- AUTO_INCREMENT for table `company_assoc`
--
ALTER TABLE `company_assoc`
  MODIFY `ca_id` int(11) NOT NULL AUTO_INCREMENT, AUTO_INCREMENT=180;
--
-- AUTO_INCREMENT for table `company_type`
--
ALTER TABLE `company_type`
  MODIFY `ct_id` int(11) NOT NULL AUTO_INCREMENT, AUTO_INCREMENT=9;
--
-- AUTO_INCREMENT for table `config_settings`
--
ALTER TABLE `config_settings`
  MODIFY `CS_id` int(11) NOT NULL AUTO_INCREMENT;
--
-- AUTO_INCREMENT for table `custom_reports`
--
ALTER TABLE `custom_reports`
  MODIFY `report_id` int(11) NOT NULL AUTO_INCREMENT, AUTO_INCREMENT=15;
--
-- AUTO_INCREMENT for table `dashboard_object`
--
ALTER TABLE `dashboard_object`
  MODIFY `db_obj_id` int(11) NOT NULL AUTO_INCREMENT, AUTO_INCREMENT=14;
--
-- AUTO_INCREMENT for table `members`
--
ALTER TABLE `members`
  MODIFY `member_id` int(11) NOT NULL AUTO_INCREMENT, AUTO_INCREMENT=666;
--
-- AUTO_INCREMENT for table `member_logs`
--
ALTER TABLE `member_logs`
  MODIFY `ML_id` int(11) NOT NULL AUTO_INCREMENT;
--
-- AUTO_INCREMENT for table `member_types`
--
ALTER TABLE `member_types`
  MODIFY `mt_id` int(11) NOT NULL AUTO_INCREMENT, AUTO_INCREMENT=12;
--
-- AUTO_INCREMENT for table `security_profile`
--
ALTER TABLE `security_profile`
  MODIFY `id` int(11) NOT NULL AUTO_INCREMENT;
--
-- AUTO_INCREMENT for table `tbl_lab`
--
ALTER TABLE `tbl_lab`
  MODIFY `lab_id` int(10) UNSIGNED NOT NULL AUTO_INCREMENT, AUTO_INCREMENT=10;
--
-- AUTO_INCREMENT for table `tbl_lab_method_mapping`
--
ALTER TABLE `tbl_lab_method_mapping`
  MODIFY `lm_id` int(11) NOT NULL AUTO_INCREMENT, AUTO_INCREMENT=523;
--
-- AUTO_INCREMENT for table `tbl_lab_test_mapping`
--
ALTER TABLE `tbl_lab_test_mapping`
  MODIFY `lt_id` int(10) UNSIGNED NOT NULL AUTO_INCREMENT, AUTO_INCREMENT=167;
--
-- AUTO_INCREMENT for table `tbl_method`
--
ALTER TABLE `tbl_method`
  MODIFY `method_id` int(10) UNSIGNED NOT NULL AUTO_INCREMENT, AUTO_INCREMENT=1035;
--
-- AUTO_INCREMENT for table `tbl_parameter`
--
ALTER TABLE `tbl_parameter`
  MODIFY `param_id` int(10) UNSIGNED NOT NULL AUTO_INCREMENT, AUTO_INCREMENT=1047;
--
-- AUTO_INCREMENT for table `tbl_test_name`
--
ALTER TABLE `tbl_test_name`
  MODIFY `tst_id` int(10) UNSIGNED NOT NULL AUTO_INCREMENT, AUTO_INCREMENT=119;
/*!40101 SET CHARACTER_SET_CLIENT=@OLD_CHARACTER_SET_CLIENT */;
/*!40101 SET CHARACTER_SET_RESULTS=@OLD_CHARACTER_SET_RESULTS */;
/*!40101 SET COLLATION_CONNECTION=@OLD_COLLATION_CONNECTION */;
