/*
SQLyog Ultimate v11.33 (32 bit)
MySQL - 5.5.50-MariaDB : Database - base_app
*********************************************************************
*/

/*!40101 SET NAMES utf8 */;

/*!40101 SET SQL_MODE=''*/;

/*!40014 SET @OLD_UNIQUE_CHECKS=@@UNIQUE_CHECKS, UNIQUE_CHECKS=0 */;
/*!40014 SET @OLD_FOREIGN_KEY_CHECKS=@@FOREIGN_KEY_CHECKS, FOREIGN_KEY_CHECKS=0 */;
/*!40101 SET @OLD_SQL_MODE=@@SQL_MODE, SQL_MODE='NO_AUTO_VALUE_ON_ZERO' */;
/*!40111 SET @OLD_SQL_NOTES=@@SQL_NOTES, SQL_NOTES=0 */;
CREATE DATABASE /*!32312 IF NOT EXISTS*/`base_app` /*!40100 DEFAULT CHARACTER SET latin1 */;

USE `base_app`;

/*Table structure for table `tbl_lab` */

DROP TABLE IF EXISTS `tbl_lab`;

CREATE TABLE `tbl_lab` (
  `lab_id` int(10) unsigned NOT NULL AUTO_INCREMENT,
  `lab_name` varchar(255) COLLATE utf8_unicode_ci NOT NULL,
  `is_active` tinyint(4) NOT NULL DEFAULT '0' COMMENT '1 active, 0 inactive',
  `created_at` timestamp NOT NULL DEFAULT '0000-00-00 00:00:00',
  `updated_at` timestamp NOT NULL DEFAULT '0000-00-00 00:00:00',
  `is_locked` int(11) NOT NULL,
  `updated_by` int(11) NOT NULL,
  PRIMARY KEY (`lab_id`),
  UNIQUE KEY `tbl_lab_lab_name_unique` (`lab_name`)
) ENGINE=InnoDB AUTO_INCREMENT=9 DEFAULT CHARSET=utf8 COLLATE=utf8_unicode_ci;

/*Data for the table `tbl_lab` */

insert  into `tbl_lab`(`lab_id`,`lab_name`,`is_active`,`created_at`,`updated_at`,`is_locked`,`updated_by`) values (1,'Test',0,'2015-10-19 10:06:16','2015-10-29 10:25:17',0,1),(2,'Institute of Food Science & Technology (IFST)',1,'2015-10-19 10:07:59','2016-08-02 06:08:10',0,194),(3,'Institute of Fuel Research & Development (IFRD)',1,'2015-10-19 10:08:11','2016-05-18 06:01:56',0,91),(4,'Institute of Glass & Ceramic Research and Testing (IGCRT)',1,'2015-10-19 10:08:22','2016-07-17 08:32:13',0,91),(5,'BCSIR Laboratories, Dhaka (Dhaka Lab)',0,'2015-10-20 09:17:09','2016-07-19 10:29:37',0,194),(6,'Pilot Plant & Process Development Center (PP& PDC)',1,'2015-10-26 08:16:03','2016-05-17 05:36:32',0,91),(7,'Designated Reference Institute for Chemical Measurments (DRiCM)',0,'2015-10-26 08:16:28','2016-07-31 08:30:50',0,194),(8,'Institute of National Analytical Research & Service (INARS)',1,'2015-10-26 08:17:12','2016-12-12 20:51:03',0,708);

/*Table structure for table `tbl_lab_test_mapping` */

DROP TABLE IF EXISTS `tbl_lab_test_mapping`;

CREATE TABLE `tbl_lab_test_mapping` (
  `lt_id` int(10) unsigned NOT NULL AUTO_INCREMENT,
  `lab_id` int(11) NOT NULL,
  `tst_id` int(11) NOT NULL,
  `price` int(11) NOT NULL,
  `duration` int(11) NOT NULL,
  `created_at` timestamp NOT NULL DEFAULT '0000-00-00 00:00:00',
  `updated_at` timestamp NOT NULL DEFAULT '0000-00-00 00:00:00',
  `is_locked` int(11) NOT NULL,
  `updated_by` int(11) NOT NULL,
  PRIMARY KEY (`lt_id`),
  KEY `lab_id` (`lab_id`),
  KEY `tst_id` (`tst_id`)
) ENGINE=InnoDB AUTO_INCREMENT=1277 DEFAULT CHARSET=utf8 COLLATE=utf8_unicode_ci;

/*Data for the table `tbl_lab_test_mapping` */

insert  into `tbl_lab_test_mapping`(`lt_id`,`lab_id`,`tst_id`,`price`,`duration`,`created_at`,`updated_at`,`is_locked`,`updated_by`) values (5,6,2,0,0,'2016-05-17 05:39:54','2016-05-17 05:39:54',0,91),(6,6,3,0,0,'2016-05-17 05:52:35','2016-05-17 05:52:35',0,91),(7,6,4,0,0,'2016-05-17 05:58:43','2016-05-17 05:58:43',0,91),(8,6,5,0,0,'2016-05-17 06:03:07','2016-05-17 06:03:07',0,91),(9,6,6,0,0,'2016-05-17 06:04:35','2016-05-17 06:04:35',0,91),(10,6,7,0,0,'2016-05-17 06:24:45','2016-05-17 06:24:45',0,91),(11,6,8,0,0,'2016-05-17 06:37:56','2016-05-17 06:37:56',0,91),(12,6,9,0,0,'2016-05-17 06:44:44','2016-05-17 06:44:44',0,91),(22,6,10,0,0,'2016-05-17 07:02:17','2016-05-17 07:02:17',0,91),(25,6,13,0,0,'2016-05-17 07:24:58','2016-05-17 07:24:58',0,91),(27,1,11,0,0,'2016-05-17 08:44:25','2016-05-17 08:44:25',0,91),(28,3,15,0,0,'2016-05-18 05:03:58','2016-05-18 05:03:58',0,91),(33,3,18,0,0,'2016-05-18 05:51:42','2016-05-18 05:51:42',0,91),(36,1,24,0,0,'2016-05-18 06:11:33','2016-05-18 06:11:33',0,91),(38,1,26,0,0,'2016-05-18 06:22:51','2016-05-18 06:22:51',0,91),(46,3,27,0,0,'2016-05-18 06:56:10','2016-05-18 06:56:10',0,91),(47,3,28,0,0,'2016-05-18 07:37:38','2016-05-18 07:37:38',0,91),(48,3,29,0,0,'2016-05-18 07:40:52','2016-05-18 07:40:52',0,91),(49,3,30,0,0,'2016-05-18 07:50:11','2016-05-18 07:50:11',0,91),(50,3,31,0,0,'2016-05-18 07:52:45','2016-05-18 07:52:45',0,91),(51,3,32,0,0,'2016-05-18 07:54:23','2016-05-18 07:54:23',0,91),(52,3,33,0,0,'2016-05-18 07:56:53','2016-05-18 07:56:53',0,91),(53,3,16,0,0,'2016-05-18 07:58:32','2016-05-18 07:58:32',0,91),(56,3,34,0,0,'2016-05-19 03:40:00','2016-05-19 03:40:00',0,91),(60,3,36,0,0,'2016-05-19 04:34:00','2016-05-19 04:34:00',0,91),(65,3,38,0,0,'2016-05-19 06:20:28','2016-05-19 06:20:28',0,91),(66,3,39,0,0,'2016-05-19 09:36:45','2016-05-19 09:36:45',0,91),(68,3,40,0,0,'2016-05-19 09:39:58','2016-05-19 09:39:58',0,91),(70,3,41,0,0,'2016-05-19 09:42:12','2016-05-19 09:42:12',0,91),(72,3,42,0,0,'2016-05-19 09:44:35','2016-05-19 09:44:35',0,91),(74,3,43,0,0,'2016-05-19 10:07:37','2016-05-19 10:07:37',0,91),(77,3,44,0,0,'2016-05-22 03:57:57','2016-05-22 03:57:57',0,91),(79,3,45,0,0,'2016-05-22 04:00:10','2016-05-22 04:00:10',0,91),(85,3,47,0,0,'2016-05-22 04:14:54','2016-05-22 04:14:54',0,91),(87,3,48,0,0,'2016-05-22 04:17:42','2016-05-22 04:17:42',0,91),(92,4,51,0,0,'2016-05-22 07:14:58','2016-05-22 07:14:58',0,91),(93,4,52,0,0,'2016-05-22 07:17:58','2016-05-22 07:17:58',0,91),(94,4,53,0,0,'2016-05-22 07:29:10','2016-05-22 07:29:10',0,91),(95,4,54,0,0,'2016-05-22 07:39:23','2016-05-22 07:39:23',0,91),(96,4,55,0,0,'2016-05-22 07:44:00','2016-05-22 07:44:00',0,91),(97,4,56,0,0,'2016-05-22 07:52:24','2016-05-22 07:52:24',0,91),(99,4,58,0,0,'2016-05-24 04:56:23','2016-05-24 04:56:23',0,91),(100,4,59,0,0,'2016-05-24 05:37:05','2016-05-24 05:37:05',0,91),(101,4,60,0,0,'2016-05-24 05:38:06','2016-05-24 05:38:06',0,91),(102,4,61,0,0,'2016-05-24 05:52:59','2016-05-24 05:52:59',0,91),(103,4,62,0,0,'2016-05-24 05:56:46','2016-05-24 05:56:46',0,91),(104,4,63,0,0,'2016-05-24 05:59:21','2016-05-24 05:59:21',0,91),(105,4,64,0,0,'2016-05-25 06:30:26','2016-05-25 06:30:26',0,91),(106,4,65,0,0,'2016-05-25 06:36:11','2016-05-25 06:36:11',0,91),(107,4,66,0,0,'2016-05-25 06:49:03','2016-05-25 06:49:03',0,91),(108,4,67,0,0,'2016-05-25 06:51:54','2016-05-25 06:51:54',0,91),(109,4,68,0,0,'2016-05-25 06:55:41','2016-05-25 06:55:41',0,91),(110,4,69,0,0,'2016-05-25 06:58:47','2016-05-25 06:58:47',0,91),(111,4,70,0,0,'2016-05-26 03:37:22','2016-05-26 03:37:22',0,91),(112,4,71,0,0,'2016-05-26 03:39:12','2016-05-26 03:39:12',0,91),(114,4,72,0,0,'2016-05-26 03:51:17','2016-05-26 03:51:17',0,91),(115,4,73,0,0,'2016-05-26 03:53:34','2016-05-26 03:53:34',0,91),(117,4,74,0,0,'2016-05-26 04:05:15','2016-05-26 04:05:15',0,91),(118,4,75,0,0,'2016-05-26 04:15:17','2016-05-26 04:15:17',0,91),(119,4,76,0,0,'2016-05-26 04:18:06','2016-05-26 04:18:06',0,91),(120,4,77,0,0,'2016-05-26 04:26:18','2016-05-26 04:26:18',0,91),(121,4,78,0,0,'2016-05-26 04:28:23','2016-05-26 04:28:23',0,91),(122,4,79,0,0,'2016-05-26 04:30:07','2016-05-26 04:30:07',0,91),(123,4,80,0,0,'2016-05-26 04:33:56','2016-05-26 04:33:56',0,91),(124,4,81,0,0,'2016-05-26 07:28:37','2016-05-26 07:28:37',0,91),(125,4,82,0,0,'2016-05-26 07:31:43','2016-05-26 07:31:43',0,91),(127,4,83,0,0,'2016-05-26 07:38:20','2016-05-26 07:38:20',0,91),(129,4,85,0,0,'2016-05-26 07:46:03','2016-05-26 07:46:03',0,91),(130,4,86,0,0,'2016-05-26 07:47:01','2016-05-26 07:47:01',0,91),(131,4,87,0,0,'2016-05-26 07:49:36','2016-05-26 07:49:36',0,91),(132,4,50,0,0,'2016-05-30 05:07:04','2016-05-30 05:07:04',0,91),(133,4,88,0,0,'2016-05-30 05:09:12','2016-05-30 05:09:12',0,91),(134,4,89,0,0,'2016-05-30 05:11:13','2016-05-30 05:11:13',0,91),(135,4,90,0,0,'2016-05-30 05:16:10','2016-05-30 05:16:10',0,91),(138,4,92,0,0,'2016-05-30 05:30:16','2016-05-30 05:30:16',0,91),(139,4,93,0,0,'2016-05-30 05:34:27','2016-05-30 05:34:27',0,91),(140,4,94,0,0,'2016-05-30 05:40:14','2016-05-30 05:40:14',0,91),(141,4,95,0,0,'2016-05-30 05:43:40','2016-05-30 05:43:40',0,91),(142,4,96,0,0,'2016-05-30 05:46:19','2016-05-30 05:46:19',0,91),(143,4,97,0,0,'2016-05-30 05:50:26','2016-05-30 05:50:26',0,91),(144,4,98,0,0,'2016-05-30 05:53:53','2016-05-30 05:53:53',0,91),(146,4,99,0,0,'2016-05-30 05:57:24','2016-05-30 05:57:24',0,91),(147,4,100,0,0,'2016-05-30 05:59:57','2016-05-30 05:59:57',0,91),(148,4,101,0,0,'2016-05-30 06:02:01','2016-05-30 06:02:01',0,91),(150,4,103,0,0,'2016-05-30 06:30:43','2016-05-30 06:30:43',0,91),(152,4,105,0,0,'2016-05-30 09:45:23','2016-05-30 09:45:23',0,91),(153,4,106,0,0,'2016-06-01 06:21:15','2016-06-01 06:21:15',0,91),(154,4,107,0,0,'2016-06-01 06:25:05','2016-06-01 06:25:05',0,91),(155,4,108,0,0,'2016-06-01 08:32:15','2016-06-01 08:32:15',0,91),(156,4,109,0,0,'2016-06-01 08:34:18','2016-06-01 08:34:18',0,91),(157,4,110,0,0,'2016-06-01 08:37:09','2016-06-01 08:37:09',0,91),(158,4,111,0,0,'2016-06-01 08:40:26','2016-06-01 08:40:26',0,91),(159,4,112,0,0,'2016-06-01 08:44:08','2016-06-01 08:44:08',0,91),(160,4,113,0,0,'2016-06-01 08:49:49','2016-06-01 08:49:49',0,91),(161,4,114,0,0,'2016-06-01 08:52:44','2016-06-01 08:52:44',0,91),(162,4,115,0,0,'2016-06-01 08:55:37','2016-06-01 08:55:37',0,91),(163,4,116,0,0,'2016-06-01 08:58:34','2016-06-01 08:58:34',0,91),(164,4,117,0,0,'2016-06-01 09:01:32','2016-06-01 09:01:32',0,91),(165,4,118,0,0,'2016-06-01 09:05:26','2016-06-01 09:05:26',0,91),(166,4,102,0,0,'2016-06-02 04:44:20','2016-06-02 04:44:20',0,91),(169,8,120,0,0,'2016-06-13 05:36:43','2016-06-13 05:36:43',0,91),(171,8,121,0,0,'2016-06-13 05:39:50','2016-06-13 05:39:50',0,91),(172,8,122,0,0,'2016-06-13 07:10:28','2016-06-13 07:10:28',0,91),(173,8,123,0,0,'2016-06-15 06:00:39','2016-06-15 06:00:39',0,91),(174,8,124,0,0,'2016-06-15 06:04:31','2016-06-15 06:04:31',0,91),(175,8,125,0,0,'2016-06-15 06:17:30','2016-06-15 06:17:30',0,91),(176,8,126,0,0,'2016-06-15 06:25:22','2016-06-15 06:25:22',0,91),(179,8,128,0,0,'2016-06-20 06:09:31','2016-06-20 06:09:31',0,91),(182,5,131,0,0,'2016-07-14 09:59:42','2016-07-14 09:59:42',0,194),(183,5,132,0,0,'2016-07-14 10:02:21','2016-07-14 10:02:21',0,194),(184,5,133,0,0,'2016-07-14 10:05:51','2016-07-14 10:05:51',0,194),(185,5,134,0,0,'2016-07-14 10:09:17','2016-07-14 10:09:17',0,194),(186,5,135,0,0,'2016-07-14 10:16:48','2016-07-14 10:16:48',0,194),(187,5,136,0,0,'2016-07-14 10:26:04','2016-07-14 10:26:04',0,194),(188,5,137,0,0,'2016-07-16 06:01:16','2016-07-16 06:01:16',0,194),(189,5,138,0,0,'2016-07-16 06:07:18','2016-07-16 06:07:18',0,194),(191,5,140,0,0,'2016-07-16 07:19:01','2016-07-16 07:19:01',0,194),(192,5,141,0,0,'2016-07-16 07:21:21','2016-07-16 07:21:21',0,194),(193,5,142,0,0,'2016-07-16 07:27:06','2016-07-16 07:27:06',0,194),(195,5,144,0,0,'2016-07-16 07:43:52','2016-07-16 07:43:52',0,194),(196,5,145,0,0,'2016-07-16 07:46:00','2016-07-16 07:46:00',0,194),(197,5,146,0,0,'2016-07-16 07:47:35','2016-07-16 07:47:35',0,194),(198,5,147,0,0,'2016-07-16 07:49:03','2016-07-16 07:49:03',0,194),(199,5,148,0,0,'2016-07-16 07:51:01','2016-07-16 07:51:01',0,194),(200,5,149,0,0,'2016-07-16 09:09:32','2016-07-16 09:09:32',0,194),(201,5,150,0,0,'2016-07-16 09:15:09','2016-07-16 09:15:09',0,194),(202,5,152,0,0,'2016-07-16 09:21:21','2016-07-16 09:21:21',0,194),(204,5,130,0,0,'2016-07-16 09:38:54','2016-07-16 09:38:54',0,194),(205,5,154,0,0,'2016-07-17 03:55:25','2016-07-17 03:55:25',0,194),(206,5,155,0,0,'2016-07-17 04:04:13','2016-07-17 04:04:13',0,194),(207,5,156,0,0,'2016-07-17 04:11:14','2016-07-17 04:11:14',0,194),(208,5,157,0,0,'2016-07-17 04:29:01','2016-07-17 04:29:01',0,194),(209,5,159,0,0,'2016-07-17 04:31:34','2016-07-17 04:31:34',0,194),(210,5,160,0,0,'2016-07-17 04:35:37','2016-07-17 04:35:37',0,194),(211,5,158,0,0,'2016-07-17 04:36:06','2016-07-17 04:36:06',0,194),(212,5,161,0,0,'2016-07-17 04:37:18','2016-07-17 04:37:18',0,194),(213,5,162,0,0,'2016-07-17 04:38:11','2016-07-17 04:38:11',0,194),(214,5,163,0,0,'2016-07-17 04:50:47','2016-07-17 04:50:47',0,194),(215,5,164,0,0,'2016-07-17 04:53:02','2016-07-17 04:53:02',0,194),(217,5,166,0,0,'2016-07-17 04:59:57','2016-07-17 04:59:57',0,194),(218,5,167,0,0,'2016-07-17 05:03:07','2016-07-17 05:03:07',0,194),(219,5,168,0,0,'2016-07-17 05:09:21','2016-07-17 05:09:21',0,194),(221,5,170,0,0,'2016-07-17 05:12:08','2016-07-17 05:12:08',0,194),(222,5,169,0,0,'2016-07-17 05:13:32','2016-07-17 05:13:32',0,194),(225,5,172,0,0,'2016-07-17 05:20:38','2016-07-17 05:20:38',0,194),(227,5,171,0,0,'2016-07-17 05:27:04','2016-07-17 05:27:04',0,194),(228,5,173,0,0,'2016-07-17 05:27:50','2016-07-17 05:27:50',0,194),(230,5,174,0,0,'2016-07-17 05:32:30','2016-07-17 05:32:30',0,194),(231,5,175,0,0,'2016-07-17 05:33:41','2016-07-17 05:33:41',0,194),(233,5,176,0,0,'2016-07-17 05:39:25','2016-07-17 05:39:25',0,194),(234,5,177,0,0,'2016-07-17 05:39:58','2016-07-17 05:39:58',0,194),(236,5,179,0,0,'2016-07-17 05:48:45','2016-07-17 05:48:45',0,194),(238,5,178,0,0,'2016-07-17 05:49:02','2016-07-17 05:49:02',0,194),(240,5,181,0,0,'2016-07-17 05:53:06','2016-07-17 05:53:06',0,194),(241,5,180,0,0,'2016-07-17 05:54:36','2016-07-17 05:54:36',0,194),(242,5,182,0,0,'2016-07-17 05:54:37','2016-07-17 05:54:37',0,194),(243,5,183,0,0,'2016-07-17 05:58:13','2016-07-17 05:58:13',0,194),(244,9,185,0,0,'2016-07-17 06:00:33','2016-07-17 06:00:33',0,194),(245,5,185,0,0,'2016-07-17 06:00:33','2016-07-17 06:00:33',0,194),(246,3,35,0,0,'2016-07-17 06:01:12','2016-07-17 06:01:12',0,91),(248,5,186,0,0,'2016-07-17 06:05:10','2016-07-17 06:05:10',0,194),(250,5,187,0,0,'2016-07-17 06:13:47','2016-07-17 06:13:47',0,194),(251,5,188,0,0,'2016-07-17 06:19:17','2016-07-17 06:19:17',0,194),(252,5,184,0,0,'2016-07-17 06:22:22','2016-07-17 06:22:22',0,194),(253,5,189,0,0,'2016-07-17 06:22:58','2016-07-17 06:22:58',0,194),(254,5,190,0,0,'2016-07-17 06:24:51','2016-07-17 06:24:51',0,194),(255,5,191,0,0,'2016-07-17 06:27:26','2016-07-17 06:27:26',0,194),(256,5,193,0,0,'2016-07-17 06:31:56','2016-07-17 06:31:56',0,194),(258,5,194,0,0,'2016-07-17 06:35:45','2016-07-17 06:35:45',0,194),(259,5,195,0,0,'2016-07-17 06:38:19','2016-07-17 06:38:19',0,194),(262,5,196,0,0,'2016-07-17 06:46:04','2016-07-17 06:46:04',0,194),(263,5,197,0,0,'2016-07-17 06:57:47','2016-07-17 06:57:47',0,194),(265,5,199,0,0,'2016-07-17 07:04:55','2016-07-17 07:04:55',0,194),(267,5,198,0,0,'2016-07-17 07:11:56','2016-07-17 07:11:56',0,194),(268,5,201,0,0,'2016-07-17 07:12:10','2016-07-17 07:12:10',0,194),(269,5,202,0,0,'2016-07-17 08:40:58','2016-07-17 08:40:58',0,194),(270,5,203,0,0,'2016-07-17 08:42:56','2016-07-17 08:42:56',0,194),(271,5,204,0,0,'2016-07-17 08:47:03','2016-07-17 08:47:03',0,194),(272,5,205,0,0,'2016-07-17 08:53:30','2016-07-17 08:53:30',0,194),(274,5,206,0,0,'2016-07-17 08:54:58','2016-07-17 08:54:58',0,194),(276,5,209,0,0,'2016-07-17 09:00:53','2016-07-17 09:00:53',0,194),(278,5,208,0,0,'2016-07-17 09:02:17','2016-07-17 09:02:17',0,194),(280,5,212,0,0,'2016-07-17 09:09:58','2016-07-17 09:09:58',0,194),(282,5,213,0,0,'2016-07-17 09:14:32','2016-07-17 09:14:32',0,194),(283,5,214,0,0,'2016-07-17 09:16:35','2016-07-17 09:16:35',0,194),(284,5,215,0,0,'2016-07-17 09:20:34','2016-07-17 09:20:34',0,194),(285,5,216,0,0,'2016-07-17 09:24:44','2016-07-17 09:24:44',0,194),(286,5,211,0,0,'2016-07-17 09:25:59','2016-07-17 09:25:59',0,194),(287,5,217,0,0,'2016-07-17 09:29:36','2016-07-17 09:29:36',0,194),(288,5,218,0,0,'2016-07-17 09:32:32','2016-07-17 09:32:32',0,194),(289,5,220,0,0,'2016-07-17 09:35:20','2016-07-17 09:35:20',0,194),(291,5,221,0,0,'2016-07-17 09:40:02','2016-07-17 09:40:02',0,194),(292,5,222,0,0,'2016-07-17 09:43:42','2016-07-17 09:43:42',0,194),(293,5,223,0,0,'2016-07-17 09:49:06','2016-07-17 09:49:06',0,194),(294,5,219,0,0,'2016-07-17 09:51:35','2016-07-17 09:51:35',0,194),(295,5,224,0,0,'2016-07-17 09:52:49','2016-07-17 09:52:49',0,194),(296,5,225,0,0,'2016-07-17 09:56:39','2016-07-17 09:56:39',0,194),(297,5,226,0,0,'2016-07-17 09:57:48','2016-07-17 09:57:48',0,194),(298,5,228,0,0,'2016-07-17 10:02:59','2016-07-17 10:02:59',0,194),(299,5,227,0,0,'2016-07-17 10:04:14','2016-07-17 10:04:14',0,194),(300,5,229,0,0,'2016-07-17 10:04:41','2016-07-17 10:04:41',0,194),(301,4,57,0,0,'2016-07-17 10:05:02','2016-07-17 10:05:02',0,91),(303,5,210,0,0,'2016-07-17 10:07:46','2016-07-17 10:07:46',0,194),(304,5,230,0,0,'2016-07-17 10:08:02','2016-07-17 10:08:02',0,194),(306,5,232,0,0,'2016-07-17 10:11:54','2016-07-17 10:11:54',0,194),(308,5,231,0,0,'2016-07-17 10:14:04','2016-07-17 10:14:04',0,194),(310,5,233,0,0,'2016-07-17 10:16:13','2016-07-17 10:16:13',0,194),(311,5,235,0,0,'2016-07-17 10:18:59','2016-07-17 10:18:59',0,194),(312,5,236,0,0,'2016-07-17 10:21:08','2016-07-17 10:21:08',0,194),(313,5,238,0,0,'2016-07-17 10:24:43','2016-07-17 10:24:43',0,194),(316,5,239,0,0,'2016-07-17 10:27:25','2016-07-17 10:27:25',0,194),(317,5,237,0,0,'2016-07-17 10:31:54','2016-07-17 10:31:54',0,194),(319,5,240,0,0,'2016-07-17 10:34:31','2016-07-17 10:34:31',0,194),(320,5,241,0,0,'2016-07-17 10:38:37','2016-07-17 10:38:37',0,194),(322,5,242,0,0,'2016-07-17 10:41:00','2016-07-17 10:41:00',0,194),(323,5,243,0,0,'2016-07-17 10:45:14','2016-07-17 10:45:14',0,194),(325,5,244,0,0,'2016-07-17 10:50:13','2016-07-17 10:50:13',0,194),(326,5,245,0,0,'2016-07-18 03:56:17','2016-07-18 03:56:17',0,194),(327,5,246,0,0,'2016-07-18 04:01:37','2016-07-18 04:01:37',0,194),(328,5,247,0,0,'2016-07-18 04:03:16','2016-07-18 04:03:16',0,194),(329,5,248,0,0,'2016-07-18 04:03:46','2016-07-18 04:03:46',0,194),(330,5,249,0,0,'2016-07-18 04:08:00','2016-07-18 04:08:00',0,194),(332,5,251,0,0,'2016-07-18 04:14:17','2016-07-18 04:14:17',0,194),(333,5,250,0,0,'2016-07-18 04:21:10','2016-07-18 04:21:10',0,194),(334,5,252,0,0,'2016-07-18 04:24:43','2016-07-18 04:24:43',0,194),(336,5,253,0,0,'2016-07-18 04:27:58','2016-07-18 04:27:58',0,194),(337,5,254,0,0,'2016-07-18 04:28:14','2016-07-18 04:28:14',0,194),(340,5,256,0,0,'2016-07-18 04:40:14','2016-07-18 04:40:14',0,194),(341,5,257,0,0,'2016-07-18 04:45:56','2016-07-18 04:45:56',0,194),(342,5,258,0,0,'2016-07-18 04:52:06','2016-07-18 04:52:06',0,194),(343,5,259,0,0,'2016-07-18 04:55:25','2016-07-18 04:55:25',0,194),(345,5,260,0,0,'2016-07-18 04:57:19','2016-07-18 04:57:19',0,194),(346,5,261,0,0,'2016-07-18 05:00:23','2016-07-18 05:00:23',0,194),(348,5,262,0,0,'2016-07-18 05:06:55','2016-07-18 05:06:55',0,194),(349,5,255,0,0,'2016-07-18 05:08:23','2016-07-18 05:08:23',0,194),(350,5,263,0,0,'2016-07-18 05:10:41','2016-07-18 05:10:41',0,194),(351,5,264,0,0,'2016-07-18 05:12:24','2016-07-18 05:12:24',0,194),(352,7,264,0,0,'2016-07-18 05:12:24','2016-07-18 05:12:24',0,194),(353,5,265,0,0,'2016-07-18 05:15:09','2016-07-18 05:15:09',0,194),(355,5,266,0,0,'2016-07-18 05:23:16','2016-07-18 05:23:16',0,194),(356,5,267,0,0,'2016-07-18 05:27:53','2016-07-18 05:27:53',0,194),(358,5,268,0,0,'2016-07-18 05:39:11','2016-07-18 05:39:11',0,194),(361,5,270,0,0,'2016-07-18 05:53:37','2016-07-18 05:53:37',0,194),(364,5,271,0,0,'2016-07-18 05:58:50','2016-07-18 05:58:50',0,194),(367,5,273,0,0,'2016-07-18 06:05:33','2016-07-18 06:05:33',0,194),(369,5,274,0,0,'2016-07-18 06:14:27','2016-07-18 06:14:27',0,194),(370,5,275,0,0,'2016-07-18 06:16:20','2016-07-18 06:16:20',0,194),(371,5,269,0,0,'2016-07-18 06:19:49','2016-07-18 06:19:49',0,194),(372,5,276,0,0,'2016-07-18 06:20:04','2016-07-18 06:20:04',0,194),(373,5,277,0,0,'2016-07-18 06:22:52','2016-07-18 06:22:52',0,194),(374,5,278,0,0,'2016-07-18 06:26:07','2016-07-18 06:26:07',0,194),(375,5,280,0,0,'2016-07-18 06:41:18','2016-07-18 06:41:18',0,194),(377,5,279,0,0,'2016-07-18 06:42:40','2016-07-18 06:42:40',0,194),(378,5,281,0,0,'2016-07-18 06:46:58','2016-07-18 06:46:58',0,194),(379,5,283,0,0,'2016-07-18 06:52:35','2016-07-18 06:52:35',0,194),(380,5,282,0,0,'2016-07-18 06:56:17','2016-07-18 06:56:17',0,194),(381,5,284,0,0,'2016-07-18 06:58:05','2016-07-18 06:58:05',0,194),(382,5,286,0,0,'2016-07-18 07:10:45','2016-07-18 07:10:45',0,194),(383,5,287,0,0,'2016-07-18 07:18:27','2016-07-18 07:18:27',0,194),(386,5,289,0,0,'2016-07-18 09:20:34','2016-07-18 09:20:34',0,194),(387,5,290,0,0,'2016-07-18 09:27:22','2016-07-18 09:27:22',0,194),(389,5,291,0,0,'2016-07-18 10:10:48','2016-07-18 10:10:48',0,194),(390,5,292,0,0,'2016-07-18 10:13:08','2016-07-18 10:13:08',0,194),(391,5,293,0,0,'2016-07-18 10:19:04','2016-07-18 10:19:04',0,194),(392,5,294,0,0,'2016-07-18 10:30:08','2016-07-18 10:30:08',0,194),(393,5,295,0,0,'2016-07-18 10:33:02','2016-07-18 10:33:02',0,194),(394,5,296,0,0,'2016-07-18 10:34:35','2016-07-18 10:34:35',0,194),(395,5,297,0,0,'2016-07-18 10:36:09','2016-07-18 10:36:09',0,194),(396,5,298,0,0,'2016-07-18 10:37:37','2016-07-18 10:37:37',0,194),(397,5,299,0,0,'2016-07-18 10:38:52','2016-07-18 10:38:52',0,194),(398,5,301,0,0,'2016-07-19 04:11:36','2016-07-19 04:11:36',0,194),(400,5,302,0,0,'2016-07-19 04:21:09','2016-07-19 04:21:09',0,194),(402,5,303,0,0,'2016-07-19 04:24:59','2016-07-19 04:24:59',0,194),(403,5,304,0,0,'2016-07-19 04:31:59','2016-07-19 04:31:59',0,194),(404,5,300,0,0,'2016-07-19 04:32:51','2016-07-19 04:32:51',0,194),(406,5,305,0,0,'2016-07-19 04:41:52','2016-07-19 04:41:52',0,194),(407,5,309,0,0,'2016-07-19 04:50:42','2016-07-19 04:50:42',0,194),(408,5,308,0,0,'2016-07-19 04:55:04','2016-07-19 04:55:04',0,194),(409,5,310,0,0,'2016-07-19 04:58:36','2016-07-19 04:58:36',0,194),(410,5,311,0,0,'2016-07-19 05:02:34','2016-07-19 05:02:34',0,194),(411,5,312,0,0,'2016-07-19 05:07:22','2016-07-19 05:07:22',0,194),(412,5,313,0,0,'2016-07-19 05:10:33','2016-07-19 05:10:33',0,194),(413,5,315,0,0,'2016-07-19 05:13:48','2016-07-19 05:13:48',0,194),(415,5,314,0,0,'2016-07-19 05:18:17','2016-07-19 05:18:17',0,194),(416,5,316,0,0,'2016-07-19 05:18:59','2016-07-19 05:18:59',0,194),(417,5,317,0,0,'2016-07-19 05:23:31','2016-07-19 05:23:31',0,194),(420,5,319,0,0,'2016-07-19 06:34:53','2016-07-19 06:34:53',0,194),(421,5,320,0,0,'2016-07-19 06:38:56','2016-07-19 06:38:56',0,194),(422,5,321,0,0,'2016-07-19 06:40:28','2016-07-19 06:40:28',0,194),(423,5,322,0,0,'2016-07-19 06:41:48','2016-07-19 06:41:48',0,194),(424,5,323,0,0,'2016-07-19 06:44:51','2016-07-19 06:44:51',0,194),(425,5,324,0,0,'2016-07-19 06:48:01','2016-07-19 06:48:01',0,194),(426,5,325,0,0,'2016-07-19 06:49:15','2016-07-19 06:49:15',0,194),(427,5,326,0,0,'2016-07-19 06:50:53','2016-07-19 06:50:53',0,194),(428,5,327,0,0,'2016-07-19 06:54:14','2016-07-19 06:54:14',0,194),(429,5,328,0,0,'2016-07-19 06:56:11','2016-07-19 06:56:11',0,194),(430,5,329,0,0,'2016-07-19 06:58:15','2016-07-19 06:58:15',0,194),(432,5,318,0,0,'2016-07-19 08:24:03','2016-07-19 08:24:03',0,194),(433,5,330,0,0,'2016-07-19 08:33:54','2016-07-19 08:33:54',0,194),(434,5,331,0,0,'2016-07-19 08:38:57','2016-07-19 08:38:57',0,194),(436,5,333,0,0,'2016-07-19 08:44:51','2016-07-19 08:44:51',0,194),(438,5,334,0,0,'2016-07-19 08:47:40','2016-07-19 08:47:40',0,194),(439,5,335,0,0,'2016-07-19 08:52:56','2016-07-19 08:52:56',0,194),(441,5,336,0,0,'2016-07-19 08:56:32','2016-07-19 08:56:32',0,194),(444,5,337,0,0,'2016-07-19 08:59:16','2016-07-19 08:59:16',0,194),(445,5,338,0,0,'2016-07-19 09:01:07','2016-07-19 09:01:07',0,194),(457,5,341,0,0,'2016-07-19 09:52:18','2016-07-19 09:52:18',0,194),(463,5,344,0,0,'2016-07-19 10:07:10','2016-07-19 10:07:10',0,194),(465,5,345,0,0,'2016-07-19 10:09:00','2016-07-19 10:09:00',0,194),(466,5,340,0,0,'2016-07-19 10:11:44','2016-07-19 10:11:44',0,194),(470,5,347,0,0,'2016-07-19 10:23:53','2016-07-19 10:23:53',0,194),(473,5,349,0,0,'2016-07-19 10:29:13','2016-07-19 10:29:13',0,194),(481,5,354,0,0,'2016-07-19 10:42:06','2016-07-19 10:42:06',0,194),(485,5,356,0,0,'2016-07-20 04:08:31','2016-07-20 04:08:31',0,194),(486,5,346,0,0,'2016-07-20 04:10:52','2016-07-20 04:10:52',0,194),(487,5,357,0,0,'2016-07-20 04:13:58','2016-07-20 04:13:58',0,194),(491,5,362,0,0,'2016-07-20 04:50:49','2016-07-20 04:50:49',0,194),(492,5,363,0,0,'2016-07-20 04:57:12','2016-07-20 04:57:12',0,194),(495,5,364,0,0,'2016-07-20 05:03:40','2016-07-20 05:03:40',0,194),(496,5,365,0,0,'2016-07-20 05:08:50','2016-07-20 05:08:50',0,194),(497,5,366,0,0,'2016-07-20 05:10:29','2016-07-20 05:10:29',0,194),(498,5,367,0,0,'2016-07-20 05:14:17','2016-07-20 05:14:17',0,194),(499,5,368,0,0,'2016-07-20 05:16:30','2016-07-20 05:16:30',0,194),(503,5,370,0,0,'2016-07-20 05:24:01','2016-07-20 05:24:01',0,194),(504,5,361,0,0,'2016-07-20 05:37:14','2016-07-20 05:37:14',0,194),(505,5,371,0,0,'2016-07-20 05:43:08','2016-07-20 05:43:08',0,194),(508,5,374,0,0,'2016-07-20 05:56:30','2016-07-20 05:56:30',0,194),(509,5,375,0,0,'2016-07-20 06:01:59','2016-07-20 06:01:59',0,194),(510,6,14,0,0,'2016-07-20 06:05:21','2016-07-20 06:05:21',0,194),(512,5,377,0,0,'2016-07-20 06:12:22','2016-07-20 06:12:22',0,194),(514,5,379,0,0,'2016-07-20 06:15:02','2016-07-20 06:15:02',0,194),(517,5,382,0,0,'2016-07-20 06:24:16','2016-07-20 06:24:16',0,194),(518,5,381,0,0,'2016-07-20 06:25:39','2016-07-20 06:25:39',0,194),(519,5,384,0,0,'2016-07-20 06:27:27','2016-07-20 06:27:27',0,194),(521,5,385,0,0,'2016-07-20 06:32:43','2016-07-20 06:32:43',0,194),(522,5,386,0,0,'2016-07-20 06:39:07','2016-07-20 06:39:07',0,194),(523,5,387,0,0,'2016-07-20 06:42:06','2016-07-20 06:42:06',0,194),(524,5,388,0,0,'2016-07-20 06:44:30','2016-07-20 06:44:30',0,194),(525,5,389,0,0,'2016-07-20 06:46:18','2016-07-20 06:46:18',0,194),(526,5,390,0,0,'2016-07-20 06:48:21','2016-07-20 06:48:21',0,194),(527,5,391,0,0,'2016-07-20 06:51:01','2016-07-20 06:51:01',0,194),(528,5,392,0,0,'2016-07-20 06:53:01','2016-07-20 06:53:01',0,194),(529,5,393,0,0,'2016-07-20 06:56:14','2016-07-20 06:56:14',0,194),(530,5,394,0,0,'2016-07-20 06:58:31','2016-07-20 06:58:31',0,194),(531,5,395,0,0,'2016-07-20 07:00:54','2016-07-20 07:00:54',0,194),(533,5,396,0,0,'2016-07-20 07:04:26','2016-07-20 07:04:26',0,194),(534,5,397,0,0,'2016-07-20 07:05:46','2016-07-20 07:05:46',0,194),(535,5,398,0,0,'2016-07-20 07:06:46','2016-07-20 07:06:46',0,194),(536,5,399,0,0,'2016-07-20 07:08:53','2016-07-20 07:08:53',0,194),(538,5,401,0,0,'2016-07-20 07:15:32','2016-07-20 07:15:32',0,194),(539,5,402,0,0,'2016-07-20 07:17:43','2016-07-20 07:17:43',0,194),(540,5,403,0,0,'2016-07-20 07:18:40','2016-07-20 07:18:40',0,194),(541,5,404,0,0,'2016-07-20 07:20:37','2016-07-20 07:20:37',0,194),(542,5,405,0,0,'2016-07-20 07:22:10','2016-07-20 07:22:10',0,194),(543,5,406,0,0,'2016-07-20 07:23:09','2016-07-20 07:23:09',0,194),(544,5,407,0,0,'2016-07-20 07:25:28','2016-07-20 07:25:28',0,194),(545,5,408,0,0,'2016-07-20 07:26:38','2016-07-20 07:26:38',0,194),(546,5,409,0,0,'2016-07-20 07:28:33','2016-07-20 07:28:33',0,194),(548,5,410,0,0,'2016-07-20 08:42:47','2016-07-20 08:42:47',0,194),(549,5,411,0,0,'2016-07-20 08:46:52','2016-07-20 08:46:52',0,194),(550,5,412,0,0,'2016-07-20 08:49:47','2016-07-20 08:49:47',0,194),(551,5,413,0,0,'2016-07-20 08:53:35','2016-07-20 08:53:35',0,194),(552,5,414,0,0,'2016-07-20 09:00:13','2016-07-20 09:00:13',0,194),(553,5,415,0,0,'2016-07-20 09:05:23','2016-07-20 09:05:23',0,194),(554,5,416,0,0,'2016-07-20 09:06:34','2016-07-20 09:06:34',0,194),(555,5,417,0,0,'2016-07-20 09:10:09','2016-07-20 09:10:09',0,194),(561,5,421,0,0,'2016-07-20 09:47:00','2016-07-20 09:47:00',0,194),(564,5,423,0,0,'2016-07-20 09:54:23','2016-07-20 09:54:23',0,194),(565,5,424,0,0,'2016-07-20 09:55:47','2016-07-20 09:55:47',0,194),(567,5,425,0,0,'2016-07-20 10:14:39','2016-07-20 10:14:39',0,194),(568,5,426,0,0,'2016-07-20 10:21:39','2016-07-20 10:21:39',0,194),(570,5,427,0,0,'2016-07-21 03:42:36','2016-07-21 03:42:36',0,194),(572,5,428,0,0,'2016-07-21 03:56:11','2016-07-21 03:56:11',0,194),(573,5,430,0,0,'2016-07-21 03:59:12','2016-07-21 03:59:12',0,194),(577,5,433,0,0,'2016-07-21 04:06:48','2016-07-21 04:06:48',0,194),(584,8,119,0,0,'2016-07-21 04:42:42','2016-07-21 04:42:42',0,194),(588,5,437,0,0,'2016-07-21 05:10:07','2016-07-21 05:10:07',0,194),(591,5,440,0,0,'2016-07-21 05:19:03','2016-07-21 05:19:03',0,194),(593,5,442,0,0,'2016-07-21 05:24:56','2016-07-21 05:24:56',0,194),(594,8,443,0,0,'2016-07-21 05:25:26','2016-07-21 05:25:26',0,194),(595,5,444,0,0,'2016-07-21 05:29:32','2016-07-21 05:29:32',0,194),(598,8,127,0,0,'2016-07-21 05:33:58','2016-07-21 05:33:58',0,194),(601,8,447,0,0,'2016-07-21 06:03:23','2016-07-21 06:03:23',0,194),(602,8,129,0,0,'2016-07-21 06:04:29','2016-07-21 06:04:29',0,194),(604,8,449,0,0,'2016-07-21 06:18:05','2016-07-21 06:18:05',0,194),(621,5,139,0,0,'2016-07-24 04:08:56','2016-07-24 04:08:56',0,91),(623,5,143,0,0,'2016-07-24 04:28:34','2016-07-24 04:28:34',0,91),(627,5,153,0,0,'2016-07-24 04:40:02','2016-07-24 04:40:02',0,91),(628,1,165,0,0,'2016-07-24 04:47:58','2016-07-24 04:47:58',0,91),(630,8,448,0,0,'2016-07-24 05:07:23','2016-07-24 05:07:23',0,194),(631,8,455,0,0,'2016-07-24 05:09:55','2016-07-24 05:09:55',0,194),(633,8,456,0,0,'2016-07-24 05:23:14','2016-07-24 05:23:14',0,194),(634,8,457,0,0,'2016-07-24 05:34:42','2016-07-24 05:34:42',0,194),(635,8,458,0,0,'2016-07-24 05:38:45','2016-07-24 05:38:45',0,194),(637,8,459,0,0,'2016-07-24 05:58:14','2016-07-24 05:58:14',0,194),(642,2,461,0,0,'2016-07-24 08:57:57','2016-07-24 08:57:57',0,194),(644,2,462,0,0,'2016-07-24 09:10:32','2016-07-24 09:10:32',0,194),(645,2,463,0,0,'2016-07-24 09:13:37','2016-07-24 09:13:37',0,194),(662,2,467,0,0,'2016-07-25 04:46:57','2016-07-25 04:46:57',0,194),(663,2,468,0,0,'2016-07-25 04:50:18','2016-07-25 04:50:18',0,194),(664,2,469,0,0,'2016-07-25 04:54:18','2016-07-25 04:54:18',0,194),(669,2,471,0,0,'2016-07-25 05:24:23','2016-07-25 05:24:23',0,194),(670,1,200,0,0,'2016-07-25 05:25:58','2016-07-25 05:25:58',0,91),(671,5,207,0,0,'2016-07-25 05:26:41','2016-07-25 05:26:41',0,91),(674,2,472,0,0,'2016-07-25 05:39:16','2016-07-25 05:39:16',0,194),(681,2,473,0,0,'2016-07-25 06:13:18','2016-07-25 06:13:18',0,194),(682,2,474,0,0,'2016-07-25 06:16:48','2016-07-25 06:16:48',0,194),(686,5,288,0,0,'2016-07-25 06:31:07','2016-07-25 06:31:07',0,91),(687,1,285,0,0,'2016-07-25 06:31:46','2016-07-25 06:31:46',0,91),(690,2,476,0,0,'2016-07-25 06:52:53','2016-07-25 06:52:53',0,194),(691,2,477,0,0,'2016-07-25 06:55:33','2016-07-25 06:55:33',0,194),(695,2,478,0,0,'2016-07-25 09:20:53','2016-07-25 09:20:53',0,194),(696,2,479,0,0,'2016-07-25 09:34:12','2016-07-25 09:34:12',0,194),(697,5,378,0,0,'2016-07-25 09:39:25','2016-07-25 09:39:25',0,91),(699,2,480,0,0,'2016-07-25 09:48:34','2016-07-25 09:48:34',0,194),(701,2,481,0,0,'2016-07-25 10:05:19','2016-07-25 10:05:19',0,194),(703,2,482,0,0,'2016-07-25 10:19:24','2016-07-25 10:19:24',0,194),(704,2,483,0,0,'2016-07-25 10:21:01','2016-07-25 10:21:01',0,194),(706,2,484,0,0,'2016-07-25 10:32:34','2016-07-25 10:32:34',0,194),(712,2,488,0,0,'2016-07-26 04:51:37','2016-07-26 04:51:37',0,194),(715,2,486,0,0,'2016-07-26 05:00:47','2016-07-26 05:00:47',0,194),(720,2,489,0,0,'2016-07-26 05:16:57','2016-07-26 05:16:57',0,194),(722,2,491,0,0,'2016-07-26 05:24:07','2016-07-26 05:24:07',0,194),(723,2,492,0,0,'2016-07-26 05:27:27','2016-07-26 05:27:27',0,194),(724,2,490,0,0,'2016-07-26 05:45:46','2016-07-26 05:45:46',0,194),(726,2,494,0,0,'2016-07-26 05:49:58','2016-07-26 05:49:58',0,194),(729,2,493,0,0,'2016-07-26 06:02:55','2016-07-26 06:02:55',0,194),(735,2,496,0,0,'2016-07-26 06:21:37','2016-07-26 06:21:37',0,194),(740,2,498,0,0,'2016-07-26 06:58:49','2016-07-26 06:58:49',0,194),(745,2,500,0,0,'2016-07-26 07:12:11','2016-07-26 07:12:11',0,194),(748,2,502,0,0,'2016-07-26 09:14:21','2016-07-26 09:14:21',0,194),(757,2,501,0,0,'2016-07-26 10:14:50','2016-07-26 10:14:50',0,194),(758,2,485,0,0,'2016-07-26 10:17:23','2016-07-26 10:17:23',0,194),(759,2,503,0,0,'2016-07-26 10:24:57','2016-07-26 10:24:57',0,194),(762,2,505,0,0,'2016-07-27 04:02:01','2016-07-27 04:02:01',0,194),(764,2,506,0,0,'2016-07-27 04:13:53','2016-07-27 04:13:53',0,194),(765,2,507,0,0,'2016-07-27 04:23:09','2016-07-27 04:23:09',0,194),(768,2,508,0,0,'2016-07-27 04:53:48','2016-07-27 04:53:48',0,194),(769,7,510,0,0,'2016-07-27 05:25:29','2016-07-27 05:25:29',0,194),(771,2,509,0,0,'2016-07-27 05:34:05','2016-07-27 05:34:05',0,194),(772,7,511,0,0,'2016-07-27 05:35:41','2016-07-27 05:35:41',0,194),(773,5,400,0,0,'2016-07-27 05:37:10','2016-07-27 05:37:10',0,91),(774,5,418,0,0,'2016-07-27 05:50:48','2016-07-27 05:50:48',0,91),(776,5,419,0,0,'2016-07-27 05:51:59','2016-07-27 05:51:59',0,91),(777,7,512,0,0,'2016-07-27 05:53:23','2016-07-27 05:53:23',0,194),(778,5,420,0,0,'2016-07-27 05:56:13','2016-07-27 05:56:13',0,91),(779,5,422,0,0,'2016-07-27 06:00:08','2016-07-27 06:00:08',0,91),(780,7,513,0,0,'2016-07-27 06:04:49','2016-07-27 06:04:49',0,194),(781,2,515,0,0,'2016-07-27 06:12:48','2016-07-27 06:12:48',0,194),(784,2,516,0,0,'2016-07-27 06:24:54','2016-07-27 06:24:54',0,194),(785,7,517,0,0,'2016-07-27 06:36:39','2016-07-27 06:36:39',0,194),(787,7,519,0,0,'2016-07-27 06:43:11','2016-07-27 06:43:11',0,194),(788,2,520,0,0,'2016-07-27 06:45:15','2016-07-27 06:45:15',0,194),(790,2,522,0,0,'2016-07-27 06:53:55','2016-07-27 06:53:55',0,194),(793,7,521,0,0,'2016-07-27 08:47:06','2016-07-27 08:47:06',0,194),(796,7,525,0,0,'2016-07-27 09:21:10','2016-07-27 09:21:10',0,194),(797,7,526,0,0,'2016-07-27 09:29:42','2016-07-27 09:29:42',0,194),(798,7,527,0,0,'2016-07-27 09:41:26','2016-07-27 09:41:26',0,194),(802,7,530,0,0,'2016-07-27 10:27:02','2016-07-27 10:27:02',0,194),(809,2,534,0,0,'2016-07-28 04:18:28','2016-07-28 04:18:28',0,194),(810,7,531,0,0,'2016-07-28 04:26:31','2016-07-28 04:26:31',0,194),(811,7,535,0,0,'2016-07-28 04:31:16','2016-07-28 04:31:16',0,194),(813,7,537,0,0,'2016-07-28 04:38:54','2016-07-28 04:38:54',0,194),(817,7,539,0,0,'2016-07-28 04:44:15','2016-07-28 04:44:15',0,194),(819,7,541,0,0,'2016-07-28 04:53:26','2016-07-28 04:53:26',0,194),(820,7,542,0,0,'2016-07-28 05:00:42','2016-07-28 05:00:42',0,194),(824,7,544,0,0,'2016-07-28 05:24:06','2016-07-28 05:24:06',0,194),(825,7,546,0,0,'2016-07-28 05:34:03','2016-07-28 05:34:03',0,194),(826,7,547,0,0,'2016-07-28 05:39:44','2016-07-28 05:39:44',0,194),(827,7,548,0,0,'2016-07-28 05:46:08','2016-07-28 05:46:08',0,194),(828,7,549,0,0,'2016-07-28 05:52:09','2016-07-28 05:52:09',0,194),(830,2,551,0,0,'2016-07-28 09:09:31','2016-07-28 09:09:31',0,194),(835,7,550,0,0,'2016-07-28 09:25:36','2016-07-28 09:25:36',0,194),(836,7,554,0,0,'2016-07-28 09:30:31','2016-07-28 09:30:31',0,194),(837,7,555,0,0,'2016-07-28 09:49:34','2016-07-28 09:49:34',0,194),(838,7,556,0,0,'2016-07-28 09:52:49','2016-07-28 09:52:49',0,194),(839,7,558,0,0,'2016-07-28 09:57:38','2016-07-28 09:57:38',0,194),(840,7,559,0,0,'2016-07-28 10:01:39','2016-07-28 10:01:39',0,194),(842,7,560,0,0,'2016-07-28 10:18:03','2016-07-28 10:18:03',0,194),(845,2,562,0,0,'2016-07-28 10:34:48','2016-07-28 10:34:48',0,194),(848,7,561,0,0,'2016-07-30 04:02:25','2016-07-30 04:02:25',0,194),(851,7,564,0,0,'2016-07-30 04:46:30','2016-07-30 04:46:30',0,194),(853,7,565,0,0,'2016-07-30 05:04:48','2016-07-30 05:04:48',0,194),(856,7,566,0,0,'2016-07-30 05:28:45','2016-07-30 05:28:45',0,194),(858,7,567,0,0,'2016-07-30 05:45:01','2016-07-30 05:45:01',0,194),(860,7,569,0,0,'2016-07-30 05:51:07','2016-07-30 05:51:07',0,194),(862,7,570,0,0,'2016-07-30 06:08:50','2016-07-30 06:08:50',0,194),(865,7,571,0,0,'2016-07-30 07:04:09','2016-07-30 07:04:09',0,194),(867,7,572,0,0,'2016-07-30 07:41:50','2016-07-30 07:41:50',0,194),(869,7,573,0,0,'2016-07-30 08:33:21','2016-07-30 08:33:21',0,194),(871,7,574,0,0,'2016-07-30 09:00:19','2016-07-30 09:00:19',0,194),(873,7,575,0,0,'2016-07-30 09:43:14','2016-07-30 09:43:14',0,194),(876,7,576,0,0,'2016-07-30 10:44:32','2016-07-30 10:44:32',0,194),(877,2,563,0,0,'2016-07-31 04:01:10','2016-07-31 04:01:10',0,194),(883,2,580,0,0,'2016-07-31 05:06:38','2016-07-31 05:06:38',0,194),(889,2,583,0,0,'2016-07-31 06:41:20','2016-07-31 06:41:20',0,194),(890,2,584,0,0,'2016-07-31 06:56:54','2016-07-31 06:56:54',0,194),(891,2,585,0,0,'2016-07-31 07:02:54','2016-07-31 07:02:54',0,194),(892,2,586,0,0,'2016-07-31 07:17:16','2016-07-31 07:17:16',0,194),(894,2,587,0,0,'2016-07-31 07:19:27','2016-07-31 07:19:27',0,194),(895,7,577,0,0,'2016-07-31 07:21:42','2016-07-31 07:21:42',0,194),(897,7,588,0,0,'2016-07-31 07:30:21','2016-07-31 07:30:21',0,194),(899,7,589,0,0,'2016-07-31 07:35:38','2016-07-31 07:35:38',0,194),(905,7,590,0,0,'2016-07-31 08:28:00','2016-07-31 08:28:00',0,194),(910,2,594,0,0,'2016-08-01 04:21:48','2016-08-01 04:21:48',0,194),(922,2,602,0,0,'2016-08-02 04:32:41','2016-08-02 04:32:41',0,194),(923,2,603,0,0,'2016-08-02 04:34:53','2016-08-02 04:34:53',0,194),(926,2,604,0,0,'2016-08-02 04:45:39','2016-08-02 04:45:39',0,194),(927,2,605,0,0,'2016-08-02 04:47:57','2016-08-02 04:47:57',0,194),(934,2,610,0,0,'2016-08-02 09:26:08','2016-08-02 09:26:08',0,194),(948,7,617,0,0,'2016-08-03 04:34:08','2016-08-03 04:34:08',0,194),(949,5,332,0,0,'2016-08-03 04:45:23','2016-08-03 04:45:23',0,91),(951,7,619,0,0,'2016-08-03 04:49:55','2016-08-03 04:49:55',0,194),(952,7,620,0,0,'2016-08-03 04:50:50','2016-08-03 04:50:50',0,194),(958,7,623,0,0,'2016-08-03 06:02:59','2016-08-03 06:02:59',0,194),(959,7,624,0,0,'2016-08-03 06:06:00','2016-08-03 06:06:00',0,194),(965,7,625,0,0,'2016-08-03 06:40:57','2016-08-03 06:40:57',0,194),(975,7,631,0,0,'2016-08-03 09:56:58','2016-08-03 09:56:58',0,194),(978,7,633,0,0,'2016-08-03 10:13:59','2016-08-03 10:13:59',0,194),(985,7,637,0,0,'2016-08-04 04:21:34','2016-08-04 04:21:34',0,194),(986,7,638,0,0,'2016-08-04 04:29:06','2016-08-04 04:29:06',0,194),(987,7,639,0,0,'2016-08-04 04:35:29','2016-08-04 04:35:29',0,194),(989,7,640,0,0,'2016-08-04 04:44:11','2016-08-04 04:44:11',0,194),(993,5,359,0,0,'2016-08-04 05:39:04','2016-08-04 05:39:04',0,91),(994,7,643,0,0,'2016-08-04 05:45:15','2016-08-04 05:45:15',0,194),(1000,7,647,0,0,'2016-08-04 06:27:50','2016-08-04 06:27:50',0,194),(1001,7,648,0,0,'2016-08-04 06:35:56','2016-08-04 06:35:56',0,194),(1002,7,649,0,0,'2016-08-04 06:39:48','2016-08-04 06:39:48',0,194),(1008,7,653,0,0,'2016-08-04 10:33:31','2016-08-04 10:33:31',0,194),(1010,7,654,0,0,'2016-08-04 10:45:35','2016-08-04 10:45:35',0,194),(1016,7,657,0,0,'2016-08-07 05:45:07','2016-08-07 05:45:07',0,194),(1017,7,658,0,0,'2016-08-07 06:08:16','2016-08-07 06:08:16',0,194),(1020,7,660,0,0,'2016-08-07 06:31:22','2016-08-07 06:31:22',0,194),(1021,7,661,0,0,'2016-08-07 06:46:00','2016-08-07 06:46:00',0,194),(1024,7,664,0,0,'2016-08-07 07:04:10','2016-08-07 07:04:10',0,194),(1025,5,192,0,0,'2016-08-07 07:27:13','2016-08-07 07:27:13',0,91),(1032,5,342,0,0,'2016-08-07 08:50:30','2016-08-07 08:50:30',0,91),(1034,5,343,0,0,'2016-08-07 08:54:53','2016-08-07 08:54:53',0,91),(1037,7,667,0,0,'2016-08-07 09:35:52','2016-08-07 09:35:52',0,194),(1041,7,670,0,0,'2016-08-07 10:12:26','2016-08-07 10:12:26',0,194),(1044,7,671,0,0,'2016-08-08 04:41:08','2016-08-08 04:41:08',0,194),(1045,7,672,0,0,'2016-08-08 04:44:28','2016-08-08 04:44:28',0,194),(1050,7,674,0,0,'2016-08-08 05:42:06','2016-08-08 05:42:06',0,194),(1053,7,675,0,0,'2016-08-08 06:31:13','2016-08-08 06:31:13',0,194),(1054,5,348,0,0,'2016-08-10 07:28:30','2016-08-10 07:28:30',0,91),(1055,5,350,0,0,'2016-08-10 07:33:58','2016-08-10 07:33:58',0,91),(1056,5,351,0,0,'2016-08-10 07:35:45','2016-08-10 07:35:45',0,91),(1057,5,352,0,0,'2016-08-10 07:38:58','2016-08-10 07:38:58',0,91),(1058,5,353,0,0,'2016-08-10 07:39:51','2016-08-10 07:39:51',0,91),(1059,5,355,0,0,'2016-08-10 07:41:10','2016-08-10 07:41:10',0,91),(1060,5,358,0,0,'2016-08-10 07:43:44','2016-08-10 07:43:44',0,91),(1061,5,360,0,0,'2016-08-10 07:46:38','2016-08-10 07:46:38',0,91),(1062,5,372,0,0,'2016-08-11 07:34:53','2016-08-11 07:34:53',0,91),(1063,5,373,0,0,'2016-08-11 07:36:56','2016-08-11 07:36:56',0,91),(1064,5,376,0,0,'2016-08-11 07:40:15','2016-08-11 07:40:15',0,91),(1065,5,380,0,0,'2016-08-14 09:00:16','2016-08-14 09:00:16',0,91),(1066,5,383,0,0,'2016-08-14 09:03:34','2016-08-14 09:03:34',0,91),(1067,5,431,0,0,'2016-08-14 09:13:55','2016-08-14 09:13:55',0,91),(1068,5,432,0,0,'2016-08-14 09:14:35','2016-08-14 09:14:35',0,91),(1069,5,434,0,0,'2016-08-14 09:15:42','2016-08-14 09:15:42',0,91),(1070,5,435,0,0,'2016-08-14 09:16:46','2016-08-14 09:16:46',0,91),(1079,5,436,0,0,'2016-08-14 09:26:50','2016-08-14 09:26:50',0,91),(1081,5,438,0,0,'2016-08-14 09:29:58','2016-08-14 09:29:58',0,91),(1082,5,439,0,0,'2016-08-14 09:32:00','2016-08-14 09:32:00',0,91),(1083,5,441,0,0,'2016-08-14 09:33:15','2016-08-14 09:33:15',0,91),(1084,5,445,0,0,'2016-08-14 09:34:21','2016-08-14 09:34:21',0,91),(1085,5,446,0,0,'2016-08-14 09:34:46','2016-08-14 09:34:46',0,91),(1087,8,676,0,0,'2016-08-18 04:40:09','2016-08-18 04:40:09',0,91),(1088,8,460,0,0,'2016-08-18 04:51:58','2016-08-18 04:51:58',0,91),(1090,8,450,0,0,'2016-08-21 04:19:25','2016-08-21 04:19:25',0,194),(1093,8,451,0,0,'2016-08-21 04:34:40','2016-08-21 04:34:40',0,194),(1094,8,452,0,0,'2016-08-21 04:35:38','2016-08-21 04:35:38',0,194),(1096,8,453,0,0,'2016-08-21 04:39:26','2016-08-21 04:39:26',0,194),(1107,5,339,0,0,'2016-08-28 06:20:08','2016-08-28 06:20:08',0,91),(1109,7,524,0,0,'2016-08-29 10:22:11','2016-08-29 10:22:11',0,91),(1110,2,464,0,0,'2016-08-29 10:22:40','2016-08-29 10:22:40',0,91),(1111,7,529,0,0,'2016-08-29 10:37:45','2016-08-29 10:37:45',0,91),(1112,2,470,0,0,'2016-08-29 10:38:11','2016-08-29 10:38:11',0,91),(1113,2,497,0,0,'2016-08-29 12:24:14','2016-08-29 12:24:14',0,91),(1114,2,499,0,0,'2016-08-29 12:25:21','2016-08-29 12:25:21',0,91),(1115,2,487,0,0,'2016-08-31 10:07:23','2016-08-31 10:07:23',0,91),(1119,2,495,0,0,'2016-08-31 10:24:00','2016-08-31 10:24:00',0,91),(1122,2,504,0,0,'2016-08-31 11:00:21','2016-08-31 11:00:21',0,91),(1123,2,677,0,0,'2016-09-05 11:28:45','2016-09-05 11:28:45',0,91),(1124,2,518,0,0,'2016-09-05 11:50:19','2016-09-05 11:50:19',0,91),(1127,2,523,0,0,'2016-09-19 10:26:42','2016-09-19 10:26:42',0,91),(1128,2,532,0,0,'2016-09-19 10:35:32','2016-09-19 10:35:32',0,91),(1129,2,533,0,0,'2016-09-19 10:55:36','2016-09-19 10:55:36',0,91),(1131,2,536,0,0,'2016-09-24 14:16:28','2016-09-24 14:16:28',0,91),(1132,2,538,0,0,'2016-09-24 15:13:03','2016-09-24 15:13:03',0,91),(1133,2,540,0,0,'2016-09-24 15:15:57','2016-09-24 15:15:57',0,91),(1135,2,543,0,0,'2016-09-24 15:24:05','2016-09-24 15:24:05',0,91),(1136,2,545,0,0,'2016-09-24 15:33:29','2016-09-24 15:33:29',0,91),(1137,2,552,0,0,'2016-09-25 10:32:52','2016-09-25 10:32:52',0,91),(1139,2,553,0,0,'2016-09-25 10:38:04','2016-09-25 10:38:04',0,91),(1141,2,578,0,0,'2016-09-25 11:16:49','2016-09-25 11:16:49',0,91),(1143,2,579,0,0,'2016-09-25 11:21:18','2016-09-25 11:21:18',0,91),(1146,2,581,0,0,'2016-09-25 12:14:33','2016-09-25 12:14:33',0,91),(1147,2,582,0,0,'2016-09-25 13:15:29','2016-09-25 13:15:29',0,91),(1148,2,591,0,0,'2016-09-25 13:56:49','2016-09-25 13:56:49',0,91),(1150,2,592,0,0,'2016-09-25 14:01:55','2016-09-25 14:01:55',0,91),(1153,2,593,0,0,'2016-09-25 14:12:33','2016-09-25 14:12:33',0,91),(1155,5,369,0,0,'2016-09-25 14:34:50','2016-09-25 14:34:50',0,91),(1161,2,595,0,0,'2016-09-25 14:58:21','2016-09-25 14:58:21',0,91),(1162,2,596,0,0,'2016-09-25 15:00:23','2016-09-25 15:00:23',0,91),(1163,2,597,0,0,'2016-09-25 15:02:30','2016-09-25 15:02:30',0,91),(1167,2,598,0,0,'2016-09-25 15:11:16','2016-09-25 15:11:16',0,91),(1168,2,599,0,0,'2016-09-25 15:14:48','2016-09-25 15:14:48',0,91),(1172,2,600,0,0,'2016-09-25 15:21:47','2016-09-25 15:21:47',0,91),(1173,2,601,0,0,'2016-09-25 15:39:29','2016-09-25 15:39:29',0,91),(1178,2,606,0,0,'2016-09-25 16:25:13','2016-09-25 16:25:13',0,91),(1189,2,609,0,0,'2016-09-26 12:58:37','2016-09-26 12:58:37',0,91),(1190,2,611,0,0,'2016-09-26 13:25:06','2016-09-26 13:25:06',0,91),(1191,7,514,0,0,'2016-09-26 13:39:52','2016-09-26 13:39:52',0,91),(1193,7,678,0,0,'2016-09-26 13:44:47','2016-09-26 13:44:47',0,91),(1194,7,528,0,0,'2016-09-26 14:24:33','2016-09-26 14:24:33',0,91),(1195,7,568,0,0,'2016-09-26 14:50:40','2016-09-26 14:50:40',0,91),(1196,1,612,0,0,'2016-09-26 15:21:13','2016-09-26 15:21:13',0,91),(1197,1,627,0,0,'2016-09-27 11:20:51','2016-09-27 11:20:51',0,91),(1200,7,652,0,0,'2016-09-27 11:26:00','2016-09-27 11:26:00',0,91),(1201,7,613,0,0,'2016-09-27 12:16:35','2016-09-27 12:16:35',0,91),(1202,7,618,0,0,'2016-09-27 12:18:27','2016-09-27 12:18:27',0,91),(1203,7,614,0,0,'2016-09-27 12:20:01','2016-09-27 12:20:01',0,91),(1204,7,615,0,0,'2016-09-27 12:20:59','2016-09-27 12:20:59',0,91),(1206,7,616,0,0,'2016-09-27 12:24:23','2016-09-27 12:24:23',0,91),(1207,7,682,0,0,'2016-09-27 12:25:08','2016-09-27 12:25:08',0,91),(1208,7,622,0,0,'2016-09-27 12:27:20','2016-09-27 12:27:20',0,91),(1209,7,626,0,0,'2016-09-27 12:28:59','2016-09-27 12:28:59',0,91),(1210,7,628,0,0,'2016-09-27 12:31:41','2016-09-27 12:31:41',0,91),(1211,7,629,0,0,'2016-09-27 12:32:43','2016-09-27 12:32:43',0,91),(1212,7,630,0,0,'2016-09-27 12:37:39','2016-09-27 12:37:39',0,91),(1213,7,632,0,0,'2016-09-27 12:39:01','2016-09-27 12:39:01',0,91),(1214,7,634,0,0,'2016-09-28 10:08:15','2016-09-28 10:08:15',0,91),(1216,7,635,0,0,'2016-09-28 10:11:35','2016-09-28 10:11:35',0,91),(1217,7,636,0,0,'2016-09-28 10:18:18','2016-09-28 10:18:18',0,91),(1218,7,641,0,0,'2016-09-28 10:19:16','2016-09-28 10:19:16',0,91),(1219,7,642,0,0,'2016-09-28 10:32:04','2016-09-28 10:32:04',0,91),(1221,7,644,0,0,'2016-09-28 10:34:15','2016-09-28 10:34:15',0,91),(1222,7,645,0,0,'2016-09-28 10:46:17','2016-09-28 10:46:17',0,91),(1223,7,646,0,0,'2016-09-28 10:47:03','2016-09-28 10:47:03',0,91),(1224,7,650,0,0,'2016-09-28 10:47:43','2016-09-28 10:47:43',0,91),(1226,7,655,0,0,'2016-09-28 10:48:51','2016-09-28 10:48:51',0,91),(1227,7,656,0,0,'2016-09-28 10:53:32','2016-09-28 10:53:32',0,91),(1228,7,659,0,0,'2016-09-28 10:57:23','2016-09-28 10:57:23',0,91),(1229,7,662,0,0,'2016-09-28 10:59:21','2016-09-28 10:59:21',0,91),(1230,7,663,0,0,'2016-09-28 10:59:50','2016-09-28 10:59:50',0,91),(1231,7,665,0,0,'2016-09-28 11:00:55','2016-09-28 11:00:55',0,91),(1232,7,666,0,0,'2016-09-28 11:01:43','2016-09-28 11:01:43',0,91),(1233,7,668,0,0,'2016-09-28 11:02:21','2016-09-28 11:02:21',0,91),(1234,7,669,0,0,'2016-09-28 11:02:40','2016-09-28 11:02:40',0,91),(1237,9,673,0,0,'2016-09-28 11:03:53','2016-09-28 11:03:53',0,91),(1238,7,673,0,0,'2016-09-28 11:03:53','2016-09-28 11:03:53',0,91),(1239,3,23,0,0,'2016-11-01 22:55:05','2016-11-01 22:55:05',0,708),(1240,4,683,0,0,'2016-11-03 00:54:05','2016-11-03 00:54:05',0,91),(1242,4,104,0,0,'2016-11-03 01:01:34','2016-11-03 01:01:34',0,91),(1243,3,20,0,0,'2016-11-03 02:12:01','2016-11-03 02:12:01',0,91),(1244,6,684,0,0,'2016-11-07 21:43:29','2016-11-07 21:43:29',0,91),(1245,4,685,0,0,'2016-11-09 21:48:53','2016-11-09 21:48:53',0,91),(1246,6,686,0,0,'2016-11-09 22:12:36','2016-11-09 22:12:36',0,91),(1247,3,19,0,0,'2016-11-10 01:22:07','2016-11-10 01:22:07',0,91),(1248,3,688,0,0,'2016-11-10 01:35:44','2016-11-10 01:35:44',0,91),(1249,3,689,0,0,'2016-11-10 22:42:55','2016-11-10 22:42:55',0,708),(1250,4,91,0,0,'2016-11-13 22:58:49','2016-11-13 22:58:49',0,91),(1251,3,37,0,0,'2016-11-13 23:29:11','2016-11-13 23:29:11',0,91),(1253,3,25,0,0,'2016-11-17 22:02:29','2016-11-17 22:02:29',0,91),(1254,2,475,0,0,'2016-11-20 20:20:01','2016-11-20 20:20:01',0,91),(1255,6,12,0,0,'2016-11-22 02:21:28','2016-11-22 02:21:28',0,91),(1256,6,1,0,0,'2016-11-22 02:22:17','2016-11-22 02:22:17',0,91),(1258,3,690,0,0,'2016-11-24 00:53:22','2016-11-24 00:53:22',0,91),(1259,3,691,0,0,'2016-11-24 00:55:17','2016-11-24 00:55:17',0,91),(1260,4,692,0,0,'2016-11-28 23:34:50','2016-11-28 23:34:50',0,91),(1261,4,84,0,0,'2016-11-29 20:34:48','2016-11-29 20:34:48',0,91),(1262,2,465,0,0,'2016-11-30 01:20:27','2016-11-30 01:20:27',0,91),(1263,3,46,0,0,'2016-11-30 20:28:23','2016-11-30 20:28:23',0,91),(1266,8,454,0,0,'2016-12-12 20:47:40','2016-12-12 20:47:40',0,708),(1270,8,466,0,0,'2016-12-19 20:34:55','2016-12-19 20:34:55',0,91),(1272,2,608,0,0,'2016-12-19 20:38:05','2016-12-19 20:38:05',0,91),(1273,2,607,0,0,'2016-12-19 20:38:45','2016-12-19 20:38:45',0,91),(1274,4,272,0,0,'2016-12-19 20:39:17','2016-12-19 20:39:17',0,91),(1275,3,49,0,0,'2016-12-19 20:39:32','2016-12-19 20:39:32',0,91),(1276,3,17,0,0,'2017-01-09 20:45:27','2017-01-09 20:45:27',0,708);

/*Table structure for table `tbl_test_name` */

DROP TABLE IF EXISTS `tbl_test_name`;

CREATE TABLE `tbl_test_name` (
  `tst_id` int(10) unsigned NOT NULL AUTO_INCREMENT,
  `tst_name` varchar(255) COLLATE utf8_unicode_ci NOT NULL,
  `created_at` timestamp NOT NULL DEFAULT '0000-00-00 00:00:00',
  `updated_at` timestamp NOT NULL DEFAULT '0000-00-00 00:00:00',
  `is_locked` int(11) NOT NULL,
  `updated_by` int(11) NOT NULL,
  PRIMARY KEY (`tst_id`),
  KEY `tbl_test_name_tst_name_unique` (`tst_name`)
) ENGINE=InnoDB AUTO_INCREMENT=693 DEFAULT CHARSET=utf8 COLLATE=utf8_unicode_ci;

/*Data for the table `tbl_test_name` */

insert  into `tbl_test_name`(`tst_id`,`tst_name`,`created_at`,`updated_at`,`is_locked`,`updated_by`) values (1,'Metal-Metal Alloy: Ferrous (Iron/Steel/Cast Iron/Stainless Steel)','2016-05-17 04:46:30','2016-11-22 02:22:17',0,91),(2,'Ceramic','2016-05-17 05:37:19','2016-05-17 05:39:54',0,91),(3,'Packaging Material','2016-05-17 05:51:25','2016-05-17 05:52:35',0,91),(4,'Pressure Gauges','2016-05-17 05:56:11','2016-05-17 05:58:43',0,91),(5,'Oxygen Meter','2016-05-17 06:02:22','2016-05-17 06:03:07',0,91),(6,'Mineral Sample','2016-05-17 06:04:10','2016-05-17 06:04:35',0,91),(7,'Plastic and Polymer','2016-05-17 06:09:45','2016-05-17 06:24:45',0,91),(8,'Steel Wire','2016-05-17 06:36:22','2016-05-17 06:37:56',0,91),(9,'Electric Cable','2016-05-17 06:39:29','2016-05-17 06:44:44',0,91),(10,'Rubber/Rubber Products','2016-05-17 06:51:06','2016-05-17 07:02:17',0,91),(11,'fghfgh','2016-05-17 06:59:41','2016-05-17 08:44:25',0,91),(12,'Metal-Metal Alloy : Non Ferrous (Aluminium, Copper)','2016-05-17 07:06:05','2016-11-22 02:21:28',0,91),(13,'Ceramic Matrix Composite','2016-05-17 07:19:02','2016-05-17 07:24:58',0,91),(14,'thiner','2016-05-17 07:25:33','2016-07-20 06:05:21',0,194),(15,'Battery','2016-05-18 05:02:41','2016-05-18 05:03:58',0,91),(16,'Liquid Fuel ','2016-05-18 05:19:31','2016-05-18 07:58:32',0,91),(17,'Bio-Diesel (1)','2016-05-18 05:31:05','2017-01-09 20:45:27',0,708),(18,'Biogas','2016-05-18 05:50:31','2016-05-18 05:51:42',0,91),(19,'Briquette','2016-05-18 05:53:11','2016-11-10 01:22:07',0,91),(20,'Lubricating Oil','2016-05-18 06:02:37','2016-11-03 02:12:00',0,91),(23,'Charcoal','2016-05-18 06:11:05','2016-11-01 22:55:05',0,708),(24,'fghfgh','2016-05-18 06:11:28','2016-05-18 06:11:33',0,91),(25,'Coal','2016-05-18 06:21:41','2016-11-17 22:02:29',0,91),(26,'Charcoal','2016-05-18 06:22:43','2016-05-18 06:22:51',0,91),(27,'Diesel','2016-05-18 06:49:03','2016-05-18 06:56:10',0,91),(28,'Electronic Ballast','2016-05-18 07:34:25','2016-05-18 07:37:38',0,91),(29,'Furnace Oil','2016-05-18 07:38:00','2016-05-18 07:40:52',0,91),(30,'Grease','2016-05-18 07:48:39','2016-05-18 07:50:11',0,91),(31,'Improved Cookstove ','2016-05-18 07:52:15','2016-05-18 07:52:45',0,91),(32,'IPS/UPS','2016-05-18 07:53:17','2016-05-18 07:54:23',0,91),(33,'LED/CFL/Tube Light/Incandescent Lamp','2016-05-18 07:56:02','2016-05-18 07:56:53',0,91),(34,'Natural Gas','2016-05-19 03:38:47','2016-05-19 03:40:00',0,91),(35,'Octane ','2016-05-19 03:40:22','2016-07-17 06:01:11',0,91),(36,'Petrol','2016-05-19 04:20:24','2016-05-19 04:34:00',0,91),(37,'Pyrolysis Oil','2016-05-19 06:00:56','2016-11-13 23:29:11',0,91),(38,'Solar Cell','2016-05-19 06:18:59','2016-05-19 06:20:28',0,91),(39,'Solar Charge Controller','2016-05-19 09:35:46','2016-05-19 09:36:45',0,91),(40,'Solar Panel/Module(51-120 watt)','2016-05-19 09:38:06','2016-05-19 09:39:58',0,91),(41,'Solar Panel/Module(1-50 watt)','2016-05-19 09:41:17','2016-05-19 09:42:12',0,91),(42,'Solar Panel/Module(121-260 watt)','2016-05-19 09:43:49','2016-05-19 09:44:35',0,91),(43,'Solid fuel (charcoal/coal/coke/briquette)','2016-05-19 09:46:51','2016-05-19 10:07:37',0,91),(44,'Transformer Oil','2016-05-22 03:52:24','2016-05-22 03:57:57',0,91),(45,'Sweage Sludge ','2016-05-22 03:58:26','2016-05-22 04:00:10',0,91),(46,'Solid/Powder/Film Materials','2016-05-22 04:01:22','2016-11-30 20:28:23',0,91),(47,'Solid Wastes i.e. Garbage and Others','2016-05-22 04:11:23','2016-05-22 04:14:54',0,91),(48,'Solid Materials (Coke breeze, Magnetic, Dielectric etc.)','2016-05-22 04:15:40','2016-05-22 04:17:42',0,91),(49,'Waste Water/Effluent Water (5)','2016-05-22 04:18:15','2016-12-19 20:39:32',0,91),(50,'Feldspar','2016-05-22 07:08:18','2016-05-30 05:07:04',0,91),(51,'Fertilizer','2016-05-22 07:14:11','2016-05-22 07:14:58',0,91),(52,'Fly Ash','2016-05-22 07:15:46','2016-05-22 07:17:58',0,91),(53,'Glass','2016-05-22 07:24:02','2016-05-22 07:29:10',0,91),(54,'Gypsum','2016-05-22 07:37:54','2016-05-22 07:39:23',0,91),(55,'Inorganic Acids','2016-05-22 07:41:15','2016-05-22 07:44:00',0,91),(56,'Inorganic Chemicals','2016-05-22 07:47:54','2016-05-22 07:52:24',0,91),(57,'Inorganic Pigment','2016-05-22 07:56:56','2016-07-17 10:05:02',0,91),(58,'Lime Stone','2016-05-22 08:05:39','2016-05-24 04:56:23',0,91),(59,'Liquid Ceramic','2016-05-24 05:36:35','2016-05-24 05:37:05',0,91),(60,'Liquid Ceramic Enamel','2016-05-24 05:37:53','2016-05-24 05:38:06',0,91),(61,'Liquid Sample','2016-05-24 05:40:21','2016-05-24 05:52:59',0,91),(62,'Lithopone','2016-05-24 05:56:13','2016-05-24 05:56:45',0,91),(63,'Magnesium Sulfate','2016-05-24 05:57:58','2016-05-24 05:59:21',0,91),(64,'Mineral Sample','2016-05-25 06:23:42','2016-05-25 06:30:26',0,91),(65,'Mug','2016-05-25 06:35:10','2016-05-25 06:36:11',0,91),(66,'Organic Acids','2016-05-25 06:48:50','2016-05-25 06:49:03',0,91),(67,'Phosphoric Acid','2016-05-25 06:49:41','2016-05-25 06:51:54',0,91),(68,'Plate','2016-05-25 06:53:42','2016-05-25 06:55:41',0,91),(69,'Porcelain Wares','2016-05-25 06:57:24','2016-05-25 06:58:47',0,91),(70,'Potassium Silicate','2016-05-26 03:36:03','2016-05-26 03:37:22',0,91),(71,'Powder Material','2016-05-26 03:38:39','2016-05-26 03:39:12',0,91),(72,'Quartz','2016-05-26 03:47:13','2016-05-26 03:51:17',0,91),(73,'Red Iron Oxide','2016-05-26 03:51:36','2016-05-26 03:53:33',0,91),(74,'Refractory Material','2016-05-26 04:00:05','2016-05-26 04:05:15',0,91),(75,'Rice Husk Ash','2016-05-26 04:13:55','2016-05-26 04:15:17',0,91),(76,'Rock','2016-05-26 04:16:32','2016-05-26 04:18:06',0,91),(77,'Sand','2016-05-26 04:19:34','2016-05-26 04:26:17',0,91),(78,'Semi Solid Ceramic','2016-05-26 04:28:12','2016-05-26 04:28:23',0,91),(79,'Slag','2016-05-26 04:28:59','2016-05-26 04:30:07',0,91),(80,'Solid unknown Samples','2016-05-26 04:31:28','2016-05-26 04:33:56',0,91),(81,'Stone Wares','2016-05-26 07:27:20','2016-05-26 07:28:37',0,91),(82,'Sulphur','2016-05-26 07:30:02','2016-05-26 07:31:43',0,91),(83,'Sulphuric Acid','2016-05-26 07:33:18','2016-05-26 07:38:20',0,91),(84,'Tiles','2016-05-26 07:39:11','2016-11-29 20:34:48',0,91),(85,'Urea Formaldehyde','2016-05-26 07:43:54','2016-05-26 07:46:03',0,91),(86,'Zinc Ash','2016-05-26 07:46:28','2016-05-26 07:47:01',0,91),(87,'Zinc Dust','2016-05-26 07:48:21','2016-05-26 07:49:36',0,91),(88,'All Types of Ceramic Minerals/Minerals/Raw','2016-05-30 05:08:58','2016-05-30 05:09:12',0,91),(89,'All Types of Inorganic Pigments','2016-05-30 05:10:58','2016-05-30 05:11:13',0,91),(90,'Alloy','2016-05-30 05:11:38','2016-05-30 05:16:10',0,91),(91,'Alum','2016-05-30 05:21:16','2016-11-13 22:58:49',0,91),(92,'Alumina','2016-05-30 05:29:12','2016-05-30 05:30:16',0,91),(93,'Antimonical Lead','2016-05-30 05:33:22','2016-05-30 05:34:27',0,91),(94,'Bauxite','2016-05-30 05:38:32','2016-05-30 05:40:14',0,91),(95,'Black Iron Oxide','2016-05-30 05:42:25','2016-05-30 05:43:40',0,91),(96,'Boiler Scale','2016-05-30 05:45:15','2016-05-30 05:46:19',0,91),(97,'Bowl','2016-05-30 05:48:11','2016-05-30 05:50:26',0,91),(98,'Brick','2016-05-30 05:52:13','2016-05-30 05:53:53',0,91),(99,'Calcium Additive','2016-05-30 05:55:58','2016-05-30 05:57:24',0,91),(100,'Castable Material','2016-05-30 05:58:55','2016-05-30 05:59:57',0,91),(101,'Caustic Soda','2016-05-30 06:01:16','2016-05-30 06:02:01',0,91),(102,'Cement Clinker','2016-05-30 06:11:08','2016-06-02 04:44:20',0,91),(103,'Ceramic Artical','2016-05-30 06:30:20','2016-05-30 06:30:43',0,91),(104,'Ceramic Finished Products','2016-05-30 09:37:20','2016-11-03 01:01:34',0,91),(105,'Ceramic Glazes','2016-05-30 09:44:18','2016-05-30 09:45:23',0,91),(106,'Ceramic Material','2016-06-01 06:15:23','2016-06-01 06:21:15',0,91),(107,'Ceramic Raw Materials','2016-06-01 06:23:16','2016-06-01 06:25:04',0,91),(108,'Ceramic Tablewares','2016-06-01 06:28:40','2016-06-01 08:32:15',0,91),(109,'Chromium Oxide','2016-06-01 08:33:35','2016-06-01 08:34:18',0,91),(110,'Clay','2016-06-01 08:35:41','2016-06-01 08:37:09',0,91),(111,'Cold Lime','2016-06-01 08:39:00','2016-06-01 08:40:26',0,91),(112,'Diammonium Hydrogen Phosphate (DAP)','2016-06-01 08:42:43','2016-06-01 08:44:08',0,91),(113,'Dicalcium Phosphate (DCP)','2016-06-01 08:49:02','2016-06-01 08:49:49',0,91),(114,'Dolomite','2016-06-01 08:51:06','2016-06-01 08:52:44',0,91),(115,'Dry Horns Lead','2016-06-01 08:55:00','2016-06-01 08:55:37',0,91),(116,'Earthen Wares','2016-06-01 08:57:43','2016-06-01 08:58:34',0,91),(117,'Enamel Finished Products','2016-06-01 09:00:13','2016-06-01 09:01:32',0,91),(118,'Enamel Raw Materials','2016-06-01 09:03:31','2016-06-01 09:05:26',0,91),(119,'Active Pharmaceutical Ingredients','2016-06-13 04:54:09','2016-07-21 04:42:42',0,194),(120,'Additives','2016-06-13 05:36:24','2016-06-13 05:36:43',0,91),(121,'Anions Samples','2016-06-13 05:37:28','2016-06-13 05:39:50',0,91),(122,'Compounds (Cytotoxicity)','2016-06-13 07:09:55','2016-06-13 07:10:28',0,91),(123,'Compounds All Types (Elemental)','2016-06-15 05:59:22','2016-06-15 06:00:39',0,91),(124,'Compounds All Types (Mass Spectrum)','2016-06-15 06:03:25','2016-06-15 06:04:31',0,91),(125,'Compounds All Types (NMR)','2016-06-15 06:05:41','2016-06-15 06:17:30',0,91),(126,'Drinks/Beverage','2016-06-15 06:21:50','2016-06-15 06:25:22',0,91),(127,'Feed','2016-06-20 05:43:20','2016-07-21 05:33:58',0,194),(128,'FT-IR Sample','2016-06-20 06:08:31','2016-06-20 06:09:31',0,91),(129,'Herbs/Herbal Products','2016-06-20 06:10:57','2016-07-21 06:04:29',0,194),(130,'1- Napthalic Acid','2016-07-14 09:54:46','2016-07-16 09:38:54',0,194),(131,'Acetic Acid','2016-07-14 09:58:32','2016-07-14 09:59:42',0,194),(132,'Acetic Anhydride','2016-07-14 10:01:06','2016-07-14 10:02:21',0,194),(133,'Acetone ','2016-07-14 10:04:58','2016-07-14 10:05:51',0,194),(134,'Activated Carbon','2016-07-14 10:07:49','2016-07-14 10:09:17',0,194),(135,'Active Pharmaceutical Ingredients','2016-07-14 10:12:34','2016-07-14 10:16:48',0,194),(136,'Adhesive (Natural & Synthetic)','2016-07-14 10:23:45','2016-07-14 10:26:04',0,194),(137,'After Shave Lotion','2016-07-16 05:58:11','2016-07-16 06:01:16',0,194),(138,'After Shave Liquid','2016-07-16 06:06:03','2016-07-16 06:07:18',0,194),(139,'Air (Ambiant air and toxic gas)','2016-07-16 06:09:20','2016-07-24 04:08:56',0,91),(140,'Air (Lead in air)','2016-07-16 07:17:39','2016-07-16 07:19:01',0,194),(141,'Air (Total Acid mist.)','2016-07-16 07:21:01','2016-07-16 07:21:21',0,194),(142,'Air','2016-07-16 07:25:04','2016-07-16 07:27:06',0,194),(143,'Archeological sample','2016-07-16 07:32:32','2016-07-24 04:28:34',0,91),(144,'Air, Ambient air, Compressed air, Urban air (Spot air quality monitoring)*','2016-07-16 07:41:19','2016-07-16 07:43:52',0,194),(145,'Aluminum Chloride','2016-07-16 07:45:02','2016-07-16 07:46:00',0,194),(146,'Aluminum Oxide','2016-07-16 07:46:54','2016-07-16 07:47:35',0,194),(147,'Aluminum Sulfate','2016-07-16 07:48:42','2016-07-16 07:49:03',0,194),(148,'Aluminum Sulfate Hexadecahydrate','2016-07-16 07:50:08','2016-07-16 07:51:00',0,194),(149,'Apron','2016-07-16 09:07:19','2016-07-16 09:09:32',0,194),(150,'Azodicarbonamide ','2016-07-16 09:13:36','2016-07-16 09:15:09',0,194),(151,'Archeological sample','2016-07-16 09:17:04','2016-07-16 09:17:04',0,194),(152,'Algae','2016-07-16 09:17:44','2016-07-16 09:21:21',0,194),(153,'Alkali-salts','2016-07-16 09:27:51','2016-07-24 04:40:02',0,91),(154,'Amplifier','2016-07-17 03:54:47','2016-07-17 03:55:25',0,194),(155,'All types of minerals','2016-07-17 04:02:05','2016-07-17 04:04:13',0,194),(156,'Ball point pen ink','2016-07-17 04:09:45','2016-07-17 04:11:14',0,194),(157,'Barium Nitrate','2016-07-17 04:27:01','2016-07-17 04:29:01',0,194),(158,'Paper and Paper board','2016-07-17 04:30:37','2016-07-17 04:36:06',0,194),(159,'Bentonite','2016-07-17 04:30:40','2016-07-17 04:31:34',0,194),(160,'Benzalkonium chloride (Preservative)','2016-07-17 04:33:38','2016-07-17 04:35:37',0,194),(161,'Benzalkonium chloride (Preservative)','2016-07-17 04:36:52','2016-07-17 04:37:18',0,194),(162,'Benzalkonium chloride (Preservative)','2016-07-17 04:37:51','2016-07-17 04:38:11',0,194),(163,'Paper gum','2016-07-17 04:49:14','2016-07-17 04:50:47',0,194),(164,'Battery','2016-07-17 04:52:30','2016-07-17 04:53:02',0,194),(165,'Battery','2016-07-17 04:55:00','2016-07-24 04:47:58',0,91),(166,'Perfume','2016-07-17 04:57:06','2016-07-17 04:59:57',0,194),(167,'Binders','2016-07-17 05:01:38','2016-07-17 05:03:07',0,194),(168,'Binding Chemical','2016-07-17 05:06:45','2016-07-17 05:09:21',0,194),(169,'petroleum ether','2016-07-17 05:10:17','2016-07-17 05:13:32',0,194),(170,'Biocide','2016-07-17 05:11:27','2016-07-17 05:12:08',0,194),(171,'Bitumen & related products','2016-07-17 05:14:29','2016-07-17 05:27:04',0,194),(172,'plastic','2016-07-17 05:15:59','2016-07-17 05:20:37',0,194),(173,'platinum','2016-07-17 05:23:44','2016-07-17 05:27:50',0,194),(174,'paper sample','2016-07-17 05:28:36','2016-07-17 05:32:30',0,194),(175,'Bleaching Powder','2016-07-17 05:32:56','2016-07-17 05:33:41',0,194),(176,'Body Lotion','2016-07-17 05:35:25','2016-07-17 05:39:25',0,194),(177,'plastic resins','2016-07-17 05:35:45','2016-07-17 05:39:58',0,194),(178,'Petrochemical products','2016-07-17 05:42:08','2016-07-17 05:49:02',0,194),(179,'Body Oil','2016-07-17 05:48:02','2016-07-17 05:48:45',0,194),(180,'plastic resins','2016-07-17 05:51:59','2016-07-17 05:54:36',0,194),(181,'Borax Decahydrate','2016-07-17 05:52:09','2016-07-17 05:53:06',0,194),(182,'Boric acid','2016-07-17 05:54:13','2016-07-17 05:54:37',0,194),(183,'Bromeet Developer','2016-07-17 05:56:24','2016-07-17 05:58:13',0,194),(184,'Pharmaceutical Raw Materials','2016-07-17 05:58:31','2016-07-17 06:22:22',0,194),(185,'Butachlor Technical','2016-07-17 05:59:24','2016-07-17 06:00:33',0,194),(186,'Bone','2016-07-17 06:01:31','2016-07-17 06:05:09',0,194),(187,'Biomedical Samples and problems','2016-07-17 06:12:03','2016-07-17 06:13:47',0,194),(188,'Calcium Carbonate','2016-07-17 06:16:38','2016-07-17 06:19:17',0,194),(189,'Calcium Chloride','2016-07-17 06:22:27','2016-07-17 06:22:58',0,194),(190,'Calcium Chloride','2016-07-17 06:23:08','2016-07-17 06:24:51',0,194),(191,'Calcium D3 softgel','2016-07-17 06:26:17','2016-07-17 06:27:26',0,194),(192,'Pharmaceuticals Products','2016-07-17 06:29:08','2016-08-07 07:27:13',0,91),(193,'Capacitors, resistors, inductors, ferrite beads, transformers, crystal/ceramic, Liquid material','2016-07-17 06:29:44','2016-07-17 06:31:56',0,194),(194,'Capsaicinoids','2016-07-17 06:34:15','2016-07-17 06:35:45',0,194),(195,'Capacitance','2016-07-17 06:36:44','2016-07-17 06:38:19',0,194),(196,'Carboxy Methyl Cellulose (CMC)','2016-07-17 06:40:54','2016-07-17 06:46:04',0,194),(197,'Caustic Soda','2016-07-17 06:48:39','2016-07-17 06:57:47',0,194),(198,'Pharmaceuticals Polymers','2016-07-17 06:59:44','2016-07-17 07:11:56',0,194),(199,'CBS-1 Paper','2016-07-17 07:01:36','2016-07-17 07:04:55',0,194),(200,'C','2016-07-17 07:10:10','2016-07-25 05:25:58',0,91),(201,'Cement Clinker','2016-07-17 07:11:39','2016-07-17 07:12:10',0,194),(202,'Cementious material','2016-07-17 08:40:14','2016-07-17 08:40:58',0,194),(203,'Current (Direct/Alternating)','2016-07-17 08:42:36','2016-07-17 08:42:56',0,194),(204,'Ceramics','2016-07-17 08:44:33','2016-07-17 08:47:03',0,194),(205,'Concrete','2016-07-17 08:52:08','2016-07-17 08:53:30',0,194),(206,'Pharmaceuticals Products','2016-07-17 08:52:34','2016-07-17 08:54:58',0,194),(207,'Cement','2016-07-17 08:57:22','2016-07-25 05:26:41',0,91),(208,'Plant extract','2016-07-17 08:57:45','2016-07-17 09:02:17',0,194),(209,'Cupper','2016-07-17 08:59:38','2016-07-17 09:00:53',0,194),(210,'Capacitors','2016-07-17 09:02:13','2016-07-17 10:07:46',0,194),(211,'plastic and Polymer','2016-07-17 09:04:25','2016-07-17 09:25:59',0,194),(212,'Crystal resonators','2016-07-17 09:06:55','2016-07-17 09:09:58',0,194),(213,'Ceramic resonators','2016-07-17 09:13:44','2016-07-17 09:14:32',0,194),(214,'Ceramic materials','2016-07-17 09:16:16','2016-07-17 09:16:35',0,194),(215,'Characterization of pigments and paintings to materials','2016-07-17 09:18:15','2016-07-17 09:20:34',0,194),(216,'Characterization of pigments and paintings to ceramics','2016-07-17 09:23:05','2016-07-17 09:24:44',0,194),(217,'Characterization of pigments and paintings to composites','2016-07-17 09:27:27','2016-07-17 09:29:36',0,194),(218,'Conductor','2016-07-17 09:32:12','2016-07-17 09:32:32',0,194),(219,'plastic and Polymer','2016-07-17 09:33:29','2016-07-17 09:51:35',0,194),(220,'Coal','2016-07-17 09:33:52','2016-07-17 09:35:20',0,194),(221,'Chalk Powder','2016-07-17 09:38:41','2016-07-17 09:40:02',0,194),(222,'Chlorinated Paraffin Wax','2016-07-17 09:41:44','2016-07-17 09:43:42',0,194),(223,'Chloroform','2016-07-17 09:46:24','2016-07-17 09:49:06',0,194),(224,'Chlorpropham','2016-07-17 09:51:34','2016-07-17 09:52:49',0,194),(225,'Cigarette paper','2016-07-17 09:55:49','2016-07-17 09:56:39',0,194),(226,'Clay','2016-07-17 09:57:25','2016-07-17 09:57:48',0,194),(227,'Coning Oil','2016-07-17 10:00:26','2016-07-17 10:04:14',0,194),(228,'plastic and Polymer','2016-07-17 10:02:42','2016-07-17 10:02:59',0,194),(229,'POWDER MATERIAL','2016-07-17 10:04:23','2016-07-17 10:04:41',0,194),(230,'plastic resins','2016-07-17 10:06:22','2016-07-17 10:08:02',0,194),(231,'Coaning Oil','2016-07-17 10:10:03','2016-07-17 10:14:04',0,194),(232,'Potash','2016-07-17 10:10:09','2016-07-17 10:11:54',0,194),(233,'Potassium Bi Chromate','2016-07-17 10:13:53','2016-07-17 10:16:13',0,194),(234,'Cppper Nitrate','2016-07-17 10:17:33','2016-07-17 10:17:33',0,194),(235,'Copper Nitrate','2016-07-17 10:17:51','2016-07-17 10:18:59',0,194),(236,'Potassium chlorate','2016-07-17 10:19:37','2016-07-17 10:21:08',0,194),(237,'Cosmetic Oil','2016-07-17 10:20:30','2016-07-17 10:31:54',0,194),(238,'Potassium silicate','2016-07-17 10:22:44','2016-07-17 10:24:43',0,194),(239,'potato starch','2016-07-17 10:26:23','2016-07-17 10:27:25',0,194),(240,'Printer toner','2016-07-17 10:28:59','2016-07-17 10:34:31',0,194),(241,'Cosmetics','2016-07-17 10:35:06','2016-07-17 10:38:37',0,194),(242,'PRINTING INK','2016-07-17 10:38:16','2016-07-17 10:41:00',0,194),(243,'polyethylene glycol/Ethylene glycol/diethylene glycol/etc','2016-07-17 10:44:47','2016-07-17 10:45:14',0,194),(244,'polyethylene glycol/Propylene glycol','2016-07-17 10:49:22','2016-07-17 10:50:13',0,194),(245,'power','2016-07-18 03:56:03','2016-07-18 03:56:17',0,194),(246,'Quaternary Ammonium salt (AVOL PL)','2016-07-18 03:58:50','2016-07-18 04:01:37',0,194),(247,'Cosmetics-After shave gel','2016-07-18 04:02:10','2016-07-18 04:03:16',0,194),(248,'Resistance','2016-07-18 04:02:49','2016-07-18 04:03:46',0,194),(249,'Crashed Bone','2016-07-18 04:07:08','2016-07-18 04:08:00',0,194),(250,'Resinous products(Natural & synthetic resins and their formulation study)','2016-07-18 04:07:36','2016-07-18 04:21:10',0,194),(251,'Cream (cosmetic)','2016-07-18 04:09:47','2016-07-18 04:14:17',0,194),(252,'Creosote oil','2016-07-18 04:21:59','2016-07-18 04:24:43',0,194),(253,'ROCK phosphate','2016-07-18 04:26:12','2016-07-18 04:27:57',0,194),(254,'Crude salt','2016-07-18 04:26:38','2016-07-18 04:28:14',0,194),(255,'Rubber/Rubber Products','2016-07-18 04:29:38','2016-07-18 05:08:23',0,194),(256,'DCDA (Dicyandiamide)','2016-07-18 04:38:27','2016-07-18 04:40:14',0,194),(257,'Detergent Powder','2016-07-18 04:41:28','2016-07-18 04:45:56',0,194),(258,'Dichloromethane','2016-07-18 04:50:51','2016-07-18 04:52:06',0,194),(259,'Diclofenac sodium','2016-07-18 04:54:39','2016-07-18 04:55:25',0,194),(260,'Dicumyl Peroxide','2016-07-18 04:56:24','2016-07-18 04:57:19',0,194),(261,'Different solvents & Oils','2016-07-18 04:59:07','2016-07-18 05:00:23',0,194),(262,'Di-Octyl Phthalate (DOP)','2016-07-18 05:05:30','2016-07-18 05:06:55',0,194),(263,'Dolomite','2016-07-18 05:08:19','2016-07-18 05:10:41',0,194),(264,'D-trans-allithrin','2016-07-18 05:11:32','2016-07-18 05:12:24',0,194),(265,'Dyes & Pigments','2016-07-18 05:13:45','2016-07-18 05:15:09',0,194),(266,'Rubber Latex','2016-07-18 05:18:54','2016-07-18 05:23:16',0,194),(267,'Resistors','2016-07-18 05:26:09','2016-07-18 05:27:53',0,194),(268,'Refractory materials','2016-07-18 05:38:32','2016-07-18 05:39:11',0,194),(269,'sediment and river bed sediment','2016-07-18 05:43:21','2016-07-18 06:19:49',0,194),(270,'Dockyard sample','2016-07-18 05:52:07','2016-07-18 05:53:37',0,194),(271,'Drug pellet','2016-07-18 05:55:47','2016-07-18 05:58:50',0,194),(272,'Water/Drinking Water (5)','2016-07-18 06:01:55','2016-12-19 20:39:17',0,91),(273,'Dielectric material','2016-07-18 06:03:29','2016-07-18 06:05:33',0,194),(274,'Diodes','2016-07-18 06:13:48','2016-07-18 06:14:27',0,194),(275,'Dry cell','2016-07-18 06:15:22','2016-07-18 06:16:20',0,194),(276,'Enzymatic preparation','2016-07-18 06:18:27','2016-07-18 06:20:04',0,194),(277,'Essential oil','2016-07-18 06:21:46','2016-07-18 06:22:52',0,194),(278,'Ethanol/Alcohol','2016-07-18 06:24:12','2016-07-18 06:26:07',0,194),(279,'Ethyl acetate','2016-07-18 06:30:40','2016-07-18 06:42:40',0,194),(280,'Shampoo','2016-07-18 06:38:30','2016-07-18 06:41:18',0,194),(281,'Face Wash','2016-07-18 06:45:18','2016-07-18 06:46:58',0,194),(282,'Shaving foam(As per BCSIR)','2016-07-18 06:49:31','2016-07-18 06:56:17',0,194),(283,'Fatty oil','2016-07-18 06:50:16','2016-07-18 06:52:35',0,194),(284,'Ferrous Sulfate','2016-07-18 06:57:18','2016-07-18 06:58:05',0,194),(285,'F','2016-07-18 06:59:41','2016-07-25 06:31:46',0,91),(286,'Shaving gel','2016-07-18 07:07:19','2016-07-18 07:10:44',0,194),(287,'Shoe polish','2016-07-18 07:16:37','2016-07-18 07:18:27',0,194),(288,'Fertilizer','2016-07-18 08:52:46','2016-07-25 06:31:07',0,91),(289,'Skin toner','2016-07-18 09:19:01','2016-07-18 09:20:34',0,194),(290,'Skin','2016-07-18 09:24:46','2016-07-18 09:27:22',0,194),(291,'Fertilizer-organic','2016-07-18 10:10:26','2016-07-18 10:10:48',0,194),(292,'Finished Lather','2016-07-18 10:12:21','2016-07-18 10:13:08',0,194),(293,'Ferrite beads','2016-07-18 10:15:28','2016-07-18 10:19:04',0,194),(294,'Fluorescent Bighting Agent','2016-07-18 10:27:20','2016-07-18 10:30:08',0,194),(295,'Forever Kids','2016-07-18 10:32:22','2016-07-18 10:33:02',0,194),(296,'Formalin','2016-07-18 10:34:01','2016-07-18 10:34:35',0,194),(297,'Formic acid','2016-07-18 10:35:40','2016-07-18 10:36:09',0,194),(298,'FT-IR sample','2016-07-18 10:37:04','2016-07-18 10:37:37',0,194),(299,'Frequency','2016-07-18 10:38:35','2016-07-18 10:38:52',0,194),(300,'Sludge','2016-07-19 04:07:10','2016-07-19 04:32:51',0,194),(301,'Geological sample','2016-07-19 04:08:26','2016-07-19 04:11:36',0,194),(302,'Gibberalic acid','2016-07-19 04:19:54','2016-07-19 04:21:09',0,194),(303,'Glass','2016-07-19 04:23:30','2016-07-19 04:24:59',0,194),(304,'Gold','2016-07-19 04:31:12','2016-07-19 04:31:59',0,194),(305,'Glauber Salts','2016-07-19 04:33:30','2016-07-19 04:41:51',0,194),(306,'Glutamic Acid','2016-07-19 04:35:23','2016-07-19 04:35:23',0,194),(307,'Glutamic Acid','2016-07-19 04:43:48','2016-07-19 04:43:48',0,194),(308,'Snow','2016-07-19 04:49:15','2016-07-19 04:55:04',0,194),(309,'Glutamic Acid','2016-07-19 04:49:35','2016-07-19 04:50:42',0,194),(310,'Glycerin','2016-07-19 04:55:44','2016-07-19 04:58:36',0,194),(311,'Glyphosate','2016-07-19 05:01:22','2016-07-19 05:02:34',0,194),(312,'Hair conditioner','2016-07-19 05:05:17','2016-07-19 05:07:22',0,194),(313,'Hair gel','2016-07-19 05:08:29','2016-07-19 05:10:33',0,194),(314,'Soap(Laundry)','2016-07-19 05:08:55','2016-07-19 05:18:17',0,194),(315,'Hair oil','2016-07-19 05:12:38','2016-07-19 05:13:48',0,194),(316,'Hair oil','2016-07-19 05:18:41','2016-07-19 05:18:59',0,194),(317,'Hair','2016-07-19 05:20:06','2016-07-19 05:23:31',0,194),(318,'Soap(Toilet)','2016-07-19 05:32:43','2016-07-19 08:24:03',0,194),(319,'Herbs/Herbal Products','2016-07-19 06:31:30','2016-07-19 06:34:53',0,194),(320,'Hydrochloric acid','2016-07-19 06:38:34','2016-07-19 06:38:56',0,194),(321,'Hydrozen peroxide','2016-07-19 06:39:48','2016-07-19 06:40:28',0,194),(322,'Hydrose','2016-07-19 06:41:12','2016-07-19 06:41:48',0,194),(323,'Ibruprofen','2016-07-19 06:42:53','2016-07-19 06:44:51',0,194),(324,'Indelible Ink Pen (for National Election Commission)','2016-07-19 06:46:33','2016-07-19 06:48:01',0,194),(325,'Insulator','2016-07-19 06:49:03','2016-07-19 06:49:15',0,194),(326,'Inductors','2016-07-19 06:50:05','2016-07-19 06:50:53',0,194),(327,'IC','2016-07-19 06:54:00','2016-07-19 06:54:14',0,194),(328,'Inorganic pigments','2016-07-19 06:55:57','2016-07-19 06:56:11',0,194),(329,'IPS/UPS','2016-07-19 06:57:04','2016-07-19 06:58:15',0,194),(330,'Sodium Alginate','2016-07-19 08:30:03','2016-07-19 08:33:54',0,194),(331,'Sodium Bicarbonate','2016-07-19 08:38:12','2016-07-19 08:38:57',0,194),(332,'Sodium Carbonate (Soda Ash)','2016-07-19 08:40:32','2016-08-03 04:45:23',0,91),(333,'Sodium Chloride','2016-07-19 08:42:06','2016-07-19 08:44:51',0,194),(334,'Sodium Dichromate','2016-07-19 08:46:20','2016-07-19 08:47:40',0,194),(335,'Sodium hydroxide','2016-07-19 08:49:15','2016-07-19 08:52:56',0,194),(336,'Sodium sacharin','2016-07-19 08:55:10','2016-07-19 08:56:32',0,194),(337,'Sodium Sulfate(dyeing salt)','2016-07-19 08:57:58','2016-07-19 08:59:16',0,194),(338,'sodium sulfite','2016-07-19 09:00:30','2016-07-19 09:01:07',0,194),(339,'Soil','2016-07-19 09:02:03','2016-08-28 06:20:08',0,91),(340,'Jute/Jute Products','2016-07-19 09:06:50','2016-07-19 10:11:43',0,194),(341,'solid dosage form(herbals)','2016-07-19 09:48:45','2016-07-19 09:52:18',0,194),(342,'solid dosage form(Pharmaceuticals)','2016-07-19 09:53:50','2016-08-07 08:50:30',0,91),(343,'Solid materials( coke breeze,magnetic,dielectric etc)','2016-07-19 09:59:32','2016-08-07 08:54:53',0,91),(344,'Jute/Jute Products (Public)','2016-07-19 10:06:31','2016-07-19 10:07:10',0,194),(345,'Jute/Jute Products (Govt.)','2016-07-19 10:08:48','2016-07-19 10:09:00',0,194),(346,'Solvents','2016-07-19 10:11:33','2016-07-20 04:10:52',0,194),(347,'spindle tap','2016-07-19 10:22:37','2016-07-19 10:23:53',0,194),(348,'spot remover chemical','2016-07-19 10:25:13','2016-08-10 07:28:30',0,91),(349,'STAMP PAD INK','2016-07-19 10:27:43','2016-07-19 10:29:13',0,194),(350,'starch','2016-07-19 10:30:35','2016-08-10 07:33:58',0,91),(351,'Sugar','2016-07-19 10:32:38','2016-08-10 07:35:45',0,91),(352,'Sulphur','2016-07-19 10:34:57','2016-08-10 07:38:58',0,91),(353,'sulphuric Acid','2016-07-19 10:37:59','2016-08-10 07:39:51',0,91),(354,'super glue','2016-07-19 10:40:02','2016-07-19 10:42:06',0,194),(355,'Synthetic adhesive','2016-07-19 10:44:38','2016-08-10 07:41:10',0,91),(356,'semiconductor','2016-07-20 04:05:35','2016-07-20 04:08:31',0,194),(357,'storage battery','2016-07-20 04:13:33','2016-07-20 04:13:58',0,194),(358,'solid','2016-07-20 04:15:11','2016-08-10 07:43:44',0,91),(359,'Talcum powder','2016-07-20 04:18:21','2016-08-04 05:39:04',0,91),(360,'Textile chemicals','2016-07-20 04:20:28','2016-08-10 07:46:38',0,91),(361,'Textile Fabrics','2016-07-20 04:28:49','2016-07-20 05:37:14',0,194),(362,'Knitting Oil','2016-07-20 04:47:30','2016-07-20 04:50:49',0,194),(363,'Kumulus DF','2016-07-20 04:56:06','2016-07-20 04:57:12',0,194),(364,'Leather adhesive','2016-07-20 04:58:05','2016-07-20 05:03:40',0,194),(365,'Leather sample','2016-07-20 05:08:40','2016-07-20 05:08:50',0,194),(366,'Leather (Raw)','2016-07-20 05:09:51','2016-07-20 05:10:29',0,194),(367,'Leather Tanning Chemicals','2016-07-20 05:12:59','2016-07-20 05:14:17',0,194),(368,'Lime lumps','2016-07-20 05:15:36','2016-07-20 05:16:30',0,194),(369,'Lime stone','2016-07-20 05:17:44','2016-09-25 14:34:50',0,91),(370,'Liquid detergent','2016-07-20 05:19:53','2016-07-20 05:24:01',0,194),(371,'Textile printing ink','2016-07-20 05:40:58','2016-07-20 05:43:08',0,194),(372,'Textile Effluents','2016-07-20 05:48:23','2016-08-11 07:34:52',0,91),(373,'Than Clay','2016-07-20 05:53:25','2016-08-11 07:36:56',0,91),(374,'Thin film','2016-07-20 05:55:09','2016-07-20 05:56:30',0,194),(375,'thiner','2016-07-20 06:00:34','2016-07-20 06:01:59',0,194),(376,'THIOGLYCOLIC ACID','2016-07-20 06:09:38','2016-08-11 07:40:15',0,91),(377,'Titanium di-oxide','2016-07-20 06:11:42','2016-07-20 06:12:22',0,194),(378,'Liquid soap / Hand wash','2016-07-20 06:12:05','2016-07-25 09:39:25',0,91),(379,'Teeth','2016-07-20 06:13:25','2016-07-20 06:15:02',0,194),(380,'Transformers','2016-07-20 06:19:50','2016-08-14 09:00:16',0,91),(381,'Lithium Bromide','2016-07-20 06:22:47','2016-07-20 06:25:39',0,194),(382,'transistors','2016-07-20 06:24:01','2016-07-20 06:24:16',0,194),(383,'Tobacco','2016-07-20 06:26:19','2016-08-14 09:03:34',0,91),(384,'Lotion','2016-07-20 06:26:30','2016-07-20 06:27:27',0,194),(385,'Lubricating Oil','2016-07-20 06:28:25','2016-07-20 06:32:43',0,194),(386,'Laminated board','2016-07-20 06:38:23','2016-07-20 06:39:07',0,194),(387,'Magnesium Oxide','2016-07-20 06:40:42','2016-07-20 06:42:06',0,194),(388,'Melamine','2016-07-20 06:43:22','2016-07-20 06:44:30',0,194),(389,'MEKOP (Phthalate)','2016-07-20 06:45:41','2016-07-20 06:46:18',0,194),(390,'Melamine Tableware','2016-07-20 06:47:40','2016-07-20 06:48:21',0,194),(391,'Meta nitro benzene sodium sulphonate','2016-07-20 06:50:00','2016-07-20 06:51:01',0,194),(392,'Methanol','2016-07-20 06:51:57','2016-07-20 06:53:01',0,194),(393,'Metal','2016-07-20 06:55:18','2016-07-20 06:56:14',0,194),(394,'Mortar','2016-07-20 06:57:57','2016-07-20 06:58:31',0,194),(395,'Mineral','2016-07-20 06:59:57','2016-07-20 07:00:54',0,194),(396,'Minwerals','2016-07-20 07:02:51','2016-07-20 07:04:26',0,194),(397,'Minerals','2016-07-20 07:05:39','2016-07-20 07:05:46',0,194),(398,'Magnetic material','2016-07-20 07:06:35','2016-07-20 07:06:46',0,194),(399,'Multi-chip modules or array/network componenets','2016-07-20 07:08:06','2016-07-20 07:08:53',0,194),(400,'Multilayer solid','2016-07-20 07:10:52','2016-07-27 05:37:09',0,91),(401,'Mikrofine PT (Blowing agent)','2016-07-20 07:13:56','2016-07-20 07:15:32',0,194),(402,'Mineral oil','2016-07-20 07:16:38','2016-07-20 07:17:43',0,194),(403,'Mineral sample','2016-07-20 07:18:27','2016-07-20 07:18:40',0,194),(404,'Mono sodium Glutamate','2016-07-20 07:20:07','2016-07-20 07:20:37',0,194),(405,'Monotelukast Na','2016-07-20 07:21:44','2016-07-20 07:22:10',0,194),(406,'Mortar soil','2016-07-20 07:23:02','2016-07-20 07:23:09',0,194),(407,'Mosquito repellent agent/coil','2016-07-20 07:24:28','2016-07-20 07:25:28',0,194),(408,'Mosquito repellent cream','2016-07-20 07:26:08','2016-07-20 07:26:38',0,194),(409,'Multi Purpose Solution','2016-07-20 07:27:30','2016-07-20 07:28:33',0,194),(410,'Natural gum','2016-07-20 08:38:16','2016-07-20 08:42:47',0,194),(411,'n-Butanol','2016-07-20 08:45:46','2016-07-20 08:46:52',0,194),(412,'n-Hexane','2016-07-20 08:49:01','2016-07-20 08:49:47',0,194),(413,'Nail','2016-07-20 08:51:12','2016-07-20 08:53:35',0,194),(414,'Natural leaves','2016-07-20 08:56:48','2016-07-20 09:00:13',0,194),(415,'Nitric Acid','2016-07-20 09:04:44','2016-07-20 09:05:23',0,194),(416,'Non erasable ink','2016-07-20 09:06:05','2016-07-20 09:06:34',0,194),(417,'Organic compounds','2016-07-20 09:07:25','2016-07-20 09:10:09',0,194),(418,'Organic liquid','2016-07-20 09:14:26','2016-07-27 05:50:48',0,91),(419,'Organic solid','2016-07-20 09:20:50','2016-07-27 05:51:59',0,91),(420,'Organic Fertilizer','2016-07-20 09:25:52','2016-07-27 05:56:12',0,91),(421,'Organic solvents','2016-07-20 09:45:52','2016-07-20 09:47:00',0,194),(422,'Oil','2016-07-20 09:48:47','2016-07-27 06:00:08',0,91),(423,'Ornamental sample','2016-07-20 09:54:13','2016-07-20 09:54:23',0,194),(424,'Oxalic acid','2016-07-20 09:55:14','2016-07-20 09:55:47',0,194),(425,'Paint, Varnish, Lacquer & Adhesive products and formulation study','2016-07-20 09:57:18','2016-07-20 10:14:39',0,194),(426,'Paper and Paper board','2016-07-20 10:19:34','2016-07-20 10:21:38',0,194),(427,'Tooth Paste','2016-07-21 03:38:49','2016-07-21 03:42:36',0,194),(428,'Tooth powder','2016-07-21 03:49:31','2016-07-21 03:56:11',0,194),(429,'Tooth powder','2016-07-21 03:55:41','2016-07-21 03:55:41',0,194),(430,'Transformation oil','2016-07-21 03:58:46','2016-07-21 03:59:12',0,194),(431,'Uncoated calcium carbonate','2016-07-21 04:00:02','2016-08-14 09:13:55',0,91),(432,'Uptan','2016-07-21 04:01:48','2016-08-14 09:14:35',0,91),(433,'Varactor diode','2016-07-21 04:05:13','2016-07-21 04:06:48',0,194),(434,'Voltage (Direct/Alternating)','2016-07-21 04:08:30','2016-08-14 09:15:42',0,91),(435,'Washing Chemical/cleaning agent','2016-07-21 04:10:46','2016-08-14 09:16:46',0,91),(436,'Waste water/Effluent water/water','2016-07-21 04:14:00','2016-08-14 09:26:49',0,91),(437,'WATER TREATMENT CHEMICAL','2016-07-21 05:07:02','2016-07-21 05:10:06',0,194),(438,'Wettable sulfur','2016-07-21 05:15:05','2016-08-14 09:29:58',0,91),(439,'Wetting chemical','2016-07-21 05:16:15','2016-08-14 09:32:00',0,91),(440,'Wood adhesive','2016-07-21 05:18:23','2016-07-21 05:19:03',0,194),(441,'Wood shiner','2016-07-21 05:22:21','2016-08-14 09:33:15',0,91),(442,'Wood sample','2016-07-21 05:24:08','2016-07-21 05:24:56',0,194),(443,'Compounds (Cytotoxicity)','2016-07-21 05:24:58','2016-07-21 05:25:26',0,194),(444,'Zeolite 4A','2016-07-21 05:28:36','2016-07-21 05:29:32',0,194),(445,'oxide','2016-07-21 05:31:15','2016-08-14 09:34:21',0,91),(446,'oxide','2016-07-21 05:36:42','2016-08-14 09:34:46',0,91),(447,'Solvent Residual','2016-07-21 05:47:00','2016-07-21 06:03:22',0,194),(448,'Natural Product Compounds','2016-07-21 06:08:52','2016-07-24 05:07:23',0,194),(449,'Solvents (purity)','2016-07-21 06:16:11','2016-07-21 06:18:05',0,194),(450,'Synthetic  compounds','2016-07-21 06:25:22','2016-08-21 04:19:25',0,194),(451,'Vegetables','2016-07-21 10:02:39','2016-08-21 04:34:40',0,194),(452,'Vitamins','2016-07-21 10:26:21','2016-08-21 04:35:38',0,194),(453,'Volatile organic Carbon(VOC)','2016-07-21 10:30:36','2016-08-21 04:39:26',0,194),(454,'Waste water/Effluent water (1)','2016-07-24 04:12:57','2016-12-12 20:47:39',0,708),(455,'Pesticides Residue','2016-07-24 05:08:37','2016-07-24 05:09:55',0,194),(456,'Pharmaceutical Raw Materials','2016-07-24 05:12:59','2016-07-24 05:23:14',0,194),(457,'Poly Aromatic Hydrocarbon (PAH)','2016-07-24 05:30:02','2016-07-24 05:34:42',0,194),(458,'Poly Chlorinated biphenyl (PCB)','2016-07-24 05:36:29','2016-07-24 05:38:45',0,194),(459,'Sample all types (Heavy metals)','2016-07-24 05:40:26','2016-07-24 05:58:14',0,194),(460,'Sample all types (metals)','2016-07-24 05:59:56','2016-08-18 04:51:58',0,91),(461,'Baby food','2016-07-24 08:32:40','2016-07-24 08:57:57',0,194),(462,'Banaspati/Dalda','2016-07-24 09:03:25','2016-07-24 09:10:32',0,194),(463,'Besan/Chikpea Powder','2016-07-24 09:12:16','2016-07-24 09:13:37',0,194),(464,'Biscuit','2016-07-24 09:18:20','2016-08-29 10:22:39',0,91),(465,'Biscuit (High Energy)','2016-07-24 10:07:54','2016-11-30 01:20:27',0,91),(466,'Water/Drinking water (1)','2016-07-25 04:10:31','2016-12-19 20:34:55',0,91),(467,'Black Cumin Seed Oil','2016-07-25 04:13:04','2016-07-25 04:46:57',0,194),(468,'Bubble gum','2016-07-25 04:48:58','2016-07-25 04:50:18',0,194),(469,'Butter','2016-07-25 04:52:07','2016-07-25 04:54:18',0,194),(470,'Cake','2016-07-25 04:58:54','2016-08-29 10:38:11',0,91),(471,'Canned Meat','2016-07-25 05:09:26','2016-07-25 05:24:23',0,194),(472,'Chanachur','2016-07-25 05:33:50','2016-07-25 05:39:16',0,194),(473,'Chewing Gum','2016-07-25 05:44:56','2016-07-25 06:13:18',0,194),(474,'Chicken','2016-07-25 06:15:42','2016-07-25 06:16:48',0,194),(475,'Chilli (Whole/Powder)','2016-07-25 06:20:08','2016-11-20 20:20:01',0,91),(476,'Chips','2016-07-25 06:21:51','2016-07-25 06:52:53',0,194),(477,'Cocoa Powder','2016-07-25 06:54:31','2016-07-25 06:55:33',0,194),(478,'Coconut Oil','2016-07-25 06:57:54','2016-07-25 09:20:53',0,194),(479,'Coffee','2016-07-25 09:25:25','2016-07-25 09:34:12',0,194),(480,'Condensed Milk','2016-07-25 09:40:39','2016-07-25 09:48:34',0,194),(481,'Corn Flakes','2016-07-25 09:54:01','2016-07-25 10:05:18',0,194),(482,'Crab','2016-07-25 10:09:36','2016-07-25 10:19:24',0,194),(483,'Cumin (whole)','2016-07-25 10:20:44','2016-07-25 10:21:01',0,194),(484,'Dal (All types)','2016-07-25 10:24:32','2016-07-25 10:32:34',0,194),(485,'Food','2016-07-26 03:52:48','2016-07-26 10:17:22',0,194),(486,'Food color','2016-07-26 04:18:27','2016-07-26 05:00:47',0,194),(487,'Fortified Foods','2016-07-26 04:23:58','2016-08-31 10:07:23',0,91),(488,'Dehydrated Garlic','2016-07-26 04:51:16','2016-07-26 04:51:37',0,194),(489,'Dried Fish','2016-07-26 04:53:10','2016-07-26 05:16:57',0,194),(490,'Food Additives','2016-07-26 05:01:32','2016-07-26 05:45:46',0,194),(491,'Dried Fruit','2016-07-26 05:18:55','2016-07-26 05:24:07',0,194),(492,'Dried Vegetables','2016-07-26 05:26:03','2016-07-26 05:27:27',0,194),(493,'Drinks/Beverage','2016-07-26 05:34:35','2016-07-26 06:02:55',0,194),(494,'Fried Dal/Pulse','2016-07-26 05:48:01','2016-07-26 05:49:58',0,194),(495,'Fruit (all type)','2016-07-26 06:01:12','2016-08-31 10:24:00',0,91),(496,'Fast food item','2016-07-26 06:05:06','2016-07-26 06:21:37',0,194),(497,'Feed','2016-07-26 06:22:50','2016-08-29 12:24:14',0,91),(498,'Fermented Mash/Fermented Food','2016-07-26 06:58:28','2016-07-26 06:58:49',0,194),(499,'Fish','2016-07-26 06:59:40','2016-08-29 12:25:21',0,91),(500,'Fruit Drink','2016-07-26 06:59:47','2016-07-26 07:12:11',0,194),(501,'Flour/Atta/Moida','2016-07-26 07:12:55','2016-07-26 10:14:50',0,194),(502,'Fish products','2016-07-26 09:12:55','2016-07-26 09:14:21',0,194),(503,'Food','2016-07-26 09:18:24','2016-07-26 10:24:57',0,194),(504,'Fruit Juice','2016-07-26 09:38:14','2016-08-31 11:00:21',0,91),(505,'Fruit Pulp','2016-07-27 03:54:26','2016-07-27 04:02:01',0,194),(506,'Garlic Paste','2016-07-27 04:08:29','2016-07-27 04:13:53',0,194),(507,'Ghee','2016-07-27 04:14:20','2016-07-27 04:23:09',0,194),(508,'Honey','2016-07-27 04:31:53','2016-07-27 04:53:47',0,194),(509,'Jam/Jelly','2016-07-27 05:23:44','2016-07-27 05:34:05',0,194),(510,'After Shave Lotion','2016-07-27 05:23:58','2016-07-27 05:25:29',0,194),(511,'Aluminium Sulphate Non-Ferric','2016-07-27 05:28:27','2016-07-27 05:35:41',0,194),(512,'Ammonium Sulphate','2016-07-27 05:47:40','2016-07-27 05:53:23',0,194),(513,'Baby Diaper','2016-07-27 06:03:06','2016-07-27 06:04:49',0,194),(514,'Banaspati/Dalda','2016-07-27 06:06:33','2016-09-26 13:39:52',0,91),(515,'Kashundi','2016-07-27 06:10:57','2016-07-27 06:12:48',0,194),(516,'Mango bar','2016-07-27 06:14:43','2016-07-27 06:24:54',0,194),(517,'Besan/Chikpea Powder','2016-07-27 06:33:18','2016-07-27 06:36:39',0,194),(518,'Margarin','2016-07-27 06:39:32','2016-09-05 11:50:19',0,91),(519,'Betal Nut','2016-07-27 06:42:27','2016-07-27 06:43:11',0,194),(520,'meat','2016-07-27 06:44:15','2016-07-27 06:45:15',0,194),(521,'Bio-diesel','2016-07-27 06:44:15','2016-07-27 08:47:06',0,194),(522,'Meat Products','2016-07-27 06:51:18','2016-07-27 06:53:55',0,194),(523,'Milk','2016-07-27 07:02:00','2016-09-19 10:26:42',0,91),(524,'biscuit','2016-07-27 08:51:13','2016-08-29 10:22:11',0,91),(525,'Bitumen','2016-07-27 09:17:55','2016-07-27 09:21:10',0,194),(526,'Blood','2016-07-27 09:26:12','2016-07-27 09:29:42',0,194),(527,'Body Fluids','2016-07-27 09:37:32','2016-07-27 09:41:26',0,194),(528,'Bouillon Cube','2016-07-27 09:48:17','2016-09-26 14:24:33',0,91),(529,'cake','2016-07-27 10:17:39','2016-08-29 10:37:45',0,91),(530,'Calibration Service','2016-07-27 10:23:05','2016-07-27 10:27:02',0,194),(531,'Candy/Lozenges/Toffees','2016-07-27 10:33:13','2016-07-28 04:26:31',0,194),(532,'Molases','2016-07-28 04:03:54','2016-09-19 10:35:31',0,91),(533,'Muri/ Khoi','2016-07-28 04:09:42','2016-09-19 10:55:36',0,91),(534,'Mushroom','2016-07-28 04:15:21','2016-07-28 04:18:28',0,194),(535,'Canned & Bottle Fruit','2016-07-28 04:27:44','2016-07-28 04:31:16',0,194),(536,'Mushroom  products','2016-07-28 04:37:24','2016-09-24 14:16:27',0,91),(537,'Cereal Crops','2016-07-28 04:37:49','2016-07-28 04:38:54',0,194),(538,'Mustard Cake','2016-07-28 04:40:33','2016-09-24 15:13:03',0,91),(539,'Chanachur','2016-07-28 04:41:20','2016-07-28 04:44:15',0,194),(540,'Mustard Oil','2016-07-28 04:43:17','2016-09-24 15:15:57',0,91),(541,'Charcoal','2016-07-28 04:51:06','2016-07-28 04:53:26',0,194),(542,'Cheese','2016-07-28 04:57:59','2016-07-28 05:00:42',0,194),(543,'Noodles/Pasta','2016-07-28 05:10:07','2016-09-24 15:24:05',0,91),(544,'Chewing Gum','2016-07-28 05:11:59','2016-07-28 05:24:05',0,194),(545,'Olive Oil','2016-07-28 05:16:02','2016-09-24 15:33:29',0,91),(546,'Chicken','2016-07-28 05:29:42','2016-07-28 05:34:03',0,194),(547,'Chilli (Whole/Powder)','2016-07-28 05:37:53','2016-07-28 05:39:44',0,194),(548,'Chips','2016-07-28 05:44:22','2016-07-28 05:46:08',0,194),(549,'Coconut Oil','2016-07-28 05:49:40','2016-07-28 05:52:09',0,194),(550,'Coffee','2016-07-28 05:56:17','2016-07-28 09:25:36',0,194),(551,'Ornamental sample','2016-07-28 09:07:32','2016-07-28 09:09:31',0,194),(552,'Oxygen Release Tablet','2016-07-28 09:10:41','2016-09-25 10:32:52',0,91),(553,'Palm oil','2016-07-28 09:18:55','2016-09-25 10:38:04',0,91),(554,'Condensed Milk','2016-07-28 09:26:38','2016-07-28 09:30:31',0,194),(555,'Consultancy','2016-07-28 09:39:50','2016-07-28 09:49:34',0,194),(556,'Consumer Products','2016-07-28 09:52:36','2016-07-28 09:52:49',0,194),(557,'Cosmetic Oil','2016-07-28 09:53:42','2016-07-28 09:53:42',0,194),(558,'Cosmetic Oil','2016-07-28 09:56:36','2016-07-28 09:57:38',0,194),(559,'Cosmetics','2016-07-28 09:59:34','2016-07-28 10:01:38',0,194),(560,'Cream (cosmetic)','2016-07-28 10:07:09','2016-07-28 10:18:03',0,194),(561,'Detergent Powder','2016-07-28 10:22:42','2016-07-30 04:02:25',0,194),(562,'Pickles','2016-07-28 10:25:28','2016-07-28 10:34:48',0,194),(563,'popcorn','2016-07-28 10:41:26','2016-07-31 04:01:10',0,194),(564,'Dialysis Water','2016-07-29 11:36:53','2016-07-30 04:46:30',0,194),(565,'Dried Fruit ','2016-07-30 05:02:00','2016-07-30 05:04:48',0,194),(566,'Drinks/ Beverage  ','2016-07-30 05:15:40','2016-07-30 05:28:45',0,194),(567,'Egg','2016-07-30 05:35:56','2016-07-30 05:45:01',0,194),(568,'Electric Cable','2016-07-30 05:48:19','2016-09-26 14:50:40',0,91),(569,'Electrical Product ','2016-07-30 05:50:56','2016-07-30 05:51:07',0,194),(570,'Feed','2016-07-30 05:52:04','2016-07-30 06:08:50',0,194),(571,'Fertilizer ','2016-07-30 06:30:50','2016-07-30 07:04:09',0,194),(572,'Fish ','2016-07-30 07:10:04','2016-07-30 07:41:50',0,194),(573,'Flour/ Atta / Maida','2016-07-30 08:24:03','2016-07-30 08:33:21',0,194),(574,'Food','2016-07-30 08:37:03','2016-07-30 09:00:19',0,194),(575,'Fruit ( All Type ) ','2016-07-30 09:20:40','2016-07-30 09:43:14',0,194),(576,'Fruit Drink ','2016-07-30 10:35:34','2016-07-30 10:44:32',0,194),(577,'Fruit Juice','2016-07-30 20:19:45','2016-07-31 07:21:42',0,194),(578,'Potato flakes','2016-07-31 04:07:14','2016-09-25 11:16:49',0,91),(579,'Poultry','2016-07-31 04:16:58','2016-09-25 11:21:18',0,91),(580,' Powdered Milk/Infant Formula','2016-07-31 05:02:08','2016-07-31 05:06:38',0,194),(581,'Rice','2016-07-31 05:32:16','2016-09-25 12:14:33',0,91),(582,'Rice Bran Oil','2016-07-31 06:15:10','2016-09-25 13:15:29',0,91),(583,'Saline/Tasty saline','2016-07-31 06:33:57','2016-07-31 06:41:20',0,194),(584,'Salt/ Iodized salt','2016-07-31 06:54:52','2016-07-31 06:56:54',0,194),(585,'Seasoning paste','2016-07-31 07:01:42','2016-07-31 07:02:54',0,194),(586,'salt/ketch up','2016-07-31 07:16:57','2016-07-31 07:17:16',0,194),(587,'sauce/ketch up','2016-07-31 07:19:10','2016-07-31 07:19:27',0,194),(588,'Glucose/ Dextrose ','2016-07-31 07:25:59','2016-07-31 07:30:21',0,194),(589,'Hair Dye ','2016-07-31 07:33:25','2016-07-31 07:35:38',0,194),(590,'Honey','2016-07-31 07:37:02','2016-07-31 08:28:00',0,194),(591,'Sesame oil/seed','2016-07-31 09:58:56','2016-09-25 13:56:49',0,91),(592,'Shemai/laccha','2016-07-31 10:10:52','2016-09-25 14:01:55',0,91),(593,'Shrimp','2016-07-31 10:26:11','2016-09-25 14:12:32',0,91),(594,'Soya Meal','2016-08-01 04:20:35','2016-08-01 04:21:48',0,194),(595,'Soyabean Oil','2016-08-01 04:23:21','2016-09-25 14:58:20',0,91),(596,'Spices','2016-08-01 04:38:42','2016-09-25 15:00:23',0,91),(597,'Spirulina','2016-08-02 03:44:44','2016-09-25 15:02:30',0,91),(598,'Sugar','2016-08-02 03:47:32','2016-09-25 15:11:16',0,91),(599,'Suji/ semolina','2016-08-02 03:59:01','2016-09-25 15:14:48',0,91),(600,'Sunflower Oil','2016-08-02 04:16:36','2016-09-25 15:21:47',0,91),(601,'Tea','2016-08-02 04:25:41','2016-09-25 15:39:29',0,91),(602,'Toast','2016-08-02 04:32:27','2016-08-02 04:32:41',0,194),(603,'tobacco ','2016-08-02 04:33:23','2016-08-02 04:34:53',0,194),(604,'Turmeric powder','2016-08-02 04:44:29','2016-08-02 04:45:39',0,194),(605,'Vegetables candy','2016-08-02 04:47:00','2016-08-02 04:47:57',0,194),(606,'Vegetables','2016-08-02 04:49:43','2016-09-25 16:25:13',0,91),(607,'Waste water/Effluent water (2)','2016-08-02 05:30:44','2016-12-19 20:38:45',0,91),(608,'Water/Drinking water (2)','2016-08-02 05:39:06','2016-12-19 20:38:05',0,91),(609,'Wheat','2016-08-02 06:28:08','2016-09-26 12:58:37',0,91),(610,'Wheat Flour','2016-08-02 09:25:49','2016-08-02 09:26:08',0,194),(611,'Yoghurt','2016-08-02 09:26:49','2016-09-26 13:25:06',0,91),(612,'Honey','2016-08-02 09:53:12','2016-09-26 15:21:13',0,91),(613,'inorganic chemicals','2016-08-02 10:04:28','2016-09-27 12:16:35',0,91),(614,'LABANG/LASSI','2016-08-02 10:19:48','2016-09-27 12:20:01',0,91),(615,'lipstick','2016-08-02 10:29:07','2016-09-27 12:20:59',0,91),(616,'meat','2016-08-02 10:30:48','2016-09-27 12:24:23',0,91),(617,'Ice-Cream','2016-08-03 04:32:38','2016-08-03 04:34:08',0,194),(618,'Jam/Jelly','2016-08-03 04:42:17','2016-09-27 12:18:27',0,91),(619,'mehedi','2016-08-03 04:49:27','2016-08-03 04:49:55',0,194),(620,'Metals and Alloys','2016-08-03 04:50:38','2016-08-03 04:50:50',0,194),(621,'milk','2016-08-03 04:51:11','2016-08-03 04:51:11',0,194),(622,'milk','2016-08-03 04:51:12','2016-09-27 12:27:19',0,91),(623,'Mosquito  net','2016-08-03 05:59:24','2016-08-03 06:02:57',0,194),(624,'Mosquito  repellent agent/coil','2016-08-03 06:05:08','2016-08-03 06:06:00',0,194),(625,'MUri/khoi','2016-08-03 06:06:55','2016-08-03 06:40:57',0,194),(626,'Mustard Oil','2016-08-03 06:10:43','2016-09-27 12:28:59',0,91),(627,'Noodles/Pasta','2016-08-03 06:14:51','2016-09-27 11:20:51',0,91),(628,'Palm oil','2016-08-03 06:18:56','2016-09-27 12:31:41',0,91),(629,'Pesticides','2016-08-03 06:43:42','2016-09-27 12:32:43',0,91),(630,'Pharmaceuticals Products','2016-08-03 07:19:40','2016-09-27 12:37:39',0,91),(631,'Pickles','2016-08-03 09:53:21','2016-08-03 09:56:58',0,194),(632,'Plant Growth Regulator','2016-08-03 09:59:35','2016-09-27 12:39:01',0,91),(633,'plastic and Polymer','2016-08-03 10:12:10','2016-08-03 10:13:59',0,194),(634,'Powdered drink','2016-08-03 10:16:32','2016-09-28 10:08:15',0,91),(635,'Powdered Milk/Infant Formula','2016-08-03 10:24:26','2016-09-28 10:11:34',0,91),(636,'Prawn','2016-08-03 10:53:55','2016-09-28 10:18:18',0,91),(637,'product Validation','2016-08-04 04:20:00','2016-08-04 04:21:34',0,194),(638,'proficiency testing','2016-08-04 04:23:53','2016-08-04 04:29:06',0,194),(639,'Rice','2016-08-04 04:32:38','2016-08-04 04:35:29',0,194),(640,'Rice Bran Wax','2016-08-04 04:39:48','2016-08-04 04:44:11',0,194),(641,'Rice Husk','2016-08-04 04:49:01','2016-09-28 10:19:16',0,91),(642,'Saline/Tasty saline','2016-08-04 05:27:10','2016-09-28 10:32:04',0,91),(643,'Salt/ Iodized salt','2016-08-04 05:41:00','2016-08-04 05:45:15',0,194),(644,'Sand','2016-08-04 05:46:44','2016-09-28 10:34:15',0,91),(645,'sauce/ketch up','2016-08-04 05:57:00','2016-09-28 10:46:17',0,91),(646,'Shampoo','2016-08-04 06:00:59','2016-09-28 10:47:03',0,91),(647,'Shaving CREAM','2016-08-04 06:11:35','2016-08-04 06:27:50',0,194),(648,'Shemai/laccha','2016-08-04 06:33:54','2016-08-04 06:35:56',0,194),(649,'Shoe polish','2016-08-04 06:38:05','2016-08-04 06:39:47',0,194),(650,'Shrimp','2016-08-04 06:41:49','2016-09-28 10:47:43',0,91),(651,'A','2016-08-04 08:51:33','2016-08-04 08:51:33',0,91),(652,'Noodles/Pasta','2016-08-04 08:54:02','2016-09-27 11:26:00',0,91),(653,'Skin Cream','2016-08-04 10:28:40','2016-08-04 10:33:31',0,194),(654,'Soap','2016-08-04 10:40:08','2016-08-04 10:45:35',0,194),(655,'soil','2016-08-07 04:56:45','2016-09-28 10:48:51',0,91),(656,'Soyabean oil','2016-08-07 05:19:35','2016-09-28 10:53:32',0,91),(657,'Spices','2016-08-07 05:39:15','2016-08-07 05:45:07',0,194),(658,'Sugar','2016-08-07 06:04:48','2016-08-07 06:08:15',0,194),(659,'Suji/ semolina','2016-08-07 06:19:27','2016-09-28 10:57:23',0,91),(660,'Sunflower oil','2016-08-07 06:26:31','2016-08-07 06:31:22',0,194),(661,'Synthetic  compounds','2016-08-07 06:45:18','2016-08-07 06:46:00',0,194),(662,'tea','2016-08-07 06:47:26','2016-09-28 10:59:21',0,91),(663,'Textile Fabrics','2016-08-07 07:00:39','2016-09-28 10:59:50',0,91),(664,'tobacco','2016-08-07 07:03:49','2016-08-07 07:04:10',0,194),(665,'Tooth Paste','2016-08-07 07:04:53','2016-09-28 11:00:55',0,91),(666,'Tooth powder','2016-08-07 09:22:46','2016-09-28 11:01:43',0,91),(667,'training program','2016-08-07 09:30:41','2016-08-07 09:35:52',0,194),(668,'Triple Superphosphate','2016-08-07 09:45:38','2016-09-28 11:02:21',0,91),(669,'Turmeric powder','2016-08-07 09:59:26','2016-09-28 11:02:40',0,91),(670,'urine','2016-08-07 10:05:28','2016-08-07 10:12:26',0,194),(671,'Vegetables','2016-08-07 10:16:52','2016-08-08 04:41:08',0,194),(672,'vinegar','2016-08-07 10:39:35','2016-08-08 04:44:28',0,194),(673,'Waste water/Effluent water','2016-08-08 04:47:22','2016-09-28 11:03:53',0,91),(674,'Water/Drinking water','2016-08-08 05:29:52','2016-08-08 05:42:06',0,194),(675,'Yoghurt','2016-08-08 06:09:10','2016-08-08 06:31:12',0,194),(676,'Additivies','2016-08-18 04:39:48','2016-08-18 04:40:09',0,91),(677,'Ginger Paste','2016-09-05 11:24:46','2016-09-05 11:28:45',0,91),(678,'Betel Nut','2016-09-26 13:41:56','2016-09-26 13:44:47',0,91),(679,'Betel Nut','2016-09-26 13:42:03','2016-09-26 13:42:03',0,91),(680,'Coin','2016-09-26 15:31:24','2016-09-26 15:31:24',0,91),(681,'Test sample','2016-09-26 16:27:06','2016-09-26 16:27:06',0,91),(682,'Metals & Alloys','2016-09-27 12:24:48','2016-09-27 12:25:08',0,91),(683,'Stone Aggregate','2016-11-03 00:48:46','2016-11-03 00:54:05',0,91),(684,'Concreate','2016-11-07 21:42:54','2016-11-07 21:43:29',0,91),(685,'Stone','2016-11-09 21:48:03','2016-11-09 21:48:53',0,91),(686,'Pharmaceutical Sample','2016-11-09 22:11:26','2016-11-09 22:12:36',0,91),(687,'Briqutte','2016-11-10 01:18:39','2016-11-10 01:18:39',0,91),(688,'Break oil','2016-11-10 01:34:54','2016-11-10 01:35:44',0,91),(689,'Gear Oil','2016-11-10 22:42:08','2016-11-10 22:42:55',0,708),(690,'Dry Mold','2016-11-24 00:53:01','2016-11-24 00:53:22',0,91),(691,'Dry Plastic','2016-11-24 00:55:03','2016-11-24 00:55:17',0,91),(692,'Sheet Glass','2016-11-28 23:33:09','2016-11-28 23:34:50',0,91);

/*!40101 SET SQL_MODE=@OLD_SQL_MODE */;
/*!40014 SET FOREIGN_KEY_CHECKS=@OLD_FOREIGN_KEY_CHECKS */;
/*!40014 SET UNIQUE_CHECKS=@OLD_UNIQUE_CHECKS */;
/*!40111 SET SQL_NOTES=@OLD_SQL_NOTES */;
